,time,Day_of_week,Sex_of_driver,Area_accident,Type_of_vehicle,Lanes_or_Medians,Types_of_Junction,Road_surface_type,Road_surface_conditions,Light_conditions,Weather_conditions
1604,22:40:00,Tuesday,Male,Other,Stationwagen,One way,Y Shape,Asphalt roads,Dry,Darkness - lights lit,Normal
1605,22:40:00,Tuesday,Male,Residential areas,Other,Two-way (divided with broken lines road marking),Y Shape,Asphalt roads,Dry,Darkness - lights lit,Normal
1606,23:35:00,Tuesday,Male,Residential areas,Automobile,Undivided Two way,Y Shape,Asphalt roads,Dry,Darkness - lights lit,Normal
1607,17:30:00,Tuesday,Male,Residential areas,Pick up upto 10Q,Two-way (divided with broken lines road marking),Y Shape,Asphalt roads,Dry,Daylight,Normal
1608,17:30:00,Tuesday,Male,Other,Motorcycle,other,Y Shape,Asphalt roads,Dry,Daylight,Normal
1609,12:44:00,Wednesday,Male,Other,Automobile,Undivided Two way,Y Shape,Asphalt roads,Dry,Daylight,Normal
1610,12:44:00,Wednesday,Male,Other,Pick up upto 10Q,One way,Y Shape,Asphalt roads,Dry,Daylight,Normal
1611,20:20:00,Thursday,Male, Hospital areas,Motorcycle,Undivided Two way,Y Shape,Asphalt roads,Dry,Darkness - lights lit,Normal
1612,20:20:00,Thursday,Male,Residential areas,Stationwagen,Undivided Two way,Y Shape,Asphalt roads,Dry,Darkness - lights lit,Normal
1613,20:20:00,Thursday,Male,Residential areas,Lorry (41?100Q),One way,Y Shape,Asphalt roads,Dry,Darkness - lights lit,Normal
1614,9:30:00,Wednesday,Male,Residential areas,Taxi,Undivided Two way,Crossing,Asphalt roads,Dry,Daylight,Normal
1615,9:30:00,Wednesday,Unknown,Other,Automobile,Two-way (divided with broken lines road marking),Crossing,Asphalt roads,Dry,Daylight,Normal
1616,14:20:00,Friday,Male,Office areas,Long lorry,Two-way (divided with broken lines road marking),Y Shape,Asphalt roads,Dry,Daylight,Normal
1617,14:20:00,Friday,Male,Other,Automobile,other,Y Shape,Asphalt roads,Dry,Daylight,Normal
1618,21:44:00,Sunday,Male,Office areas,Public (12 seats),Double carriageway (median),Crossing,Asphalt roads,Wet or damp,Darkness - lights lit,Other
1619,21:44:00,Sunday,Male,Residential areas,Lorry (11?40Q),Two-way (divided with broken lines road marking),Crossing,Asphalt roads,Wet or damp,Darkness - lights lit,Other
1620,12:20:00,Thursday,Male,Office areas,Pick up upto 10Q,Double carriageway (median),No junction,Asphalt roads,Dry,Daylight,Normal
1621,8:15:00,Monday,Male,Office areas,Lorry (41?100Q),Double carriageway (median),O Shape,Asphalt roads,Wet or damp,Daylight,Raining
1622,8:15:00,Monday,Male,Other,Other,Double carriageway (median),O Shape,Asphalt roads,Wet or damp,Daylight,Raining
1623,12:55:00,Monday,Male,Office areas,Automobile,Two-way (divided with broken lines road marking),No junction,Asphalt roads,Dry,Daylight,Normal
1625,15:03:00,Tuesday,Male,Office areas,Lorry (11?40Q),One way,No junction,Gravel roads,Dry,Daylight,Normal
1626,15:03:00,Tuesday,Male,Other,Long lorry,Undivided Two way,No junction,Asphalt roads,Dry,Daylight,Normal
1628,11:15:00,Wednesday,Male,Residential areas,Taxi,Two-way (divided with broken lines road marking),Crossing,Asphalt roads,Dry,Daylight,Normal
1629,20:14:00,Wednesday,Male, Church areas,Taxi,Two-way (divided with broken lines road marking),Crossing,Asphalt roads,Dry,Darkness - lights lit,Normal
1630,20:14:00,Wednesday,Male,Other,Long lorry,Two-way (divided with broken lines road marking),Crossing,Asphalt roads,Dry,Darkness - lights lit,Normal
1631,8:55:00,Thursday,Male,Residential areas,Lorry (11?40Q),Two-way (divided with broken lines road marking),Crossing,Asphalt roads,Dry,Daylight,Normal
1632,8:55:00,Thursday,Male,Other,Lorry (11?40Q),Undivided Two way,Crossing,Asphalt roads,Dry,Daylight,Normal
1633,13:23:00,Thursday,Male,Residential areas,Long lorry,Undivided Two way,Y Shape,Asphalt roads,Dry,Daylight,Normal
1634,13:23:00,Thursday,Male,Residential areas,Turbo,Two-way (divided with broken lines road marking),Y Shape,Asphalt roads,Dry,Daylight,Normal
1635,15:35:00,Friday,Male,Other,Long lorry,Two-way (divided with broken lines road marking),Other,Asphalt roads with some distress,Dry,Daylight,Normal
1636,15:35:00,Friday,Male,Other,Long lorry,Two-way (divided with broken lines road marking),Other,Asphalt roads,Dry,Daylight,Normal
1637,16:19:00,Friday,Male,Other,Public (13?45 seats),Undivided Two way,Y Shape,Asphalt roads,Dry,Daylight,Normal
1638,16:19:00,Friday,Male,Other,Automobile,Double carriageway (median),Y Shape,Asphalt roads,Dry,Daylight,Normal
1639,20:40:00,Friday,Male,Residential areas,Automobile,Two-way (divided with broken lines road marking),No junction,Asphalt roads,Dry,Darkness - lights lit,Normal
1640,20:11:00,Saturday,Male,Recreational areas,Pick up upto 10Q,Undivided Two way,Y Shape,Asphalt roads,Dry,Darkness - lights lit,Normal
1642,1:05:00,Sunday,Male,Office areas,Stationwagen,Undivided Two way,No junction,Asphalt roads,Dry,Darkness - lights lit,Normal
1644,8:15:00,Monday,Male,Office areas,Automobile,Undivided Two way,Crossing,Asphalt roads,Dry,Daylight,Normal
1645,8:15:00,Monday,Male,Office areas,Automobile,One way,Crossing,Asphalt roads,Dry,Daylight,Normal
1646,8:45:00,Saturday,Male,Office areas,Long lorry,Undivided Two way,Y Shape,Asphalt roads,Dry,Daylight,Normal
1647,8:45:00,Saturday,Male,Other,Public (13?45 seats),Undivided Two way,Y Shape,Asphalt roads,Dry,Daylight,Normal
1648,17:13:00,Friday,Male,Other,Public (13?45 seats),Double carriageway (median),No junction,Asphalt roads,Dry,Daylight,Normal
1649,16:47:00,Tuesday,Male,Office areas,Lorry (11?40Q),Two-way (divided with solid lines road marking),No junction,Asphalt roads,Dry,Daylight,Normal
1650,13:50:00,Wednesday,Male,Residential areas,Lorry (11?40Q),other,Y Shape,Asphalt roads,Dry,Daylight,Normal
1651,13:50:00,Wednesday,Female,  Recreational areas,Pick up upto 10Q,Undivided Two way,Y Shape,Asphalt roads,Dry,Daylight,Normal
1652,21:05:00,Sunday,Male,Other,Automobile,other,Y Shape,Asphalt roads,Dry,Darkness - lights lit,Normal
1653,17:30:00,Friday,Male,Residential areas,Automobile,other,Y Shape,Asphalt roads,Dry,Daylight,Normal
1654,23:53:00,Wednesday,Male,Other,Automobile,other,Y Shape,Asphalt roads,Dry,Darkness - lights lit,Normal
1655,19:45:00,Saturday,Male,Other,Long lorry,other,Y Shape,Asphalt roads,Dry,Darkness - lights lit,Normal
1656,19:45:00,Saturday,Male,Other,Long lorry,One way,Y Shape,Asphalt roads,Dry,Darkness - lights lit,Normal
1657,16:00:00,Wednesday,Male,Other,Automobile,Two-way (divided with broken lines road marking),Y Shape,Asphalt roads,Dry,Daylight,Normal
1658,16:00:00,Wednesday,Male,Other,Stationwagen,other,Y Shape,Asphalt roads,Dry,Daylight,Normal
1660,21:20:00,Saturday,Male,Office areas,Other,Two-way (divided with broken lines road marking),Crossing,Asphalt roads,Dry,Darkness - lights lit,Normal
1661,16:00:00,Wednesday,Male,Office areas,Special vehicle,Two-way (divided with broken lines road marking),No junction,Asphalt roads,Dry,Daylight,Normal
1662,16:00:00,Wednesday,Male,Office areas,Lorry (41?100Q),Two-way (divided with broken lines road marking),No junction,Asphalt roads,Dry,Daylight,Normal
1664,13:45:00,Thursday,Male,School areas,Lorry (11?40Q),Undivided Two way,Crossing,Asphalt roads,Dry,Daylight,Normal
1665,21:36:00,Tuesday,Male,Office areas,Lorry (41?100Q),Two-way (divided with broken lines road marking),No junction,Asphalt roads,Dry,Darkness - lights lit,Normal
1666,10:42:00,Thursday,Female,Office areas,Motorcycle,Two-way (divided with broken lines road marking),No junction,Asphalt roads,Dry,Daylight,Normal
1667,17:32:00,Thursday,Male,School areas,Automobile,Two-way (divided with broken lines road marking),No junction,Asphalt roads,Dry,Daylight,Normal
1669,12:30:00,Friday,Male,Other,Automobile,Two-way (divided with broken lines road marking),Y Shape,Asphalt roads,Dry,Daylight,Normal
1670,12:30:00,Friday,Male,Other,Stationwagen,Undivided Two way,Y Shape,Asphalt roads,Dry,Daylight,Normal
1672,15:44:00,Friday,Male,Residential areas,Public (> 45 seats),Undivided Two way,No junction,Asphalt roads,Dry,Daylight,Normal
1673,15:44:00,Friday,Male,Other,Public (> 45 seats),Undivided Two way,No junction,Asphalt roads,Dry,Daylight,Normal
1674,8:40:00,Sunday,Male,Other,Stationwagen,Undivided Two way,O Shape,Asphalt roads,Dry,Daylight,Normal
1675,8:40:00,Sunday,Male, Industrial areas,Automobile,Undivided Two way,O Shape,Asphalt roads,Dry,Daylight,Normal
1676,14:03:00,Saturday,Male,  Recreational areas,Bicycle,Undivided Two way,No junction,Asphalt roads,Dry,Daylight,Normal
1677,14:03:00,Saturday,Male, Church areas,Automobile,Two-way (divided with broken lines road marking),No junction,Asphalt roads,Dry,Daylight,Normal
1678,10:29:00,Thursday,Male,Office areas,Lorry (41?100Q),Two-way (divided with broken lines road marking),O Shape,Asphalt roads,Dry,Daylight,Normal
1679,10:29:00,Thursday,Male,Other,Automobile,Two-way (divided with broken lines road marking),O Shape,Asphalt roads,Dry,Daylight,Normal
1680,22:20:00,Friday,Male,Office areas,Public (13?45 seats),Undivided Two way,Y Shape,Asphalt roads,Dry,Darkness - lights lit,Normal
1681,22:20:00,Friday,Male,Office areas,Special vehicle,Two-way (divided with broken lines road marking),Y Shape,Asphalt roads,Dry,Darkness - lights lit,Normal
1682,21:05:00,Friday,Male,Other,Automobile,Two-way (divided with broken lines road marking),Y Shape,Asphalt roads,Dry,Darkness - lights lit,Normal
1683,21:05:00,Friday,Male,Residential areas,Public (13?45 seats),Undivided Two way,Y Shape,Asphalt roads,Dry,Darkness - lights lit,Normal
1685,17:28:00,Saturday,Male,Residential areas,Lorry (41?100Q),other,O Shape,Asphalt roads,Dry,Daylight,Normal
1686,17:28:00,Saturday,Male,School areas,Lorry (41?100Q),Two-way (divided with broken lines road marking),O Shape,Asphalt roads,Dry,Daylight,Normal
1687,0:45:00,Sunday,Female,Office areas,Public (12 seats),Two-way (divided with broken lines road marking),Y Shape,Asphalt roads,Dry,Darkness - lights lit,Normal
1688,14:43:00,Sunday,Male,Other,Lorry (41?100Q),other,Y Shape,Asphalt roads,Dry,Daylight,Normal
1689,16:12:00,Monday,Male,Other,Lorry (41?100Q),Undivided Two way,Crossing,Asphalt roads,Dry,Daylight,Normal
1690,13:00:00,Tuesday,Male, Church areas,Public (12 seats),other,No junction,Asphalt roads,Dry,Daylight,Normal
1691,10:05:00,Tuesday,Unknown,Office areas,Public (> 45 seats),Two-way (divided with broken lines road marking),Crossing,Asphalt roads,Dry,Daylight,Normal
1692,10:05:00,Tuesday,Male,Other,Automobile,Two-way (divided with broken lines road marking),Crossing,Asphalt roads,Dry,Daylight,Normal
1693,21:50:00,Wednesday,Male,Office areas,Pick up upto 10Q,Two-way (divided with broken lines road marking),No junction,Asphalt roads,Wet or damp,Darkness - lights lit,Raining
1694,21:50:00,Wednesday,Male,Office areas,Stationwagen,Two-way (divided with broken lines road marking),No junction,Asphalt roads,Wet or damp,Darkness - lights lit,Raining
1695,8:50:00,Thursday,Male,Office areas,Other,Two-way (divided with broken lines road marking),Crossing,Asphalt roads,Wet or damp,Daylight,Raining
1697,13:10:00,Monday,Male,Office areas,Automobile,Undivided Two way,Y Shape,Asphalt roads,Dry,Daylight,Normal
1698,13:10:00,Monday,Male,Other,Stationwagen,Double carriageway (median),Y Shape,Asphalt roads,Dry,Daylight,Normal
1699,23:32:00,Friday,Male,Other,Pick up upto 10Q,Two-way (divided with broken lines road marking),Y Shape,Asphalt roads,Dry,Darkness - lights lit,Normal
1700,23:32:00,Friday,Male, Church areas,Lorry (41?100Q),Unknown,Y Shape,Asphalt roads with some distress,Dry,Darkness - lights lit,Normal
1701,15:40:00,Sunday,Male,School areas,Automobile,Undivided Two way,No junction,Asphalt roads,Dry,Daylight,Normal
1703,15:40:00,Sunday,Female,Office areas,Lorry (41?100Q),Undivided Two way,No junction,Asphalt roads,Dry,Daylight,Normal
1704,10:22:00,Saturday,Male,Other,Lorry (41?100Q),other,No junction,Asphalt roads,Dry,Daylight,Normal
1705,10:22:00,Saturday,Male, Church areas,Lorry (41?100Q),Two-way (divided with broken lines road marking),No junction,Gravel roads,Dry,Daylight,Normal
1706,16:28:00,Tuesday,Male,Other,Pick up upto 10Q,Double carriageway (median),Y Shape,Asphalt roads,Dry,Darkness - lights lit,Normal
1707,16:28:00,Tuesday,Male,Other,Pick up upto 10Q,Double carriageway (median),Y Shape,Asphalt roads,Dry,Darkness - lights lit,Normal
1708,0:51:00,Monday,Male,Office areas,Automobile,Two-way (divided with broken lines road marking),Crossing,Asphalt roads,Dry,Darkness - lights lit,Normal
1709,0:51:00,Monday,Male,Other,Other,Two-way (divided with broken lines road marking),Crossing,Asphalt roads,Dry,Darkness - lights lit,Normal
1711,11:40:00,Sunday,Male,Residential areas,Automobile,Two-way (divided with broken lines road marking),Y Shape,Asphalt roads,Wet or damp,Daylight,Raining and Windy
1712,17:25:00,Thursday,Male,Office areas,Motorcycle,Two-way (divided with broken lines road marking),Y Shape,Asphalt roads,Dry,Darkness - lights lit,Normal
1713,17:25:00,Thursday,Male, Church areas,Automobile,One way,Y Shape,Asphalt roads,Dry,Darkness - lights lit,Normal
1715,17:05:00,Tuesday,Male,  Market areas,Public (12 seats),other,Crossing,Asphalt roads,Dry,Darkness - lights lit,Normal
1716,18:20:00,Thursday,Male,Other,Long lorry,Two-way (divided with broken lines road marking),Crossing,Asphalt roads,Dry,Darkness - lights lit,Normal
1718,18:20:00,Thursday,Male, Church areas,Automobile,Undivided Two way,Crossing,Asphalt roads,Dry,Darkness - lights lit,Normal
1719,18:20:00,Thursday,Male,Residential areas,Public (> 45 seats),Undivided Two way,Crossing,Asphalt roads,Dry,Darkness - lights lit,Normal
1720,11:15:00,Thursday,Male,Other,Pick up upto 10Q,Undivided Two way,Crossing,Asphalt roads,Wet or damp,Daylight,Windy
1721,23:20:00,Friday,Male,Other,Lorry (41?100Q),Two-way (divided with broken lines road marking),Crossing,Asphalt roads,Dry,Darkness - lights lit,Normal
1722,23:20:00,Friday,Male,Other,Automobile,Double carriageway (median),Crossing,Asphalt roads,Dry,Darkness - lights lit,Normal
1723,12:32:00,Sunday,Male,  Recreational areas,Public (13?45 seats),Two-way (divided with broken lines road marking),Y Shape,Asphalt roads,Dry,Daylight,Normal
1724,12:32:00,Sunday,Male,  Recreational areas,Automobile,One way,Y Shape,Asphalt roads,Dry,Daylight,Normal
1725,21:20:00,Thursday,Male,Other,Public (> 45 seats),Two-way (divided with broken lines road marking),Y Shape,Asphalt roads,Dry,Darkness - lights lit,Normal
1726,21:20:00,Thursday,Male,Office areas,Public (12 seats),Two-way (divided with broken lines road marking),Y Shape,Earth roads,Dry,Darkness - lights lit,Normal
1727,14:45:00,Thursday,Male,Residential areas,Automobile,Two-way (divided with broken lines road marking),Y Shape,Asphalt roads,Dry,Daylight,Normal
1728,14:45:00,Thursday,Male,Other,Lorry (41?100Q),Two-way (divided with broken lines road marking),Y Shape,Asphalt roads,Dry,Daylight,Normal
1729,7:40:00,Friday,Male,Residential areas,Automobile,Undivided Two way,No junction,Asphalt roads,Dry,Daylight,Normal
1730,7:40:00,Friday,Male, Church areas,Pick up upto 10Q,Double carriageway (median),No junction,Asphalt roads,Dry,Daylight,Normal
1731,23:01:00,Thursday,Male,Other,Public (12 seats),One way,Y Shape,Asphalt roads,Dry,Darkness - lights lit,Normal
1732,9:18:00,Saturday,Male,Office areas,Automobile,Two-way (divided with broken lines road marking),Crossing,Asphalt roads,Dry,Daylight,Normal
1733,9:18:00,Saturday,Male,Other,Automobile,Undivided Two way,Crossing,Asphalt roads,Dry,Daylight,Normal
1734,11:40:00,Sunday,Male,  Recreational areas,Automobile,Two-way (divided with broken lines road marking),No junction,Asphalt roads,Dry,Daylight,Normal
1735,10:43:00,Saturday,Male,Other,Stationwagen,Undivided Two way,No junction,Asphalt roads,Dry,Daylight,Normal
1736,10:43:00,Saturday,Male,Office areas,Other,Two-way (divided with broken lines road marking),No junction,Asphalt roads with some distress,Dry,Daylight,Normal
1737,10:43:00,Saturday,Male,Residential areas,Other,Undivided Two way,No junction,Asphalt roads,Dry,Daylight,Normal
1738,10:43:00,Saturday,Male,Office areas,Other,One way,No junction,Asphalt roads,Dry,Daylight,Normal
1739,10:43:00,Saturday,Male,Office areas,Public (13?45 seats),Two-way (divided with broken lines road marking),No junction,Asphalt roads,Dry,Daylight,Normal
1740,19:33:00,Monday,Male, Church areas,Lorry (41?100Q),Double carriageway (median),O Shape,Asphalt roads,Dry,Daylight,Normal
1741,19:33:00,Monday,Male, Church areas,Public (12 seats),Undivided Two way,O Shape,Asphalt roads,Dry,Daylight,Normal
1742,15:00:00,Sunday,Male,Residential areas,Automobile,Undivided Two way,Y Shape,Asphalt roads,Dry,Daylight,Normal
1743,15:00:00,Sunday,Female,Other,Automobile,Undivided Two way,Y Shape,Asphalt roads,Dry,Daylight,Normal
1744,15:40:00,Thursday,Male,Other,Stationwagen,other,Y Shape,Asphalt roads,Dry,Daylight,Normal
1746,12:05:00,Friday,Male,Residential areas,Lorry (41?100Q),Undivided Two way,Y Shape,Asphalt roads,Wet or damp,Daylight,Raining
1747,18:48:00,Friday,Male,Office areas,Lorry (41?100Q),Undivided Two way,No junction,Asphalt roads,Dry,Daylight,Normal
1748,18:48:00,Friday,Male,Residential areas,Public (> 45 seats),Undivided Two way,No junction,Asphalt roads,Dry,Daylight,Normal
1749,15:25:00,Sunday,Male,Other,Public (12 seats),Two-way (divided with broken lines road marking),No junction,Asphalt roads,Dry,Daylight,Normal
1750,6:05:00,Tuesday,Male,Other,Other,Two-way (divided with broken lines road marking),Y Shape,Asphalt roads,Dry,Daylight,Normal
1751,6:05:00,Tuesday,Male,  Recreational areas,Public (12 seats),Two-way (divided with broken lines road marking),Y Shape,Asphalt roads,Dry,Daylight,Normal
1752,8:58:00,Monday,Male, Church areas,Other,One way,Y Shape,Asphalt roads,Dry,Daylight,Normal
1753,8:58:00,Monday,Unknown,School areas,Public (12 seats),Two-way (divided with broken lines road marking),Y Shape,Asphalt roads,Dry,Daylight,Normal
1754,8:58:00,Monday,Male,Office areas,Stationwagen,Undivided Two way,Y Shape,Asphalt roads,Dry,Daylight,Normal
1756,14:37:00,Monday,Male,Residential areas,Lorry (41?100Q),Undivided Two way,O Shape,Asphalt roads,Dry,Daylight,Normal
1757,10:48:00,Wednesday,Male,Other,Special vehicle,Undivided Two way,No junction,Asphalt roads,Dry,Daylight,Normal
1758,10:48:00,Wednesday,Male,Other,Lorry (41?100Q),other,No junction,Asphalt roads,Dry,Daylight,Normal
1759,12:10:00,Wednesday,Male,Office areas,Lorry (41?100Q),One way,No junction,Asphalt roads,Wet or damp,Daylight,Windy
1760,11:40:00,Monday,Male,Residential areas,Public (> 45 seats),Two-way (divided with broken lines road marking),Crossing,Asphalt roads,Dry,Daylight,Normal
1761,13:15:00,Thursday,Male,Other,Automobile,Two-way (divided with broken lines road marking),Crossing,Asphalt roads,Dry,Daylight,Normal
1762,13:15:00,Thursday,Male,Residential areas,Automobile,Undivided Two way,Crossing,Asphalt roads,Dry,Daylight,Normal
1763,13:15:00,Thursday,Male, Church areas,Automobile,Two-way (divided with broken lines road marking),Y Shape,Asphalt roads,Dry,Daylight,Normal
1764,13:15:00,Thursday,Male,Residential areas,Public (> 45 seats),Two-way (divided with broken lines road marking),Y Shape,Asphalt roads,Dry,Daylight,Normal
1765,16:30:00,Wednesday,Male,Office areas,Lorry (11?40Q),One way,No junction,Asphalt roads,Dry,Daylight,Normal
1766,20:16:00,Sunday,Male,Residential areas,Pick up upto 10Q,Two-way (divided with broken lines road marking),Crossing,Asphalt roads,Dry,Darkness - lights lit,Normal
1767,20:16:00,Sunday,Male,Other,Lorry (11?40Q),One way,Crossing,Asphalt roads,Dry,Darkness - lights lit,Normal
1768,2:10:00,Sunday,Male, Industrial areas,Pick up upto 10Q,Two-way (divided with broken lines road marking),Y Shape,Asphalt roads,Dry,Darkness - lights lit,Normal
1769,2:10:00,Sunday,Male, Church areas,Special vehicle,Two-way (divided with broken lines road marking),Y Shape,Asphalt roads,Dry,Darkness - lights lit,Normal
1770,15:59:00,Saturday,Male,Residential areas,Lorry (11?40Q),Undivided Two way,Y Shape,Asphalt roads,Dry,Daylight,Normal
1773,17:40:00,Tuesday,Male,Office areas,Lorry (41?100Q),Undivided Two way,Unknown,Asphalt roads,Dry,Daylight,Normal
1774,17:40:00,Tuesday,Male, Outside rural areas,Other,Two-way (divided with broken lines road marking),Unknown,Asphalt roads,Dry,Daylight,Normal
1775,12:10:00,Thursday,Male, Church areas,Other,Two-way (divided with broken lines road marking),Y Shape,Asphalt roads,Dry,Daylight,Normal
1776,12:10:00,Thursday,Male,Office areas,Automobile,other,Y Shape,Asphalt roads,Dry,Daylight,Normal
1777,8:00:00,Tuesday,Male, Church areas,Other,Two-way (divided with broken lines road marking),No junction,Asphalt roads,Dry,Daylight,Normal
1778,16:55:00,Wednesday,Male,Office areas,Automobile,other,No junction,Asphalt roads,Dry,Daylight,Normal
1779,16:55:00,Wednesday,Male,Office areas,Public (13?45 seats),Undivided Two way,No junction,Asphalt roads,Dry,Daylight,Normal
1780,18:00:00,Saturday,Male,School areas,Lorry (41?100Q),Two-way (divided with broken lines road marking),No junction,Asphalt roads,Dry,Daylight,Normal
1782,12:10:00,Thursday,Male,Office areas,Automobile,other,Y Shape,Asphalt roads,Dry,Daylight,Normal
1784,16:58:00,Thursday,Male,Other,Lorry (41?100Q),Two-way (divided with broken lines road marking),Crossing,Asphalt roads,Dry,Daylight,Normal
1786,11:17:00,Thursday,Male,Office areas,Lorry (41?100Q),Undivided Two way,Y Shape,Asphalt roads,Dry,Daylight,Normal
1787,20:16:00,Sunday,Male,Office areas,Taxi,Undivided Two way,Y Shape,Asphalt roads,Dry,Darkness - lights lit,Normal
1788,23:44:00,Thursday,Male,Residential areas,Lorry (41?100Q),Undivided Two way,No junction,Asphalt roads,Dry,Darkness - lights lit,Normal
1789,23:44:00,Thursday,Male,Office areas,Lorry (41?100Q),Undivided Two way,No junction,Asphalt roads,Dry,Darkness - lights lit,Normal
1790,13:44:00,Friday,Male,Office areas,Other,Undivided Two way,Y Shape,Asphalt roads,Dry,Daylight,Normal
1792,10:40:00,Friday,Male,Office areas,Stationwagen,Two-way (divided with broken lines road marking),Y Shape,Asphalt roads,Dry,Daylight,Normal
1793,1:18:00,Tuesday,Male,Other,Lorry (41?100Q),Undivided Two way,Crossing,Asphalt roads,Dry,Darkness - lights lit,Normal
1794,1:18:00,Tuesday,Male,Other,Lorry (41?100Q),Two-way (divided with broken lines road marking),Crossing,Asphalt roads,Dry,Darkness - lights lit,Normal
1795,15:47:00,Monday,Male,Other,Other,Two-way (divided with broken lines road marking),No junction,Asphalt roads,Dry,Daylight,Normal
1796,15:20:00,Monday,Male,Residential areas,Automobile,One way,No junction,Asphalt roads,Dry,Daylight,Normal
1798,14:22:00,Tuesday,Male,Residential areas,Taxi,Undivided Two way,Crossing,Asphalt roads,Dry,Daylight,Normal
1799,14:22:00,Tuesday,Male,Office areas,Lorry (41?100Q),Two-way (divided with broken lines road marking),Crossing,Asphalt roads,Dry,Daylight,Normal
1800,18:12:00,Tuesday,Male, Church areas,Other,One way,Crossing,Asphalt roads,Dry,Daylight,Normal
1801,18:12:00,Tuesday,Male,Other,Automobile,Undivided Two way,Crossing,Asphalt roads,Dry,Daylight,Normal
1802,20:45:00,Tuesday,Male,Other,Public (> 45 seats),One way,Crossing,Asphalt roads,Dry,Darkness - lights lit,Normal
1803,20:45:00,Tuesday,Male,Other,Stationwagen,Two-way (divided with broken lines road marking),Crossing,Asphalt roads,Dry,Darkness - lights lit,Normal
1804,19:00:00,Wednesday,Male,Other,Automobile,Two-way (divided with broken lines road marking),Crossing,Asphalt roads,Dry,Daylight,Normal
1805,19:00:00,Wednesday,Male,Office areas,Lorry (41?100Q),Undivided Two way,Crossing,Asphalt roads,Dry,Daylight,Normal
1806,11:10:00,Wednesday,Unknown,Office areas,Other,Two-way (divided with solid lines road marking),Crossing,Asphalt roads,Dry,Daylight,Normal
1807,11:10:00,Wednesday,Male,Residential areas,Public (13?45 seats),Undivided Two way,Crossing,Asphalt roads,Dry,Daylight,Normal
1808,18:40:00,Thursday,Male,Office areas,Other,One way,O Shape,Asphalt roads,Wet or damp,Daylight,Raining
1809,18:40:00,Thursday,Male,Residential areas,Other,Two-way (divided with broken lines road marking),O Shape,Asphalt roads,Wet or damp,Daylight,Raining
1810,16:15:00,Thursday,Male,Office areas,Ridden horse,Undivided Two way,Y Shape,Asphalt roads,Wet or damp,Daylight,Raining
1811,0:45:00,Friday,Male,Other,Lorry (41?100Q),Two-way (divided with broken lines road marking),Y Shape,Asphalt roads,Wet or damp,Darkness - lights lit,Raining
1812,0:45:00,Friday,Male,Office areas,Lorry (41?100Q),One way,Y Shape,Asphalt roads,Wet or damp,Darkness - lights lit,Raining
1813,11:41:00,Saturday,Male,School areas,Pick up upto 10Q,Undivided Two way,O Shape,Asphalt roads,Dry,Daylight,Normal
1814,11:41:00,Saturday,Male,Residential areas,Lorry (11?40Q),One way,O Shape,Asphalt roads,Dry,Daylight,Normal
1815,21:00:00,Friday,Male,Office areas,Automobile,Undivided Two way,Y Shape,Asphalt roads,Dry,Darkness - lights lit,Normal
1816,21:00:00,Friday,Male,Residential areas,Automobile,Undivided Two way,Y Shape,Asphalt roads,Dry,Darkness - lights lit,Normal
1817,13:12:00,Saturday,Male,Office areas,Pick up upto 10Q,Undivided Two way,Y Shape,Asphalt roads,Dry,Daylight,Normal
1818,18:50:00,Saturday,Male,Residential areas,Automobile,One way,No junction,Asphalt roads,Dry,Daylight,Normal
1819,18:50:00,Saturday,Male,Other,Other,other,No junction,Asphalt roads,Dry,Daylight,Normal
1820,16:35:00,Saturday,Male,Other,Lorry (41?100Q),Two-way (divided with broken lines road marking),No junction,Asphalt roads,Dry,Daylight,Normal
1821,16:35:00,Saturday,Male,Office areas,Public (13?45 seats),Two-way (divided with broken lines road marking),No junction,Asphalt roads,Dry,Daylight,Normal
1822,19:30:00,Sunday,Male,Office areas,Pick up upto 10Q,Two-way (divided with broken lines road marking),Crossing,Asphalt roads,Dry,Darkness - lights lit,Normal
1823,19:30:00,Sunday,Male,Residential areas,Stationwagen,Two-way (divided with broken lines road marking),Crossing,Asphalt roads,Dry,Darkness - lights lit,Normal
1824,7:50:00,Saturday,Male,Other,Other,Two-way (divided with broken lines road marking),Crossing,Asphalt roads,Dry,Daylight,Normal
1825,7:50:00,Saturday,Male,Other,Pick up upto 10Q,Undivided Two way,Crossing,Asphalt roads,Dry,Daylight,Normal
1826,23:05:00,Monday,Male,Office areas,Public (13?45 seats),Two-way (divided with broken lines road marking),Crossing,Asphalt roads,Dry,Darkness - lights lit,Normal
1827,23:05:00,Monday,Male,Office areas,Public (12 seats),Two-way (divided with broken lines road marking),Crossing,Asphalt roads,Dry,Darkness - lights lit,Normal
1828,16:00:00,Monday,Male, Church areas,Lorry (41?100Q),Undivided Two way,Y Shape,Asphalt roads,Dry,Daylight,Normal
1829,7:52:00,Monday,Male,Other,Pick up upto 10Q,One way,Unknown,Earth roads,Dry,Daylight,Normal