,time,Day_of_week,Sex_of_driver,Area_accident,Type_of_vehicle,Lanes_or_Medians,Types_of_Junction,Road_surface_type,Road_surface_conditions,Light_conditions,Weather_conditions
1830,7:52:00,Monday,Male,Office areas,Lorry (41?100Q),Undivided Two way,Unknown,Asphalt roads,Dry,Daylight,Normal
1831,10:35:00,Thursday,Male,Office areas,Pick up upto 10Q,Two-way (divided with broken lines road marking),Y Shape,Asphalt roads,Wet or damp,Daylight,Raining
1832,10:35:00,Thursday,Male,Residential areas,Long lorry,Two-way (divided with broken lines road marking),Y Shape,Asphalt roads,Wet or damp,Daylight,Raining
1834,19:58:00,Wednesday,Male,Residential areas,Other,Two-way (divided with broken lines road marking),Crossing,Asphalt roads,Dry,Darkness - lights lit,Normal
1836,15:00:00,Wednesday,Male,Office areas,Public (13?45 seats),Undivided Two way,Crossing,Asphalt roads,Dry,Daylight,Normal
1837,15:00:00,Wednesday,Male,Other,Special vehicle,Undivided Two way,Crossing,Asphalt roads,Dry,Daylight,Normal
1838,8:08:00,Wednesday,Male,Other,Lorry (41?100Q),other,Y Shape,Asphalt roads,Dry,Daylight,Normal
1839,8:08:00,Wednesday,Male,Office areas,Lorry (41?100Q),One way,Y Shape,Asphalt roads,Dry,Daylight,Normal
1840,8:00:00,Tuesday,Male,Residential areas,Public (> 45 seats),Two-way (divided with broken lines road marking),Other,Asphalt roads,Dry,Daylight,Normal
1841,8:00:00,Tuesday,Male,Other,Automobile,Two-way (divided with broken lines road marking),Other,Asphalt roads,Dry,Daylight,Normal
1842,23:00:00,Saturday,Male,Residential areas,Automobile,Undivided Two way,Crossing,Asphalt roads,Dry,Darkness - lights lit,Normal
1843,21:55:00,Thursday,Male, Church areas,Automobile,Two-way (divided with broken lines road marking),O Shape,Asphalt roads,Dry,Darkness - lights lit,Normal
1844,21:55:00,Thursday,Male,Residential areas,Public (> 45 seats),Two-way (divided with broken lines road marking),O Shape,Asphalt roads,Dry,Darkness - lights lit,Normal
1845,19:10:00,Thursday,Male,Office areas,Lorry (11?40Q),One way,Y Shape,Asphalt roads,Dry,Daylight,Normal
1846,19:10:00,Thursday,Male,Residential areas,Pick up upto 10Q,Two-way (divided with broken lines road marking),Y Shape,Asphalt roads,Dry,Daylight,Normal
1847,12:40:00,Thursday,Male,Other,Lorry (11?40Q),One way,Y Shape,Asphalt roads,Dry,Daylight,Normal
1848,20:44:00,Friday,Male, Industrial areas,Pick up upto 10Q,Two-way (divided with broken lines road marking),No junction,Asphalt roads,Dry,Darkness - lights lit,Normal
1849,20:44:00,Friday,Male, Church areas,Special vehicle,Two-way (divided with broken lines road marking),No junction,Asphalt roads,Dry,Darkness - lights lit,Normal
1850,13:00:00,Saturday,Male,Residential areas,Lorry (11?40Q),Undivided Two way,Crossing,Asphalt roads,Dry,Daylight,Normal
1853,16:36:00,Monday,Male,Office areas,Lorry (41?100Q),Undivided Two way,Y Shape,Asphalt roads,Dry,Daylight,Normal
1854,16:36:00,Monday,Male, Outside rural areas,Other,Two-way (divided with broken lines road marking),Y Shape,Asphalt roads,Dry,Daylight,Normal
1855,8:00:00,Wednesday,Male, Church areas,Other,Two-way (divided with broken lines road marking),Y Shape,Asphalt roads,Dry,Daylight,Normal
1856,14:00:00,Wednesday,Male,Office areas,Automobile,other,Y Shape,Asphalt roads,Dry,Daylight,Normal
1857,14:00:00,Wednesday,Male, Church areas,Other,Two-way (divided with broken lines road marking),Y Shape,Asphalt roads,Dry,Daylight,Normal
1858,18:20:00,Wednesday,Male,Office areas,Automobile,other,Y Shape,Asphalt roads,Dry,Daylight,Normal
1859,8:30:00,Wednesday,Male,Office areas,Public (13?45 seats),Undivided Two way,Y Shape,Asphalt roads,Dry,Daylight,Normal
1860,8:30:00,Wednesday,Male,School areas,Lorry (41?100Q),Two-way (divided with broken lines road marking),Y Shape,Asphalt roads,Dry,Daylight,Normal
1862,13:32:00,Wednesday,Male,Office areas,Automobile,other,No junction,Asphalt roads,Dry,Daylight,Normal
1864,16:25:00,Wednesday,Male,Other,Lorry (41?100Q),Two-way (divided with broken lines road marking),No junction,Asphalt roads,Dry,Daylight,Normal
1866,19:09:00,Friday,Male,Office areas,Lorry (41?100Q),Undivided Two way,O Shape,Asphalt roads,Dry,Daylight,Normal
1867,19:09:00,Friday,Male,Office areas,Taxi,Undivided Two way,O Shape,Asphalt roads,Dry,Daylight,Normal
1868,13:20:00,Thursday,Male,Residential areas,Lorry (41?100Q),Undivided Two way,Crossing,Asphalt roads,Dry,Daylight,Normal
1869,18:50:00,Thursday,Male,Office areas,Lorry (41?100Q),Undivided Two way,Y Shape,Asphalt roads,Dry,Daylight,Normal
1870,18:50:00,Thursday,Male,Office areas,Other,Undivided Two way,Y Shape,Asphalt roads,Dry,Daylight,Normal
1872,18:05:00,Thursday,Male,Office areas,Stationwagen,Two-way (divided with broken lines road marking),Y Shape,Asphalt roads,Dry,Daylight,Normal
1873,11:30:00,Wednesday,Male,Other,Lorry (41?100Q),Undivided Two way,Y Shape,Asphalt roads,Wet or damp,Daylight,Raining
1874,11:30:00,Wednesday,Male,Other,Lorry (41?100Q),Two-way (divided with broken lines road marking),Y Shape,Asphalt roads,Wet or damp,Daylight,Raining
1875,11:30:00,Wednesday,Male,Other,Other,Two-way (divided with broken lines road marking),Y Shape,Asphalt roads,Wet or damp,Daylight,Raining
1876,18:45:00,Saturday,Male,Residential areas,Automobile,One way,Y Shape,Asphalt roads,Dry,Daylight,Normal
1878,10:34:00,Sunday,Male,Residential areas,Taxi,Undivided Two way,Crossing,Asphalt roads,Dry,Daylight,Normal
1879,19:38:00,Monday,Male,Office areas,Lorry (41?100Q),Two-way (divided with broken lines road marking),No junction,Asphalt roads,Dry,Daylight,Normal
1880,18:33:00,Monday,Male, Church areas,Other,One way,Crossing,Asphalt roads,Dry,Daylight,Normal
1881,18:33:00,Monday,Male,Other,Automobile,Undivided Two way,Crossing,Asphalt roads,Dry,Daylight,Normal
1882,20:00:00,Monday,Male,Other,Public (> 45 seats),One way,No junction,Asphalt roads,Dry,Daylight,Normal
1883,18:30:00,Wednesday,Male,Other,Stationwagen,Two-way (divided with broken lines road marking),Crossing,Asphalt roads,Dry,Daylight,Normal
1884,18:30:00,Wednesday,Male,Other,Automobile,Two-way (divided with broken lines road marking),Crossing,Asphalt roads,Dry,Daylight,Normal
1885,16:25:00,Tuesday,Male,Office areas,Lorry (41?100Q),Undivided Two way,Y Shape,Asphalt roads,Dry,Daylight,Normal
1886,16:25:00,Tuesday,Male,Office areas,Other,Two-way (divided with solid lines road marking),Y Shape,Asphalt roads,Dry,Daylight,Normal
1887,17:35:00,Tuesday,Male,Residential areas,Public (13?45 seats),Undivided Two way,Crossing,Asphalt roads,Dry,Daylight,Normal
1888,17:35:00,Tuesday,Male,Office areas,Other,One way,Crossing,Asphalt roads,Dry,Daylight,Normal
1889,7:48:00,Wednesday,Male,Residential areas,Other,Two-way (divided with broken lines road marking),Crossing,Asphalt roads,Dry,Daylight,Normal
1890,7:48:00,Wednesday,Male,Office areas,Ridden horse,Undivided Two way,Crossing,Asphalt roads,Dry,Daylight,Normal
1891,15:15:00,Saturday,Male,Other,Lorry (41?100Q),Two-way (divided with broken lines road marking),No junction,Asphalt roads,Dry,Daylight,Normal
1892,18:08:00,Saturday,Male,Office areas,Lorry (41?100Q),One way,Y Shape,Asphalt roads,Dry,Daylight,Normal
1893,18:08:00,Saturday,Male,School areas,Pick up upto 10Q,Undivided Two way,Y Shape,Asphalt roads,Dry,Daylight,Normal
1894,14:44:00,Friday,Male,Residential areas,Lorry (11?40Q),One way,Crossing,Asphalt roads,Dry,Daylight,Normal
1895,10:13:00,Friday,Male,Office areas,Automobile,Undivided Two way,Y Shape,Asphalt roads,Dry,Daylight,Normal
1896,17:30:00,Friday,Male,Residential areas,Automobile,Undivided Two way,Y Shape,Asphalt roads,Dry,Daylight,Normal
1897,17:30:00,Friday,Female,Office areas,Lorry (11?40Q),Undivided Two way,Y Shape,Asphalt roads,Dry,Daylight,Normal
1898,13:30:00,Friday,Male,Office areas,Motorcycle,Two-way (divided with broken lines road marking),No junction,Asphalt roads,Dry,Daylight,Normal
1899,13:30:00,Friday,Male,Residential areas,Lorry (41?100Q),Undivided Two way,No junction,Asphalt roads,Dry,Daylight,Normal
1900,10:00:00,Thursday,Male,Other,Stationwagen,Two-way (divided with broken lines road marking),No junction,Asphalt roads,Dry,Daylight,Normal
1901,10:00:00,Thursday,Male, Industrial areas,Automobile,Undivided Two way,No junction,Asphalt roads,Dry,Daylight,Normal
1902,8:20:00,Tuesday,Male,Office areas,Other,Two-way (divided with broken lines road marking),Y Shape,Asphalt roads,Dry,Daylight,Normal
1903,14:05:00,Tuesday,Male,  Recreational areas,Other,Two-way (divided with broken lines road marking),Y Shape,Asphalt roads,Dry,Daylight,Normal
1904,14:05:00,Tuesday,Male,Residential areas,Taxi,Two-way (divided with broken lines road marking),Y Shape,Asphalt roads,Dry,Daylight,Normal
1905,11:50:00,Tuesday,Male,Residential areas,Automobile,Undivided Two way,Y Shape,Asphalt roads,Dry,Daylight,Normal
1906,11:50:00,Tuesday,Male, Church areas,Long lorry,Undivided Two way,Y Shape,Asphalt roads,Dry,Daylight,Normal
1907,18:59:00,Tuesday,Male,Residential areas,Long lorry,Undivided Two way,No junction,Asphalt roads,Dry,Daylight,Normal
1909,18:57:00,Wednesday,Male,Other,Lorry (41?100Q),Undivided Two way,Crossing,Asphalt roads,Dry,Daylight,Normal
1910,2:45:00,Thursday,Male,Other,Lorry (11?40Q),Two-way (divided with solid lines road marking),No junction,Asphalt roads,Dry,Darkness - lights lit,Normal
1911,2:45:00,Thursday,Male, Church areas,Automobile,Two-way (divided with solid lines road marking),No junction,Asphalt roads,Dry,Darkness - lights lit,Normal
1912,2:45:00,Thursday,Female,Other,Taxi,Two-way (divided with solid lines road marking),No junction,Asphalt roads,Dry,Darkness - lights lit,Normal
1913,6:00:00,Sunday,Male, Church areas,Other,Two-way (divided with solid lines road marking),Crossing,Asphalt roads,Dry,Daylight,Normal
1915,17:25:00,Thursday,Male,Other,Automobile,Undivided Two way,Crossing,Asphalt roads,Dry,Daylight,Normal
1916,11:45:00,Saturday,Male,Other,Automobile,Undivided Two way,Y Shape,Asphalt roads,Dry,Daylight,Normal
1917,11:45:00,Saturday,Male,School areas,Automobile,other,Y Shape,Asphalt roads,Dry,Daylight,Normal
1918,12:43:00,Sunday,Male,Residential areas,Public (> 45 seats),Undivided Two way,No junction,Asphalt roads,Dry,Daylight,Normal
1919,12:43:00,Sunday,Male,Other,Lorry (11?40Q),Two-way (divided with broken lines road marking),No junction,Asphalt roads,Dry,Daylight,Normal
1920,12:43:00,Sunday,Female,Office areas,Lorry (41?100Q),Undivided Two way,No junction,Asphalt roads,Dry,Daylight,Normal
1921,17:38:00,Thursday,Male,Residential areas,Lorry (41?100Q),Undivided Two way,Y Shape,Asphalt roads,Dry,Daylight,Normal
1922,17:38:00,Thursday,Male,Other,Stationwagen,One way,Y Shape,Asphalt roads,Dry,Daylight,Normal
1923,20:30:00,Sunday,Male,Residential areas,Other,Two-way (divided with broken lines road marking),No junction,Asphalt roads,Dry,Daylight,Normal
1924,8:05:00,Tuesday,Male,Residential areas,Automobile,Undivided Two way,Crossing,Asphalt roads,Dry,Daylight,Normal
1925,8:05:00,Tuesday,Male,Residential areas,Pick up upto 10Q,Two-way (divided with broken lines road marking),Crossing,Asphalt roads,Dry,Daylight,Normal
1926,17:30:00,Wednesday,Male,Other,Motorcycle,other,No junction,Asphalt roads,Dry,Daylight,Normal
1927,0:44:00,Saturday,Male,Other,Automobile,Undivided Two way,Crossing,Asphalt roads,Dry,Darkness - lights lit,Normal
1928,16:20:00,Sunday,Male,Other,Pick up upto 10Q,One way,Y Shape,Asphalt roads,Dry,Daylight,Normal
1929,16:20:00,Sunday,Male, Hospital areas,Motorcycle,Undivided Two way,Y Shape,Asphalt roads,Dry,Daylight,Normal
1930,15:00:00,Thursday,Male,Residential areas,Stationwagen,Undivided Two way,No junction,Asphalt roads,Dry,Daylight,Normal
1931,0:50:00,Saturday,Male,Residential areas,Lorry (41?100Q),One way,O Shape,Asphalt roads,Dry,Darkness - lights lit,Normal
1932,0:50:00,Saturday,Male,Residential areas,Taxi,Undivided Two way,O Shape,Asphalt roads,Dry,Darkness - lights lit,Normal
1933,10:15:00,Saturday,Male,Other,Automobile,Two-way (divided with broken lines road marking),No junction,Asphalt roads,Dry,Daylight,Normal
1934,14:26:00,Sunday,Male,Office areas,Long lorry,Two-way (divided with broken lines road marking),No junction,Asphalt roads,Dry,Daylight,Normal
1935,14:26:00,Sunday,Male,Other,Automobile,other,No junction,Asphalt roads,Dry,Daylight,Normal
1936,14:26:00,Sunday,Male,Office areas,Public (12 seats),Double carriageway (median),No junction,Asphalt roads,Dry,Daylight,Normal
1937,13:35:00,Monday,Male,Residential areas,Lorry (11?40Q),Two-way (divided with broken lines road marking),Y Shape,Asphalt roads,Dry,Daylight,Normal
1938,13:35:00,Monday,Male,Office areas,Pick up upto 10Q,Double carriageway (median),Y Shape,Asphalt roads,Dry,Daylight,Normal
1939,20:30:00,Monday,Male,Office areas,Lorry (41?100Q),Double carriageway (median),Crossing,Asphalt roads,Dry,Daylight,Normal
1940,20:30:00,Monday,Male,Other,Other,Double carriageway (median),Crossing,Asphalt roads,Dry,Daylight,Normal
1941,11:28:00,Sunday,Male,Office areas,Automobile,Two-way (divided with broken lines road marking),Y Shape,Asphalt roads,Dry,Daylight,Normal
1943,13:00:00,Wednesday,Male,Office areas,Lorry (11?40Q),One way,Y Shape,Gravel roads,Dry,Daylight,Normal
1944,13:00:00,Wednesday,Male,Other,Long lorry,Undivided Two way,Y Shape,Asphalt roads,Dry,Daylight,Normal
1946,8:15:00,Tuesday,Male,Residential areas,Taxi,Two-way (divided with broken lines road marking),Crossing,Asphalt roads,Dry,Daylight,Normal
1947,7:45:00,Tuesday,Male, Church areas,Taxi,Two-way (divided with broken lines road marking),No junction,Asphalt roads,Dry,Daylight,Normal
1948,7:45:00,Tuesday,Male,Other,Long lorry,Two-way (divided with broken lines road marking),No junction,Asphalt roads,Dry,Daylight,Normal
1949,14:34:00,Wednesday,Male,Residential areas,Lorry (11?40Q),Two-way (divided with broken lines road marking),Y Shape,Asphalt roads,Dry,Daylight,Normal
1950,14:34:00,Wednesday,Male,Other,Lorry (11?40Q),Undivided Two way,Y Shape,Asphalt roads,Dry,Daylight,Normal
1951,2:34:00,Thursday,Male,Residential areas,Long lorry,Undivided Two way,Y Shape,Asphalt roads,Dry,Darkness - lights lit,Normal
1952,2:34:00,Thursday,Male,Residential areas,Turbo,Two-way (divided with broken lines road marking),Y Shape,Asphalt roads,Dry,Darkness - lights lit,Normal
1953,16:59:00,Thursday,Unknown,Other,Long lorry,Two-way (divided with broken lines road marking),Crossing,Asphalt roads with some distress,Dry,Daylight,Normal
1954,16:59:00,Thursday,Male,Other,Long lorry,Two-way (divided with broken lines road marking),Crossing,Asphalt roads,Dry,Daylight,Normal
1955,16:59:00,Thursday,Male,Other,Public (13?45 seats),Undivided Two way,Crossing,Asphalt roads,Dry,Daylight,Normal
1956,16:59:00,Thursday,Male,Other,Automobile,Double carriageway (median),Crossing,Asphalt roads,Dry,Daylight,Normal
1957,14:14:00,Sunday,Male,Residential areas,Automobile,Two-way (divided with broken lines road marking),Y Shape,Asphalt roads,Dry,Daylight,Normal
1958,18:05:00,Thursday,Unknown,  Recreational areas,Pick up upto 10Q,Undivided Two way,No junction,Asphalt roads,Dry,Daylight,Normal
1960,18:05:00,Thursday,Male,Office areas,Stationwagen,Undivided Two way,No junction,Asphalt roads,Dry,Daylight,Normal
1962,17:55:00,Thursday,Male,Office areas,Automobile,Undivided Two way,Y Shape,Asphalt roads,Dry,Daylight,Normal
1963,18:40:00,Thursday,Male,Office areas,Automobile,One way,No junction,Asphalt roads,Dry,Daylight,Normal
1964,18:40:00,Thursday,Male,Office areas,Long lorry,Undivided Two way,No junction,Asphalt roads,Dry,Daylight,Normal
1965,1:11:00,Tuesday,Male,Other,Public (13?45 seats),Undivided Two way,Y Shape,Asphalt roads,Dry,Darkness - lights lit,Normal
1966,1:11:00,Tuesday,Male,Other,Public (13?45 seats),Double carriageway (median),Y Shape,Asphalt roads,Dry,Darkness - lights lit,Normal
1967,9:20:00,Friday,Male,Office areas,Lorry (11?40Q),Two-way (divided with solid lines road marking),Y Shape,Asphalt roads,Dry,Daylight,Normal
1968,9:20:00,Friday,Male,Residential areas,Lorry (11?40Q),other,Y Shape,Asphalt roads,Dry,Daylight,Normal
1969,13:36:00,Tuesday,Male,  Recreational areas,Pick up upto 10Q,Undivided Two way,O Shape,Asphalt roads,Dry,Daylight,Normal
1970,13:36:00,Tuesday,Male,Other,Automobile,other,O Shape,Asphalt roads,Dry,Daylight,Normal
1971,13:36:00,Tuesday,Male,Residential areas,Automobile,other,O Shape,Asphalt roads,Dry,Daylight,Normal
1972,16:56:00,Wednesday,Male,Other,Automobile,other,Y Shape,Asphalt roads,Dry,Daylight,Normal
1973,16:56:00,Wednesday,Male,Other,Long lorry,other,Y Shape,Asphalt roads,Dry,Daylight,Normal
1974,0:21:00,Wednesday,Male,Other,Long lorry,One way,Crossing,Asphalt roads,Dry,Darkness - lights lit,Normal
1975,0:21:00,Wednesday,Male,Other,Automobile,Two-way (divided with broken lines road marking),Crossing,Asphalt roads,Dry,Darkness - lights lit,Normal
1976,11:30:00,Wednesday,Unknown,Other,Stationwagen,other,No junction,Asphalt roads,Dry,Daylight,Normal
1978,20:23:00,Thursday,Male,Office areas,Other,Two-way (divided with broken lines road marking),Crossing,Asphalt roads,Dry,Daylight,Normal
1979,21:20:00,Thursday,Unknown,Office areas,Special vehicle,Two-way (divided with broken lines road marking),Y Shape,Asphalt roads,Dry,Darkness - lights lit,Normal
1980,17:08:00,Tuesday,Male,Office areas,Lorry (41?100Q),Two-way (divided with broken lines road marking),No junction,Asphalt roads,Dry,Daylight,Normal
1982,20:02:00,Saturday,Male,School areas,Lorry (11?40Q),Undivided Two way,Y Shape,Asphalt roads,Dry,Darkness - lights lit,Normal
1983,20:02:00,Saturday,Male,Office areas,Lorry (41?100Q),Two-way (divided with broken lines road marking),Y Shape,Asphalt roads,Dry,Darkness - lights lit,Normal
1984,7:30:00,Monday,Male,Office areas,Motorcycle,Two-way (divided with broken lines road marking),Crossing,Asphalt roads,Dry,Daylight,Normal
1985,14:00:00,Monday,Male,School areas,Automobile,Two-way (divided with broken lines road marking),Y Shape,Asphalt roads,Dry,Daylight,Normal
1987,8:00:00,Wednesday,Male,Other,Automobile,Two-way (divided with broken lines road marking),Crossing,Asphalt roads,Dry,Daylight,Normal
1988,8:00:00,Wednesday,Male,Other,Stationwagen,Undivided Two way,Crossing,Asphalt roads,Dry,Daylight,Normal
1990,13:10:00,Monday,Male,Residential areas,Public (> 45 seats),Undivided Two way,Y Shape,Asphalt roads,Dry,Daylight,Normal
1991,18:10:00,Tuesday,Male,Other,Public (> 45 seats),Undivided Two way,Y Shape,Asphalt roads,Dry,Daylight,Normal
1992,18:10:00,Tuesday,Male,Other,Stationwagen,Undivided Two way,Y Shape,Asphalt roads,Dry,Daylight,Normal
1993,16:33:00,Tuesday,Male, Industrial areas,Automobile,Undivided Two way,No junction,Asphalt roads,Dry,Daylight,Normal
1994,16:33:00,Tuesday,Male,  Recreational areas,Bicycle,Undivided Two way,No junction,Asphalt roads,Dry,Daylight,Normal
1995,18:00:00,Friday,Unknown, Church areas,Automobile,Two-way (divided with broken lines road marking),Y Shape,Asphalt roads,Dry,Daylight,Normal
1996,18:00:00,Friday,Male,Office areas,Lorry (41?100Q),Two-way (divided with broken lines road marking),Y Shape,Asphalt roads,Dry,Daylight,Normal
1997,19:00:00,Thursday,Male,Other,Automobile,Two-way (divided with broken lines road marking),Y Shape,Asphalt roads,Dry,Daylight,Normal
1998,17:20:00,Wednesday,Male,Office areas,Public (13?45 seats),Undivided Two way,No junction,Asphalt roads,Dry,Daylight,Normal
1999,17:30:00,Wednesday,Male,Office areas,Special vehicle,Two-way (divided with broken lines road marking),Y Shape,Asphalt roads,Dry,Daylight,Normal
2000,17:30:00,Wednesday,Unknown,Other,Automobile,Two-way (divided with broken lines road marking),Y Shape,Asphalt roads,Dry,Daylight,Normal
2001,18:09:00,Friday,Male,Residential areas,Public (13?45 seats),Undivided Two way,Y Shape,Asphalt roads,Dry,Daylight,Normal
2003,9:40:00,Friday,Male,Residential areas,Lorry (41?100Q),other,O Shape,Asphalt roads,Dry,Daylight,Normal
2004,9:40:00,Friday,Unknown,School areas,Lorry (41?100Q),Two-way (divided with broken lines road marking),O Shape,Asphalt roads,Dry,Daylight,Normal
2005,17:04:00,Saturday,Male,Office areas,Public (12 seats),Two-way (divided with broken lines road marking),No junction,Asphalt roads,Dry,Daylight,Normal
2006,17:04:00,Saturday,Male,Other,Lorry (41?100Q),other,No junction,Asphalt roads,Dry,Daylight,Normal
2007,16:20:00,Sunday,Unknown,Other,Lorry (41?100Q),Undivided Two way,Y Shape,Asphalt roads,Dry,Daylight,Normal
2008,16:20:00,Sunday,Male, Church areas,Public (12 seats),other,Y Shape,Asphalt roads,Dry,Daylight,Normal
2009,16:02:00,Thursday,Male,Office areas,Public (> 45 seats),Two-way (divided with broken lines road marking),Y Shape,Asphalt roads,Dry,Daylight,Normal
2010,16:02:00,Thursday,Male,Other,Automobile,Two-way (divided with broken lines road marking),Y Shape,Asphalt roads,Dry,Daylight,Normal
2011,16:02:00,Thursday,Male,Office areas,Pick up upto 10Q,Two-way (divided with broken lines road marking),Y Shape,Asphalt roads,Dry,Daylight,Normal
2012,15:44:00,Thursday,Male,Office areas,Stationwagen,Two-way (divided with broken lines road marking),Crossing,Asphalt roads,Dry,Daylight,Normal
2013,15:44:00,Thursday,Male,Office areas,Other,Two-way (divided with broken lines road marking),Crossing,Asphalt roads,Dry,Daylight,Normal
2015,18:26:00,Thursday,Male,Office areas,Automobile,Undivided Two way,No junction,Asphalt roads,Dry,Daylight,Normal
2016,23:45:00,Thursday,Male,Other,Stationwagen,Double carriageway (median),Crossing,Asphalt roads,Dry,Darkness - lights lit,Normal
2017,23:45:00,Thursday,Male,Other,Pick up upto 10Q,Two-way (divided with broken lines road marking),Crossing,Asphalt roads,Dry,Darkness - lights lit,Normal
2018,18:24:00,Friday,Male, Church areas,Lorry (41?100Q),Unknown,No junction,Asphalt roads with some distress,Dry,Daylight,Normal
2019,18:24:00,Friday,Male,School areas,Automobile,Undivided Two way,No junction,Asphalt roads,Dry,Daylight,Normal
2021,14:30:00,Monday,Male,Office areas,Lorry (41?100Q),Undivided Two way,Crossing,Asphalt roads,Dry,Daylight,Normal
2022,7:46:00,Friday,Male,Other,Lorry (41?100Q),other,Crossing,Asphalt roads,Dry,Daylight,Normal
2023,7:46:00,Friday,Male, Church areas,Lorry (41?100Q),Two-way (divided with broken lines road marking),Crossing,Gravel roads,Dry,Daylight,Normal
2024,9:47:00,Wednesday,Male,Other,Pick up upto 10Q,Double carriageway (median),Crossing,Asphalt roads,Dry,Daylight,Normal
2025,8:12:00,Wednesday,Male,Other,Pick up upto 10Q,Double carriageway (median),No junction,Asphalt roads,Dry,Daylight,Normal
2026,7:50:00,Wednesday,Male,Office areas,Automobile,Two-way (divided with broken lines road marking),Crossing,Asphalt roads,Wet or damp,Daylight,Raining
2027,7:50:00,Wednesday,Male,Other,Other,Two-way (divided with broken lines road marking),Crossing,Asphalt roads,Wet or damp,Daylight,Raining
2029,21:00:00,Wednesday,Female,Residential areas,Automobile,Two-way (divided with broken lines road marking),Y Shape,Asphalt roads,Dry,Darkness - lights lit,Normal
2031,8:05:00,Thursday,Male,Office areas,Public (> 45 seats),Undivided Two way,Crossing,Asphalt roads,Dry,Daylight,Normal
2032,14:50:00,Thursday,Male,  Recreational areas,Lorry (41?100Q),other,Crossing,Asphalt roads,Dry,Daylight,Normal
2033,14:50:00,Thursday,Male,Office areas,Public (> 45 seats),other,Crossing,Earth roads,Dry,Daylight,Normal
2037,20:50:00,Friday,Male,Residential areas,Automobile,other,Y Shape,Asphalt roads,Dry,Darkness - lights lit,Normal
2038,8:25:00,Saturday,Male, Industrial areas,Lorry (41?100Q),other,No junction,Earth roads,Dry,Daylight,Normal
2039,8:25:00,Saturday,Male,Residential areas,Automobile,Undivided Two way,No junction,Asphalt roads,Dry,Daylight,Normal
2040,16:30:00,Saturday,Male,Residential areas,Public (13?45 seats),other,Crossing,Asphalt roads,Dry,Daylight,Normal
2041,15:20:00,Sunday,Male,Office areas,Automobile,Undivided Two way,Y Shape,Earth roads,Dry,Daylight,Normal
2042,15:20:00,Sunday,Male,Office areas,Public (> 45 seats),Double carriageway (median),Y Shape,Asphalt roads,Dry,Daylight,Normal
2043,20:40:00,Tuesday,Male,Office areas,Lorry (41?100Q),other,Crossing,Asphalt roads,Dry,Darkness - lights lit,Normal
2044,20:40:00,Tuesday,Male,Office areas,Automobile,Undivided Two way,Crossing,Asphalt roads,Dry,Darkness - lights lit,Normal
2045,13:42:00,Wednesday,Male,Office areas,Lorry (11?40Q),One way,Y Shape,Asphalt roads,Dry,Daylight,Normal
2046,10:23:00,Wednesday,Male,Office areas,Public (13?45 seats),Undivided Two way,Y Shape,Asphalt roads,Dry,Daylight,Normal
2047,18:15:00,Thursday,Male,Office areas,Public (13?45 seats),other,Y Shape,Asphalt roads,Dry,Daylight,Normal
2049,4:05:00,Saturday,Male,Residential areas,Long lorry,One way,No junction,Asphalt roads,Dry,Darkness - lights lit,Normal
2050,4:05:00,Saturday,Male,Other,Lorry (41?100Q),One way,No junction,Asphalt roads,Dry,Darkness - lights lit,Normal
2051,13:45:00,Sunday,Male, Church areas,Lorry (11?40Q),Undivided Two way,Y Shape,Asphalt roads,Wet or damp,Daylight,Raining
2052,7:42:00,Thursday,Male,  Recreational areas,Lorry (41?100Q),other,Y Shape,Asphalt roads,Dry,Daylight,Normal
2053,7:42:00,Thursday,Male, Industrial areas,Public (12 seats),Undivided Two way,Y Shape,Asphalt roads,Dry,Daylight,Normal
2055,23:19:00,Friday,Male,Residential areas,Taxi,other,Y Shape,Asphalt roads,Dry,Darkness - lights lit,Normal
2057,17:43:00,Friday,Male,  Market areas,Automobile,Undivided Two way,Crossing,Asphalt roads,Dry,Daylight,Normal
2059,15:45:00,Thursday,Male, Industrial areas,Lorry (41?100Q),other,No junction,Asphalt roads,Dry,Daylight,Normal
2060,15:45:00,Thursday,Male,Residential areas,Automobile,Two-way (divided with solid lines road marking),No junction,Asphalt roads,Dry,Daylight,Normal
2061,19:30:00,Saturday,Male,Residential areas,Automobile,Undivided Two way,No junction,Asphalt roads,Dry,Daylight,Normal
2062,19:30:00,Saturday,Male,Other,Lorry (41?100Q),Undivided Two way,No junction,Asphalt roads,Dry,Daylight,Normal
2063,18:30:00,Saturday,Unknown,Residential areas,Automobile,other,Y Shape,Asphalt roads,Dry,Daylight,Normal
2064,18:30:00,Saturday,Male,Rural village areas,Automobile,Undivided Two way,Y Shape,Asphalt roads,Dry,Daylight,Normal
2065,15:20:00,Wednesday,Male,Rural village areas,Automobile,Undivided Two way,Y Shape,Asphalt roads,Dry,Daylight,Normal
2066,13:35:00,Wednesday,Male,Office areas,Taxi,Double carriageway (median),Y Shape,Asphalt roads,Dry,Daylight,Normal
2069,19:32:00,Tuesday,Male, Outside rural areas,Automobile,other,Y Shape,Asphalt roads,Dry,Darkness - lights lit,Normal
2070,22:45:00,Wednesday,Male,Residential areas,Pick up upto 10Q,other,Y Shape,Asphalt roads,Dry,Darkness - lights lit,Normal
2072,15:15:00,Monday,Male,Office areas,Automobile,Undivided Two way,Y Shape,Asphalt roads,Dry,Daylight,Normal
2073,15:15:00,Monday,Unknown,Office areas,Public (12 seats),Two-way (divided with broken lines road marking),Y Shape,Asphalt roads,Dry,Daylight,Normal