,time,Day_of_week,Sex_of_driver,Area_accident,Type_of_vehicle,Lanes_or_Medians,Types_of_Junction,Road_surface_type,Road_surface_conditions,Light_conditions,Weather_conditions
2074,14:55:00,Tuesday,Male,Office areas,Public (13?45 seats),Two-way (divided with broken lines road marking),Crossing,Gravel roads,Dry,Daylight,Normal
2075,14:55:00,Tuesday,Male,Other,Lorry (11?40Q),Undivided Two way,Crossing,Asphalt roads,Dry,Daylight,Normal
2076,7:40:00,Sunday,Male,Other,Stationwagen,Undivided Two way,Y Shape,Asphalt roads,Dry,Daylight,Normal
2077,7:40:00,Sunday,Male,Residential areas,Ridden horse,Two-way (divided with broken lines road marking),Y Shape,Asphalt roads,Dry,Daylight,Normal
2078,10:49:00,Sunday,Male,Other,Stationwagen,Two-way (divided with broken lines road marking),Y Shape,Asphalt roads,Dry,Daylight,Normal
2079,10:49:00,Sunday,Male,Other,Automobile,Undivided Two way,Y Shape,Asphalt roads,Dry,Daylight,Normal
2080,5:57:00,Friday,Male,Other,Automobile,Two-way (divided with broken lines road marking),Crossing,Asphalt roads,Wet or damp,Darkness - lights lit,Raining
2081,5:57:00,Friday,Male,Other,Other,Undivided Two way,Crossing,Asphalt roads,Wet or damp,Darkness - lights lit,Raining
2082,5:57:00,Friday,Male,Other,Taxi,Double carriageway (median),Crossing,Asphalt roads,Wet or damp,Darkness - lights lit,Raining
2083,5:57:00,Friday,Male,Other,Automobile,Two-way (divided with broken lines road marking),Crossing,Asphalt roads,Wet or damp,Darkness - lights lit,Raining
2084,7:59:00,Friday,Male, Church areas,Stationwagen,Two-way (divided with broken lines road marking),Y Shape,Asphalt roads,Dry,Daylight,Normal
2085,7:59:00,Friday,Male,Other,Automobile,Undivided Two way,Y Shape,Asphalt roads,Dry,Daylight,Normal
2086,21:44:00,Sunday,Male, Industrial areas,Public (12 seats),Two-way (divided with broken lines road marking),No junction,Asphalt roads,Dry,Darkness - lights lit,Normal
2088,17:40:00,Saturday,Male,Other,Automobile,Two-way (divided with broken lines road marking),No junction,Asphalt roads,Dry,Daylight,Normal
2089,17:40:00,Saturday,Male,Office areas,Lorry (41?100Q),Two-way (divided with broken lines road marking),No junction,Gravel roads,Dry,Daylight,Normal
2091,17:35:00,Sunday,Unknown, Industrial areas,Public (> 45 seats),Double carriageway (median),Crossing,Asphalt roads,Dry,Daylight,Normal
2093,18:10:00,Thursday,Male, Hospital areas,Public (12 seats),Two-way (divided with broken lines road marking),Y Shape,Asphalt roads,Dry,Daylight,Normal
2094,10:15:00,Thursday,Male,Office areas,Public (12 seats),One way,Crossing,Earth roads,Dry,Daylight,Normal
2095,10:15:00,Thursday,Male, Church areas,Automobile,Undivided Two way,Crossing,Asphalt roads,Dry,Daylight,Normal
2096,17:25:00,Monday,Male, Hospital areas,Automobile,Undivided Two way,Y Shape,Asphalt roads,Dry,Daylight,Normal
2098,9:00:00,Sunday,Male,Other,Lorry (41?100Q),Two-way (divided with broken lines road marking),Y Shape,Gravel roads,Dry,Daylight,Normal
2099,9:00:00,Sunday,Female,Office areas,Public (> 45 seats),Undivided Two way,Y Shape,Asphalt roads,Dry,Daylight,Normal
2102,11:20:00,Tuesday,Male,Office areas,Automobile,Undivided Two way,Y Shape,Earth roads,Dry,Daylight,Normal
2103,19:40:00,Tuesday,Male,Residential areas,Automobile,Undivided Two way,Crossing,Asphalt roads,Dry,Darkness - lights lit,Normal
2104,19:40:00,Tuesday,Male,Other,Lorry (41?100Q),Two-way (divided with broken lines road marking),Crossing,Asphalt roads,Dry,Darkness - lights lit,Normal
2105,18:22:00,Sunday,Male,Office areas,Automobile,Double carriageway (median),No junction,Asphalt roads,Dry,Daylight,Normal
2106,18:22:00,Sunday,Male,Office areas,Public (13?45 seats),Undivided Two way,No junction,Asphalt roads,Dry,Daylight,Normal
2107,17:17:00,Friday,Male,Office areas,Automobile,other,Crossing,Asphalt roads,Dry,Daylight,Normal
2108,4:49:00,Monday,Male,Other,Public (> 45 seats),Two-way (divided with broken lines road marking),Y Shape,Earth roads,Dry,Darkness - lights lit,Normal
2109,19:35:00,Tuesday,Male, Church areas,Lorry (41?100Q),Undivided Two way,No junction,Asphalt roads,Dry,Darkness - lights lit,Normal
2110,19:35:00,Tuesday,Male, Industrial areas,Automobile,Undivided Two way,No junction,Asphalt roads,Dry,Darkness - lights lit,Normal
2111,15:50:00,Monday,Male,Office areas,Lorry (11?40Q),Double carriageway (median),Y Shape,Asphalt roads,Dry,Daylight,Normal
2112,14:42:00,Monday,Male, Church areas,Public (13?45 seats),Undivided Two way,Y Shape,Asphalt roads,Dry,Daylight,Normal
2113,14:42:00,Monday,Unknown,Office areas,Public (13?45 seats),Undivided Two way,Y Shape,Asphalt roads,Dry,Daylight,Normal
2115,16:05:00,Tuesday,Male,Residential areas,Long lorry,Two-way (divided with broken lines road marking),O Shape,Asphalt roads,Dry,Daylight,Normal
2116,16:05:00,Tuesday,Male,Office areas,Lorry (41?100Q),Two-way (divided with broken lines road marking),O Shape,Asphalt roads,Dry,Daylight,Normal
2117,18:00:00,Tuesday,Male,Residential areas,Lorry (11?40Q),Undivided Two way,No junction,Asphalt roads,Dry,Daylight,Normal
2118,18:00:00,Tuesday,Male,Office areas,Lorry (41?100Q),Double carriageway (median),No junction,Asphalt roads,Dry,Daylight,Normal
2119,18:00:00,Tuesday,Female,Office areas,Public (12 seats),Double carriageway (median),No junction,Asphalt roads,Dry,Daylight,Normal
2121,18:00:00,Tuesday,Male,Other,Taxi,Two-way (divided with broken lines road marking),Crossing,Asphalt roads,Dry,Daylight,Normal
2123,22:15:00,Friday,Female, Church areas,Automobile,Two-way (divided with broken lines road marking),O Shape,Asphalt roads,Dry,Darkness - lights lit,Normal
2125,15:40:00,Wednesday,Male,Residential areas,Lorry (41?100Q),Double carriageway (median),Y Shape,Other,Wet or damp,Daylight,Normal
2126,22:45:00,Thursday,Male,Office areas,Automobile,Two-way (divided with broken lines road marking),No junction,Gravel roads,Dry,Darkness - lights lit,Normal
2127,22:45:00,Thursday,Male,Office areas,Automobile,Two-way (divided with broken lines road marking),No junction,Gravel roads,Dry,Darkness - lights lit,Normal
2128,8:00:00,Thursday,Male,Residential areas,Lorry (41?100Q),Two-way (divided with broken lines road marking),Crossing,Asphalt roads,Dry,Daylight,Normal
2129,8:00:00,Thursday,Male, Church areas,Automobile,other,Crossing,Asphalt roads,Dry,Daylight,Normal
2130,12:24:00,Saturday,Male,Other,Automobile,Two-way (divided with broken lines road marking),Crossing,Earth roads,Dry,Daylight,Normal
2131,12:45:00,Saturday,Male,Office areas,Automobile,Two-way (divided with broken lines road marking),Y Shape,Asphalt roads,Dry,Daylight,Normal
2132,12:45:00,Saturday,Male,Other,Taxi,Two-way (divided with broken lines road marking),Y Shape,Asphalt roads,Dry,Daylight,Normal
2135,21:55:00,Sunday,Male,Residential areas,Automobile,Two-way (divided with broken lines road marking),Crossing,Earth roads,Dry,Darkness - lights lit,Normal
2136,11:50:00,Monday,Male, Church areas,Pick up upto 10Q,Undivided Two way,Y Shape,Asphalt roads,Dry,Daylight,Normal
2138,18:09:00,Monday,Male,Other,Automobile,One way,No junction,Asphalt roads,Dry,Daylight,Normal
2139,18:09:00,Monday,Male,Residential areas,Public (12 seats),Two-way (divided with broken lines road marking),No junction,Asphalt roads,Dry,Daylight,Normal
2140,7:50:00,Thursday,Male,Office areas,Public (13?45 seats),One way,Crossing,Asphalt roads,Dry,Daylight,Normal
2141,7:50:00,Thursday,Male, Industrial areas,Lorry (11?40Q),Two-way (divided with broken lines road marking),Crossing,Asphalt roads,Dry,Daylight,Normal
2142,12:17:00,Tuesday,Unknown,Residential areas,Stationwagen,Double carriageway (median),No junction,Asphalt roads,Dry,Daylight,Normal
2143,12:17:00,Tuesday,Female,Office areas,Ridden horse,Unknown,No junction,Asphalt roads,Dry,Daylight,Normal
2145,17:19:00,Tuesday,Male, Church areas,Automobile,other,No junction,Asphalt roads,Dry,Daylight,Normal
2147,17:00:00,Saturday,Male,  Recreational areas,Other,One way,Y Shape,Asphalt roads,Dry,Daylight,Normal
2148,17:00:00,Saturday,Male,  Market areas,Taxi,Undivided Two way,Y Shape,Asphalt roads,Dry,Daylight,Normal
2149,17:10:00,Saturday,Male,Other,Automobile,Two-way (divided with broken lines road marking),Y Shape,Asphalt roads,Dry,Daylight,Normal
2150,17:10:00,Saturday,Male,Other,Stationwagen,Two-way (divided with broken lines road marking),Y Shape,Asphalt roads,Dry,Daylight,Normal
2151,6:30:00,Saturday,Male, Industrial areas,Automobile,Two-way (divided with broken lines road marking),Crossing,Earth roads,Dry,Daylight,Normal
2152,6:30:00,Saturday,Male,Other,Public (12 seats),Two-way (divided with broken lines road marking),Crossing,Asphalt roads,Dry,Daylight,Normal
2155,22:42:00,Thursday,Male,Office areas,Lorry (41?100Q),Two-way (divided with broken lines road marking),Y Shape,Asphalt roads,Dry,Darkness - lights lit,Normal
2156,12:43:00,Thursday,Male,Office areas,Automobile,Undivided Two way,Crossing,Asphalt roads,Dry,Daylight,Normal
2157,12:43:00,Thursday,Male,Other,Public (> 45 seats),other,Crossing,Asphalt roads,Dry,Daylight,Normal
2158,4:15:00,Sunday,Male,Other,Lorry (41?100Q),other,Y Shape,Asphalt roads,Dry,Darkness - lights lit,Normal
2159,4:15:00,Sunday,Male,Other,Public (> 45 seats),Undivided Two way,Y Shape,Asphalt roads,Dry,Darkness - lights lit,Normal
2162,14:30:00,Tuesday,Male, Church areas,Automobile,Undivided Two way,Crossing,Asphalt roads,Dry,Daylight,Normal
2163,21:45:00,Wednesday,Male,Office areas,Automobile,Double carriageway (median),Y Shape,Asphalt roads,Dry,Darkness - lights lit,Normal
2164,21:45:00,Wednesday,Male, Church areas,Lorry (41?100Q),other,Y Shape,Asphalt roads,Dry,Darkness - lights lit,Normal
2165,21:45:00,Wednesday,Male,Other,Automobile,Two-way (divided with broken lines road marking),Y Shape,Asphalt roads,Dry,Darkness - lights lit,Normal
2167,13:09:00,Thursday,Male,School areas,Automobile,other,Y Shape,Asphalt roads,Dry,Daylight,Normal
2168,13:09:00,Thursday,Male,Office areas,Public (> 45 seats),Two-way (divided with broken lines road marking),Y Shape,Earth roads,Dry,Daylight,Normal
2169,18:07:00,Monday,Male,Other,Lorry (41?100Q),other,Y Shape,Asphalt roads,Wet or damp,Daylight,Raining
2170,8:25:00,Sunday,Male,Office areas,Automobile,Undivided Two way,Y Shape,Asphalt roads,Dry,Daylight,Normal
2171,11:15:00,Saturday,Male,Other,Lorry (11?40Q),Undivided Two way,Crossing,Asphalt roads,Dry,Daylight,Normal
2172,11:15:00,Saturday,Male,Other,Public (13?45 seats),Two-way (divided with broken lines road marking),Crossing,Asphalt roads,Dry,Daylight,Normal
2173,17:50:00,Friday,Male,Office areas,Public (13?45 seats),Undivided Two way,Crossing,Asphalt roads,Dry,Daylight,Normal
2175,15:05:00,Tuesday,Male, Church areas,Long lorry,other,Y Shape,Asphalt roads,Dry,Daylight,Normal
2176,15:05:00,Tuesday,Male,Office areas,Lorry (41?100Q),Two-way (divided with broken lines road marking),Y Shape,Asphalt roads,Dry,Daylight,Normal
2177,9:57:00,Wednesday,Male,Office areas,Lorry (11?40Q),Two-way (divided with broken lines road marking),No junction,Asphalt roads,Dry,Daylight,Normal
2178,9:57:00,Wednesday,Male,Other,Lorry (41?100Q),Undivided Two way,No junction,Asphalt roads,Dry,Daylight,Normal
2179,16:30:00,Wednesday,Male,Residential areas,Public (12 seats),Undivided Two way,No junction,Asphalt roads,Dry,Daylight,Normal
2185,1:46:00,Sunday,Male,Other,Lorry (41?100Q),Two-way (divided with broken lines road marking),Y Shape,Asphalt roads,Dry,Darkness - lights lit,Normal
2187,18:45:00,Friday,Male, Church areas,Automobile,Two-way (divided with broken lines road marking),Y Shape,Asphalt roads,Dry,Daylight,Normal
2189,21:35:00,Monday,Male,Other,Automobile,Two-way (divided with broken lines road marking),O Shape,Asphalt roads,Dry,Darkness - lights lit,Normal
2190,21:51:00,Wednesday,Male,Residential areas,Automobile,Double carriageway (median),Y Shape,Asphalt roads,Dry,Darkness - lights lit,Normal
2191,21:51:00,Wednesday,Male,Office areas,Automobile,Two-way (divided with broken lines road marking),Y Shape,Asphalt roads,Dry,Darkness - lights lit,Normal
2192,10:00:00,Friday,Male,Office areas,Taxi,Undivided Two way,No junction,Asphalt roads,Dry,Daylight,Normal
2195,15:50:00,Thursday,Male,Office areas,Automobile,Two-way (divided with broken lines road marking),Y Shape,Asphalt roads,Dry,Daylight,Normal
2196,19:00:00,Monday,Male,Office areas,Pick up upto 10Q,Two-way (divided with broken lines road marking),Crossing,Gravel roads,Dry,Daylight,Normal
2198,17:30:00,Tuesday,Male,Office areas,Automobile,Two-way (divided with broken lines road marking),Y Shape,Asphalt roads,Dry,Daylight,Normal
2199,17:30:00,Tuesday,Male,Other,Public (12 seats),Two-way (divided with broken lines road marking),Y Shape,Asphalt roads,Dry,Daylight,Normal
2200,17:30:00,Tuesday,Male,Residential areas,Public (13?45 seats),Double carriageway (median),Y Shape,Asphalt roads,Dry,Daylight,Normal
2201,14:03:00,Tuesday,Male, Church areas,Lorry (11?40Q),Undivided Two way,O Shape,Asphalt roads,Dry,Daylight,Normal
2202,19:15:00,Wednesday,Male,Other,Stationwagen,Two-way (divided with broken lines road marking),Y Shape,Asphalt roads,Dry,Daylight,Normal
2203,19:15:00,Wednesday,Male,  Recreational areas,Ridden horse,Two-way (divided with broken lines road marking),Y Shape,Asphalt roads,Dry,Daylight,Normal
2205,16:10:00,Friday,Male, Industrial areas,Automobile,Undivided Two way,Y Shape,Asphalt roads,Dry,Daylight,Normal
2206,20:10:00,Friday,Male,Other,Automobile,Two-way (divided with broken lines road marking),No junction,Asphalt roads,Dry,Darkness - lights lit,Normal
2207,20:10:00,Friday,Male,Other,Other,other,No junction,Asphalt roads,Dry,Darkness - lights lit,Normal
2208,20:10:00,Friday,Male, Church areas,Taxi,other,No junction,Asphalt roads,Dry,Darkness - lights lit,Normal
2209,19:40:00,Saturday,Male, Church areas,Automobile,Undivided Two way,No junction,Asphalt roads,Dry,Darkness - lights lit,Normal
2210,1:00:00,Sunday,Male,Other,Stationwagen,Two-way (divided with broken lines road marking),Y Shape,Asphalt roads,Dry,Darkness - lights lit,Normal
2211,1:00:00,Sunday,Male,Other,Automobile,One way,Y Shape,Asphalt roads,Dry,Darkness - lights lit,Normal
2212,21:39:00,Saturday,Male,  Recreational areas,Public (12 seats),Two-way (divided with broken lines road marking),Y Shape,Asphalt roads,Dry,Darkness - lights lit,Normal
2214,11:45:00,Sunday,Male,Office areas,Automobile,Undivided Two way,Y Shape,Other,Dry,Daylight,Normal
2215,11:45:00,Sunday,Male, Church areas,Lorry (41?100Q),Two-way (divided with broken lines road marking),Y Shape,Asphalt roads,Dry,Daylight,Normal
2217,8:40:00,Wednesday,Male,Office areas,Public (> 45 seats),Undivided Two way,No junction,Asphalt roads,Dry,Daylight,Normal
2219,13:57:00,Monday,Male,Residential areas,Public (12 seats),Two-way (divided with broken lines road marking),Y Shape,Asphalt roads,Wet or damp,Daylight,Raining
2220,16:09:00,Monday,Male,Office areas,Public (12 seats),Two-way (divided with broken lines road marking),Y Shape,Asphalt roads,Wet or damp,Daylight,Raining
2221,10:35:00,Wednesday,Male,Residential areas,Automobile,other,Crossing,Asphalt roads,Dry,Daylight,Normal
2222,10:35:00,Wednesday,Male,Residential areas,Automobile,Two-way (divided with broken lines road marking),Crossing,Asphalt roads,Dry,Daylight,Normal
2223,17:05:00,Tuesday,Male,Other,Public (> 45 seats),Double carriageway (median),Y Shape,Asphalt roads,Dry,Daylight,Normal
2224,17:05:00,Tuesday,Male, Hospital areas,Lorry (41?100Q),One way,Y Shape,Asphalt roads,Dry,Daylight,Normal
2225,11:00:00,Wednesday,Male,Other,Public (> 45 seats),Undivided Two way,Crossing,Earth roads,Dry,Daylight,Normal
2229,15:25:00,Tuesday,Male,Other,Automobile,Undivided Two way,No junction,Asphalt roads,Dry,Daylight,Normal
2230,15:25:00,Tuesday,Male,Other,Lorry (41?100Q),Undivided Two way,No junction,Earth roads,Dry,Daylight,Normal
2231,19:00:00,Thursday,Male,Office areas,Automobile,Two-way (divided with broken lines road marking),No junction,Asphalt roads,Dry,Daylight,Normal
2232,19:00:00,Thursday,Female,Other,Public (13?45 seats),Two-way (divided with broken lines road marking),No junction,Asphalt roads,Dry,Daylight,Normal
2233,8:21:00,Thursday,Male,Residential areas,Automobile,Two-way (divided with broken lines road marking),Y Shape,Earth roads,Wet or damp,Daylight,Raining
2234,8:21:00,Thursday,Male,Other,Public (> 45 seats),Undivided Two way,Y Shape,Asphalt roads,Wet or damp,Daylight,Raining
2235,8:30:00,Thursday,Male,Other,Lorry (41?100Q),Undivided Two way,Crossing,Asphalt roads,Dry,Daylight,Normal
2236,8:30:00,Thursday,Male, Church areas,Automobile,Undivided Two way,Crossing,Asphalt roads,Dry,Daylight,Normal
2237,18:21:00,Sunday,Male,Office areas,Lorry (11?40Q),Undivided Two way,Y Shape,Asphalt roads,Dry,Daylight,Normal
2238,18:21:00,Sunday,Male,School areas,Public (13?45 seats),other,Y Shape,Asphalt roads,Dry,Daylight,Normal
2239,18:40:00,Saturday,Male,Other,Public (13?45 seats),Undivided Two way,Y Shape,Asphalt roads,Dry,Daylight,Normal
2241,4:02:00,Sunday,Male,Residential areas,Long lorry,other,Crossing,Asphalt roads,Dry,Darkness - lights lit,Normal
2242,4:02:00,Sunday,Male, Industrial areas,Lorry (41?100Q),One way,Crossing,Asphalt roads,Dry,Darkness - lights lit,Normal
2243,4:02:00,Sunday,Male,Other,Lorry (11?40Q),Undivided Two way,Crossing,Asphalt roads,Dry,Darkness - lights lit,Normal
2244,4:02:00,Sunday,Male,Residential areas,Lorry (41?100Q),Undivided Two way,Crossing,Asphalt roads,Dry,Darkness - lights lit,Normal
2245,12:47:00,Saturday,Male,  Recreational areas,Public (12 seats),Two-way (divided with broken lines road marking),No junction,Asphalt roads,Dry,Daylight,Normal
2247,14:23:00,Sunday,Male, Outside rural areas,Taxi,Two-way (divided with broken lines road marking),No junction,Asphalt roads,Dry,Daylight,Normal
2249,14:32:00,Monday,Male, Outside rural areas,Automobile,Undivided Two way,Crossing,Asphalt roads,Dry,Daylight,Normal
2251,14:32:00,Monday,Male, Outside rural areas,Lorry (41?100Q),other,Crossing,Asphalt roads,Dry,Daylight,Normal
2252,14:32:00,Monday,Male,School areas,Automobile,other,Crossing,Asphalt roads,Dry,Daylight,Normal
2253,8:40:00,Wednesday,Male, Outside rural areas,Automobile,Two-way (divided with broken lines road marking),Y Shape,Asphalt roads,Dry,Daylight,Normal
2254,8:40:00,Wednesday,Male, Outside rural areas,Lorry (41?100Q),Undivided Two way,Y Shape,Asphalt roads,Dry,Daylight,Normal
2255,18:33:00,Tuesday,Male, Outside rural areas,Automobile,Two-way (divided with broken lines road marking),Crossing,Asphalt roads,Dry,Daylight,Normal
2256,18:33:00,Tuesday,Male, Outside rural areas,Automobile,Two-way (divided with broken lines road marking),Crossing,Asphalt roads,Dry,Daylight,Normal
2257,10:50:00,Thursday,Male,Office areas,Automobile,Undivided Two way,Y Shape,Asphalt roads,Dry,Daylight,Normal
2258,10:50:00,Thursday,Male, Outside rural areas,Taxi,Undivided Two way,Y Shape,Asphalt roads,Dry,Daylight,Normal
2261,9:20:00,Wednesday,Male,Office areas,Automobile,Undivided Two way,Y Shape,Asphalt roads,Dry,Daylight,Normal
2262,9:20:00,Wednesday,Male,  Recreational areas,Pick up upto 10Q,Undivided Two way,Y Shape,Asphalt roads,Dry,Daylight,Normal
2264,11:00:00,Wednesday,Male,Other,Automobile,Two-way (divided with broken lines road marking),Y Shape,Asphalt roads,Dry,Daylight,Normal
2265,11:35:00,Tuesday,Male,Residential areas,Public (12 seats),Two-way (divided with broken lines road marking),Y Shape,Asphalt roads,Dry,Daylight,Normal
2266,11:35:00,Tuesday,Male,Residential areas,Public (13?45 seats),other,Y Shape,Gravel roads,Dry,Daylight,Normal
2267,12:30:00,Tuesday,Male,Residential areas,Lorry (11?40Q),Undivided Two way,Y Shape,Asphalt roads,Dry,Daylight,Normal
2268,12:30:00,Tuesday,Male,Other,Stationwagen,Undivided Two way,Y Shape,Asphalt roads,Dry,Daylight,Normal
2269,18:35:00,Thursday,Male,Office areas,Ridden horse,Two-way (divided with broken lines road marking),No junction,Asphalt roads,Dry,Darkness - lights lit,Normal
2270,18:35:00,Thursday,Male,Other,Stationwagen,Two-way (divided with broken lines road marking),No junction,Asphalt roads,Dry,Darkness - lights lit,Normal
2271,16:30:00,Saturday,Male,Other,Automobile,other,No junction,Asphalt roads,Dry,Daylight,Normal
2272,16:30:00,Saturday,Male,Office areas,Automobile,Two-way (divided with broken lines road marking),No junction,Asphalt roads,Dry,Daylight,Normal
2273,21:25:00,Saturday,Male, Church areas,Other,other,Crossing,Asphalt roads,Dry,Darkness - lights lit,Normal
2274,21:25:00,Saturday,Male,Other,Taxi,Two-way (divided with broken lines road marking),Crossing,Asphalt roads,Dry,Darkness - lights lit,Normal
2275,21:20:00,Saturday,Male,Other,Automobile,One way,Y Shape,Asphalt roads,Dry,Darkness - lights lit,Normal
2276,8:43:00,Tuesday,Male,Office areas,Stationwagen,Double carriageway (median),Y Shape,Asphalt roads,Dry,Daylight,Normal
2277,16:49:00,Tuesday,Male,Office areas,Automobile,One way,Y Shape,Asphalt roads,Dry,Daylight,Normal
2278,16:49:00,Tuesday,Male,Office areas,Public (12 seats),Undivided Two way,Y Shape,Asphalt roads,Dry,Daylight,Normal
2281,18:57:00,Thursday,Male,Office areas,Lorry (41?100Q),Undivided Two way,Crossing,Gravel roads,Dry,Darkness - lights lit,Normal
2283,17:00:00,Thursday,Male,Other,Public (> 45 seats),Double carriageway (median),No junction,Asphalt roads,Dry,Daylight,Normal
2287,8:03:00,Monday,Male,Office areas,Automobile,Two-way (divided with broken lines road marking),No junction,Asphalt roads,Dry,Daylight,Normal
2290,16:40:00,Monday,Male,Office areas,Lorry (41?100Q),Two-way (divided with broken lines road marking),Y Shape,Gravel roads,Dry,Daylight,Normal
2291,7:40:00,Monday,Male,Residential areas,Public (12 seats),Two-way (divided with broken lines road marking),Crossing,Asphalt roads,Dry,Daylight,Normal
2293,4:46:00,Tuesday,Male,Office areas,Automobile,Undivided Two way,Crossing,Asphalt roads,Dry,Darkness - lights lit,Normal
2294,4:46:00,Tuesday,Male,Other,Automobile,Undivided Two way,Crossing,Earth roads,Dry,Darkness - lights lit,Normal
2295,14:19:00,Tuesday,Male,Other,Automobile,Double carriageway (median),Y Shape,Asphalt roads,Dry,Daylight,Normal
2296,14:19:00,Tuesday,Male,Other,Bajaj,Double carriageway (median),Y Shape,Asphalt roads,Dry,Daylight,Normal
2297,18:15:00,Tuesday,Male,Other,Public (12 seats),Two-way (divided with broken lines road marking),O Shape,Asphalt roads,Dry,Daylight,Normal
2298,18:15:00,Tuesday,Male,Office areas,Lorry (11?40Q),Double carriageway (median),O Shape,Asphalt roads,Dry,Daylight,Normal
2299,7:50:00,Tuesday,Male,Office areas,Automobile,Two-way (divided with broken lines road marking),Crossing,Asphalt roads,Dry,Daylight,Normal
2302,8:20:00,Wednesday,Male,Office areas,Public (> 45 seats),One way,No junction,Asphalt roads,Dry,Daylight,Normal
2305,16:47:00,Wednesday,Male,Other,Automobile,Undivided Two way,Crossing,Asphalt roads,Dry,Daylight,Normal
2306,23:50:00,Wednesday,Male,Other,Automobile,Two-way (divided with broken lines road marking),Y Shape,Asphalt roads,Dry,Darkness - lights lit,Normal
2307,14:30:00,Wednesday,Male,Residential areas,Lorry (41?100Q),Two-way (divided with broken lines road marking),Y Shape,Asphalt roads,Dry,Daylight,Normal
2308,8:10:00,Friday,Male,Other,Automobile,Two-way (divided with broken lines road marking),Y Shape,Asphalt roads,Dry,Daylight,Normal
2309,8:10:00,Friday,Male,Other,Public (13?45 seats),Two-way (divided with broken lines road marking),Y Shape,Asphalt roads,Dry,Daylight,Normal
2310,21:12:00,Wednesday,Male,Other,Automobile,Two-way (divided with broken lines road marking),Crossing,Asphalt roads,Wet or damp,Darkness - lights lit,Raining
2311,21:12:00,Wednesday,Male,Other,Public (> 45 seats),Undivided Two way,Crossing,Asphalt roads,Wet or damp,Darkness - lights lit,Raining
2312,21:12:00,Wednesday,Male, Industrial areas,Lorry (41?100Q),Undivided Two way,Crossing,Earth roads,Wet or damp,Darkness - lights lit,Raining
2313,19:10:00,Saturday,Male, Industrial areas,Automobile,Undivided Two way,Crossing,Asphalt roads,Dry,Darkness - lights lit,Normal
2314,19:10:00,Saturday,Male, Church areas,Lorry (11?40Q),Double carriageway (median),Crossing,Asphalt roads,Dry,Darkness - lights lit,Normal
2315,11:56:00,Sunday,Male,Other,Public (13?45 seats),Undivided Two way,Y Shape,Asphalt roads,Dry,Daylight,Normal
2316,11:56:00,Sunday,Male,Other,Public (13?45 seats),Undivided Two way,Y Shape,Asphalt roads,Dry,Daylight,Normal
2318,7:14:00,Friday,Male,Office areas,Long lorry,Undivided Two way,Crossing,Gravel roads,Dry,Daylight,Normal
2319,7:14:00,Friday,Male,Residential areas,Lorry (41?100Q),Two-way (divided with broken lines road marking),Crossing,Gravel roads,Dry,Daylight,Normal
2320,14:30:00,Friday,Male, Industrial areas,Lorry (11?40Q),Undivided Two way,No junction,Asphalt roads,Dry,Daylight,Normal
2321,14:30:00,Friday,Male,Office areas,Lorry (41?100Q),Undivided Two way,No junction,Asphalt roads,Dry,Daylight,Normal
2322,7:55:00,Monday,Male,Other,Public (12 seats),Undivided Two way,Crossing,Earth roads,Dry,Daylight,Normal
2324,13:35:00,Monday,Male,Residential areas,Taxi,Undivided Two way,Y Shape,Asphalt roads,Dry,Daylight,Normal
2326,12:37:00,Saturday,Male,Residential areas,Automobile,other,Y Shape,Asphalt roads,Dry,Daylight,Normal
2328,18:23:00,Wednesday,Male, Church areas,Lorry (41?100Q),Two-way (divided with broken lines road marking),Y Shape,Asphalt roads,Dry,Darkness - lights lit,Normal
2329,21:09:00,Wednesday,Male,Residential areas,Automobile,Two-way (divided with broken lines road marking),Crossing,Asphalt roads,Dry,Darkness - lights lit,Normal
2330,21:09:00,Wednesday,Male,School areas,Automobile,other,Crossing,Asphalt roads,Dry,Darkness - lights lit,Normal
2331,15:23:00,Wednesday,Male, Hospital areas,Lorry (41?100Q),other,Y Shape,Asphalt roads,Wet or damp,Daylight,Raining
2332,15:23:00,Wednesday,Male,Other,Automobile,Undivided Two way,Y Shape,Asphalt roads,Wet or damp,Daylight,Raining
2333,15:23:00,Wednesday,Male,School areas,Automobile,Double carriageway (median),Y Shape,Asphalt roads,Wet or damp,Daylight,Raining
2334,12:30:00,Wednesday,Male,Other,Automobile,other,No junction,Asphalt roads,Dry,Daylight,Normal
2335,12:30:00,Wednesday,Male, Industrial areas,Taxi,Undivided Two way,No junction,Asphalt roads,Dry,Daylight,Normal
2338,3:56:00,Sunday,Male,Other,Automobile,Two-way (divided with broken lines road marking),Crossing,Earth roads,Dry,Darkness - lights lit,Normal
2339,3:56:00,Sunday,Male,Office areas,Pick up upto 10Q,Double carriageway (median),Crossing,Asphalt roads,Dry,Darkness - lights lit,Normal
2341,10:40:00,Sunday,Male,Office areas,Automobile,Double carriageway (median),Y Shape,Asphalt roads,Dry,Daylight,Normal
2342,18:41:00,Thursday,Male,Residential areas,Public (12 seats),Double carriageway (median),Crossing,Asphalt roads,Dry,Darkness - lights lit,Normal