,time,Day_of_week,Sex_of_driver,Area_accident,Type_of_vehicle,Lanes_or_Medians,Types_of_Junction,Road_surface_type,Road_surface_conditions,Light_conditions,Weather_conditions
2343,18:41:00,Thursday,Male,Office areas,Public (13?45 seats),Double carriageway (median),Crossing,Earth roads,Dry,Darkness - lights lit,Normal
2344,22:10:00,Thursday,Male,Other,Lorry (11?40Q),Undivided Two way,No junction,Asphalt roads,Dry,Darkness - lights lit,Normal
2345,20:41:00,Monday,Male, Industrial areas,Stationwagen,One way,Crossing,Asphalt roads,Dry,Darkness - lights lit,Normal
2346,20:41:00,Monday,Male,Other,Automobile,One way,Crossing,Asphalt roads,Dry,Darkness - lights lit,Normal
2347,0:15:00,Friday,Male,Office areas,Public (> 45 seats),Double carriageway (median),No junction,Asphalt roads,Wet or damp,Darkness - lights lit,Raining
2348,2:15:00,Saturday,Male,Office areas,Lorry (41?100Q),Two-way (divided with broken lines road marking),Y Shape,Asphalt roads,Dry,Darkness - lights lit,Normal
2352,15:20:00,Monday,Male,Office areas,Automobile,Two-way (divided with broken lines road marking),No junction,Other,Dry,Daylight,Normal
2353,15:20:00,Monday,Male,Office areas,Automobile,Undivided Two way,No junction,Asphalt roads,Dry,Daylight,Normal
2354,19:25:00,Saturday,Male,Other,Lorry (41?100Q),Undivided Two way,Crossing,Asphalt roads,Dry,Darkness - lights lit,Normal
2355,19:25:00,Saturday,Male,Other,Automobile,Undivided Two way,Crossing,Asphalt roads,Dry,Darkness - lights lit,Normal
2356,7:00:00,Friday,Male,  Recreational areas,Public (13?45 seats),Undivided Two way,Y Shape,Asphalt roads,Dry,Daylight,Normal
2357,7:00:00,Friday,Male, Church areas,Automobile,Undivided Two way,Y Shape,Asphalt roads,Dry,Daylight,Normal
2358,11:40:00,Tuesday,Male,  Recreational areas,Public (> 45 seats),other,Y Shape,Asphalt roads,Dry,Daylight,Normal
2359,22:39:00,Wednesday,Male,School areas,Lorry (41?100Q),other,Y Shape,Asphalt roads,Dry,Darkness - lights lit,Normal
2360,19:30:00,Tuesday,Male, Church areas,Automobile,Double carriageway (median),Y Shape,Earth roads,Dry,Darkness - lights lit,Normal
2362,12:07:00,Tuesday,Male,Residential areas,Public (13?45 seats),One way,No junction,Asphalt roads,Dry,Daylight,Normal
2363,12:07:00,Tuesday,Male,Other,Public (13?45 seats),One way,No junction,Asphalt roads,Dry,Daylight,Normal
2365,22:40:00,Friday,Male, Industrial areas,Long lorry,One way,Y Shape,Asphalt roads,Dry,Darkness - lights lit,Normal
2366,16:00:00,Sunday,Male, Church areas,Lorry (41?100Q),other,Y Shape,Asphalt roads,Dry,Daylight,Normal
2367,16:00:00,Sunday,Male,Office areas,Lorry (11?40Q),other,Y Shape,Asphalt roads,Dry,Daylight,Normal
2368,16:00:00,Sunday,Female,Office areas,Lorry (41?100Q),Undivided Two way,Y Shape,Asphalt roads,Dry,Daylight,Normal
2369,20:55:00,Sunday,Male,Office areas,Public (12 seats),Double carriageway (median),Y Shape,Asphalt roads,Dry,Darkness - lights lit,Normal
2371,8:50:00,Sunday,Male,Office areas,Taxi,Undivided Two way,Crossing,Asphalt roads,Dry,Daylight,Normal
2373,21:41:00,Friday,Male, Industrial areas,Automobile,Two-way (divided with broken lines road marking),Y Shape,Asphalt roads,Dry,Darkness - lights lit,Normal
2375,11:36:00,Friday,Male,Other,Lorry (41?100Q),Two-way (divided with broken lines road marking),Crossing,Asphalt roads,Dry,Daylight,Normal
2376,11:36:00,Friday,Male,Other,Automobile,One way,Crossing,Earth roads,Dry,Daylight,Normal
2377,14:15:00,Friday,Male,Other,Automobile,One way,Y Shape,Asphalt roads,Dry,Daylight,Normal
2379,21:23:00,Saturday,Male,Other,Automobile,Two-way (divided with broken lines road marking),Crossing,Asphalt roads,Wet or damp,Darkness - lights lit,Normal
2380,21:23:00,Saturday,Male,Residential areas,Automobile,other,Crossing,Asphalt roads,Wet or damp,Darkness - lights lit,Normal
2381,14:58:00,Monday,Male,Office areas,Automobile,Two-way (divided with broken lines road marking),No junction,Asphalt roads,Dry,Daylight,Normal
2382,14:58:00,Monday,Male,Office areas,Taxi,Two-way (divided with broken lines road marking),No junction,Asphalt roads,Dry,Daylight,Normal
2385,17:45:00,Wednesday,Male,Office areas,Automobile,Two-way (divided with broken lines road marking),Crossing,Asphalt roads,Dry,Darkness - lights lit,Normal
2386,19:15:00,Thursday,Male,Office areas,Pick up upto 10Q,Undivided Two way,Y Shape,Asphalt roads,Wet or damp,Darkness - lights lit,Raining
2388,21:15:00,Friday,Male,Other,Automobile,Two-way (divided with broken lines road marking),Y Shape,Gravel roads,Dry,Darkness - lights lit,Normal
2389,21:15:00,Friday,Male,Residential areas,Public (12 seats),Two-way (divided with broken lines road marking),Y Shape,Asphalt roads,Dry,Darkness - lights lit,Normal
2390,21:05:00,Sunday,Male,Other,Public (13?45 seats),Undivided Two way,Crossing,Asphalt roads,Dry,Darkness - lights lit,Raining and Windy
2391,21:05:00,Sunday,Female,Office areas,Lorry (11?40Q),Undivided Two way,Crossing,Asphalt roads,Dry,Darkness - lights lit,Raining and Windy
2392,21:30:00,Saturday,Male,Office areas,Stationwagen,Undivided Two way,Crossing,Asphalt roads,Dry,Darkness - lights lit,Normal
2393,21:30:00,Saturday,Male,Other,Ridden horse,Undivided Two way,Crossing,Asphalt roads,Dry,Darkness - lights lit,Normal
2395,12:15:00,Monday,Male,Other,Automobile,Undivided Two way,Y Shape,Asphalt roads,Dry,Daylight,Normal
2397,17:35:00,Wednesday,Male,Office areas,Other,Two-way (divided with broken lines road marking),Crossing,Asphalt roads,Dry,Darkness - lights lit,Normal
2398,17:35:00,Wednesday,Male,Other,Taxi,Two-way (divided with broken lines road marking),Crossing,Asphalt roads,Dry,Darkness - lights lit,Normal
2399,9:51:00,Tuesday,Male, Church areas,Automobile,other,Crossing,Asphalt roads,Dry,Daylight,Normal
2400,9:51:00,Tuesday,Male, Industrial areas,Stationwagen,Undivided Two way,Crossing,Asphalt roads,Dry,Daylight,Normal
2401,16:20:00,Wednesday,Male,Other,Automobile,Undivided Two way,Y Shape,Asphalt roads,Dry,Daylight,Normal
2402,16:20:00,Wednesday,Male,Other,Public (12 seats),Two-way (divided with broken lines road marking),Y Shape,Asphalt roads,Dry,Daylight,Normal
2404,18:00:00,Wednesday,Male,Other,Automobile,One way,Y Shape,Asphalt roads,Wet or damp,Darkness - lights lit,Raining
2405,18:00:00,Wednesday,Unknown,  Recreational areas,Lorry (41?100Q),Undivided Two way,Y Shape,Asphalt roads,Wet or damp,Darkness - lights lit,Raining
2407,19:31:00,Thursday,Male, Church areas,Public (> 45 seats),Two-way (divided with broken lines road marking),No junction,Asphalt roads,Wet or damp,Darkness - lights lit,Raining
2409,15:33:00,Thursday,Male,Office areas,Public (12 seats),Two-way (divided with broken lines road marking),Crossing,Asphalt roads,Dry,Daylight,Normal
2410,15:33:00,Thursday,Male,Other,Public (12 seats),Two-way (divided with broken lines road marking),Crossing,Asphalt roads,Dry,Daylight,Normal
2411,14:50:00,Friday,Male,Office areas,Automobile,Undivided Two way,Y Shape,Asphalt roads,Dry,Daylight,Normal
2413,18:52:00,Saturday,Male,Other,Automobile,One way,No junction,Asphalt roads,Wet or damp,Darkness - lights lit,Normal
2414,16:50:00,Saturday,Male,Residential areas,Lorry (41?100Q),Undivided Two way,Y Shape,Other,Dry,Darkness - lights lit,Normal
2415,16:50:00,Saturday,Male,  Recreational areas,Public (12 seats),One way,Y Shape,Asphalt roads,Dry,Darkness - lights lit,Normal
2416,9:55:00,Saturday,Male, Church areas,Lorry (11?40Q),Undivided Two way,Y Shape,Asphalt roads,Dry,Daylight,Normal
2417,9:10:00,Friday,Male,Other,Automobile,One way,No junction,Asphalt roads,Wet or damp,Daylight,Raining
2418,9:10:00,Friday,Male,Other,Automobile,Undivided Two way,No junction,Asphalt roads,Wet or damp,Daylight,Raining
2419,18:09:00,Monday,Male,Other,Automobile,Two-way (divided with broken lines road marking),Crossing,Asphalt roads,Dry,Darkness - lights lit,Normal
2420,18:09:00,Monday,Male,Residential areas,Bajaj,other,Crossing,Asphalt roads,Dry,Darkness - lights lit,Normal
2421,18:09:00,Monday,Male,School areas,Public (12 seats),other,Crossing,Asphalt roads,Dry,Darkness - lights lit,Normal
2422,12:55:00,Monday,Male, Church areas,Lorry (11?40Q),Two-way (divided with broken lines road marking),Y Shape,Asphalt roads,Dry,Daylight,Normal
2425,11:30:00,Tuesday,Male,Office areas,Automobile,Undivided Two way,Y Shape,Asphalt roads,Dry,Daylight,Normal
2426,10:30:00,Wednesday,Male,Office areas,Lorry (11?40Q),Two-way (divided with broken lines road marking),Y Shape,Asphalt roads,Dry,Daylight,Normal
2427,18:36:00,Thursday,Male,Other,Lorry (41?100Q),Undivided Two way,Other,Asphalt roads,Dry,Darkness - lights lit,Normal
2428,18:36:00,Thursday,Male, Hospital areas,Pick up upto 10Q,Undivided Two way,Other,Asphalt roads,Dry,Darkness - lights lit,Normal
2429,18:35:00,Sunday,Male,Other,Lorry (11?40Q),Undivided Two way,Y Shape,Asphalt roads with some distress,Dry,Darkness - lights lit,Normal
2431,9:13:00,Friday,Male,Other,Other,Undivided Two way,Y Shape,Asphalt roads,Dry,Daylight,Normal
2432,13:15:00,Friday,Male,Other,Other,Double carriageway (median),Crossing,Asphalt roads,Wet or damp,Daylight,Windy
2433,0:19:00,Sunday,Male,Other,Lorry (11?40Q),Two-way (divided with broken lines road marking),No junction,Asphalt roads,Dry,Darkness - lights lit,Normal
2435,13:30:00,Monday,Male,Other,Automobile,Two-way (divided with broken lines road marking),Crossing,Earth roads,Dry,Daylight,Normal
2436,13:30:00,Monday,Male,Other,Lorry (41?100Q),One way,Crossing,Asphalt roads,Dry,Daylight,Normal
2437,15:53:00,Monday,Male,Other,Other,Two-way (divided with broken lines road marking),Y Shape,Asphalt roads,Dry,Darkness - lights lit,Normal
2438,15:53:00,Monday,Male,Office areas,Lorry (41?100Q),Two-way (divided with broken lines road marking),Y Shape,Asphalt roads,Dry,Darkness - lights lit,Normal
2439,17:12:00,Thursday,Female,Residential areas,Automobile,Two-way (divided with broken lines road marking),No junction,Asphalt roads,Dry,Darkness - lights lit,Normal
2440,17:12:00,Thursday,Male,Other,Pick up upto 10Q,Two-way (divided with broken lines road marking),No junction,Asphalt roads,Dry,Darkness - lights lit,Normal
2441,17:40:00,Monday,Male,Residential areas,Lorry (41?100Q),Two-way (divided with broken lines road marking),Y Shape,Asphalt roads,Dry,Darkness - lights lit,Normal
2442,17:40:00,Monday,Male,Other,Public (13?45 seats),Undivided Two way,Y Shape,Asphalt roads,Dry,Darkness - lights lit,Normal
2443,5:17:00,Wednesday,Male,Residential areas,Long lorry,Double carriageway (median),Y Shape,Asphalt roads,Wet or damp,Darkness - lights lit,Other
2444,5:17:00,Wednesday,Male,Office areas,Automobile,Two-way (divided with broken lines road marking),Y Shape,Asphalt roads,Wet or damp,Darkness - lights lit,Other
2445,17:55:00,Wednesday,Male,Office areas,Automobile,Two-way (divided with broken lines road marking),Y Shape,Asphalt roads,Wet or damp,Darkness - lights lit,Normal
2446,7:30:00,Friday,Male,Office areas,Other,Double carriageway (median),No junction,Asphalt roads,Dry,Daylight,Normal
2448,18:50:00,Tuesday,Male,Other,Long lorry,Two-way (divided with broken lines road marking),Crossing,Asphalt roads,Dry,Darkness - lights lit,Normal
2449,18:50:00,Tuesday,Male,Other,Public (12 seats),other,Crossing,Asphalt roads,Dry,Darkness - lights lit,Normal
2450,15:50:00,Thursday,Male,Other,Public (12 seats),Two-way (divided with broken lines road marking),Y Shape,Asphalt roads,Dry,Daylight,Normal
2451,15:50:00,Thursday,Male,Other,Other,Double carriageway (median),Y Shape,Asphalt roads,Dry,Daylight,Normal
2452,6:30:00,Tuesday,Male,Other,Other,Undivided Two way,Crossing,Asphalt roads,Wet or damp,Darkness - lights lit,Raining
2453,6:30:00,Tuesday,Male,Office areas,Other,Two-way (divided with broken lines road marking),Crossing,Asphalt roads,Wet or damp,Darkness - lights lit,Raining
2454,20:10:00,Monday,Male,Office areas,Public (12 seats),Two-way (divided with broken lines road marking),Y Shape,Asphalt roads,Wet or damp,Darkness - lights lit,Normal
2455,23:07:00,Thursday,Female,Office areas,Lorry (41?100Q),One way,Crossing,Asphalt roads,Dry,Darkness - lights lit,Normal
2456,23:07:00,Thursday,Male,Residential areas,Other,Double carriageway (median),Crossing,Asphalt roads,Dry,Darkness - lights lit,Normal
2457,16:10:00,Sunday,Female,  Recreational areas,Public (12 seats),Two-way (divided with broken lines road marking),Y Shape,Asphalt roads,Dry,Daylight,Normal
2458,15:45:00,Saturday,Male, Church areas,Other,Double carriageway (median),Y Shape,Asphalt roads,Dry,Darkness - lights lit,Normal
2459,15:45:00,Saturday,Male,Office areas,Lorry (11?40Q),Undivided Two way,Y Shape,Asphalt roads,Dry,Darkness - lights lit,Normal
2460,9:48:00,Saturday,Male,Other,Other,Two-way (divided with broken lines road marking),No junction,Asphalt roads,Dry,Daylight,Normal
2461,22:00:00,Saturday,Male,Residential areas,Other,other,Y Shape,Asphalt roads,Dry,Darkness - no lighting,Normal
2462,22:00:00,Saturday,Male,School areas,Other,other,Y Shape,Asphalt roads,Dry,Darkness - no lighting,Normal
2463,11:05:00,Friday,Male,Office areas,Pick up upto 10Q,Two-way (divided with broken lines road marking),Y Shape,Asphalt roads,Dry,Daylight,Normal
2464,11:05:00,Friday,Male,Other,Automobile,other,Y Shape,Asphalt roads,Dry,Daylight,Normal
2465,15:00:00,Thursday,Male,Other,Other,Two-way (divided with broken lines road marking),Y Shape,Asphalt roads,Dry,Daylight,Normal
2466,15:00:00,Thursday,Male,Office areas,Lorry (41?100Q),Two-way (divided with broken lines road marking),Y Shape,Asphalt roads,Dry,Daylight,Normal
2467,18:55:00,Monday,Male,Office areas,Public (13?45 seats),Two-way (divided with broken lines road marking),No junction,Asphalt roads,Dry,Darkness - lights lit,Normal
2468,18:55:00,Monday,Male,Other,Automobile,Undivided Two way,No junction,Asphalt roads,Dry,Darkness - lights lit,Normal
2469,22:40:00,Tuesday,Male,Office areas,Pick up upto 10Q,Two-way (divided with broken lines road marking),Crossing,Asphalt roads,Dry,Darkness - lights lit,Normal
2470,22:40:00,Tuesday,Male, Industrial areas,Lorry (41?100Q),Two-way (divided with broken lines road marking),Crossing,Asphalt roads,Dry,Darkness - lights lit,Normal
2471,22:10:00,Friday,Male,Office areas,Public (12 seats),Undivided Two way,Crossing,Asphalt roads,Dry,Darkness - lights lit,Normal
2472,22:10:00,Friday,Male,Other,Other,Undivided Two way,Crossing,Earth roads,Dry,Darkness - lights lit,Normal
2473,19:44:00,Thursday,Male,Other,Lorry (41?100Q),Two-way (divided with broken lines road marking),Crossing,Asphalt roads,Dry,Darkness - no lighting,Normal
2476,17:51:00,Sunday,Male,Office areas,Lorry (41?100Q),Undivided Two way,Crossing,Asphalt roads,Wet or damp,Darkness - lights lit,Raining
2477,3:10:00,Friday,Male,  Recreational areas,Ridden horse,other,No junction,Earth roads,Dry,Darkness - lights lit,Normal
2478,3:10:00,Friday,Male,Office areas,Automobile,other,No junction,Asphalt roads,Dry,Darkness - lights lit,Normal
2479,2:08:00,Saturday,Male, Industrial areas,Automobile,other,Y Shape,Asphalt roads,Wet or damp,Darkness - lights lit,Other
2481,7:30:00,Tuesday,Male,Residential areas,Other,Undivided Two way,Crossing,Asphalt roads,Dry,Daylight,Normal
2482,7:30:00,Tuesday,Male,Residential areas,Lorry (41?100Q),other,Crossing,Asphalt roads,Dry,Daylight,Normal
2483,16:10:00,Monday,Male, Industrial areas,Lorry (41?100Q),other,Y Shape,Asphalt roads,Wet or damp,Darkness - lights lit,Raining
2484,16:10:00,Monday,Male,Residential areas,Long lorry,Undivided Two way,Y Shape,Asphalt roads,Wet or damp,Darkness - lights lit,Raining
2485,9:00:00,Tuesday,Male,Residential areas,Stationwagen,other,Crossing,Asphalt roads,Dry,Daylight,Normal
2486,15:42:00,Tuesday,Male,Office areas,Public (12 seats),Undivided Two way,Crossing,Asphalt roads,Dry,Daylight,Normal
2487,5:30:00,Thursday,Male,Office areas,Automobile,Double carriageway (median),Other,Asphalt roads,Dry,Darkness - lights lit,Normal
2488,5:30:00,Thursday,Male,Office areas,Public (12 seats),other,Other,Asphalt roads,Dry,Darkness - lights lit,Normal
2489,20:45:00,Thursday,Male,Office areas,Lorry (41?100Q),Undivided Two way,Crossing,Asphalt roads,Wet or damp,Darkness - lights lit,Raining
2490,20:45:00,Thursday,Male,Office areas,Automobile,One way,Crossing,Asphalt roads,Wet or damp,Darkness - lights lit,Raining
2491,20:30:00,Thursday,Male,Office areas,Lorry (41?100Q),Undivided Two way,Y Shape,Asphalt roads,Wet or damp,Darkness - lights lit,Raining
2492,0:55:00,Friday,Male,Office areas,Lorry (41?100Q),other,Y Shape,Asphalt roads,Dry,Darkness - lights lit,Normal
2493,0:55:00,Friday,Male,Residential areas,Pick up upto 10Q,other,Y Shape,Asphalt roads with some distress,Dry,Darkness - lights lit,Normal
2494,2:31:00,Sunday,Male,Residential areas,Other,One way,Crossing,Asphalt roads,Dry,Darkness - lights lit,Normal
2495,2:31:00,Sunday,Male,Other,Automobile,One way,Crossing,Asphalt roads,Dry,Darkness - lights lit,Normal
2496,2:31:00,Sunday,Male, Church areas,Automobile,Undivided Two way,Crossing,Asphalt roads,Dry,Darkness - lights lit,Normal
2497,2:31:00,Sunday,Male,  Recreational areas,Lorry (11?40Q),other,Crossing,Asphalt roads,Dry,Darkness - lights lit,Normal
2498,2:31:00,Sunday,Male, Industrial areas,Bajaj,Undivided Two way,Crossing,Asphalt roads,Dry,Darkness - lights lit,Normal
2499,2:31:00,Sunday,Female,Residential areas,Automobile,other,Crossing,Asphalt roads,Dry,Darkness - lights lit,Normal
2500,14:50:00,Saturday,Male,Residential areas,Lorry (41?100Q),other,Y Shape,Asphalt roads,Dry,Daylight,Normal
2501,14:50:00,Saturday,Male,Office areas,Lorry (11?40Q),Double carriageway (median),Y Shape,Asphalt roads,Dry,Daylight,Normal
2502,16:20:00,Saturday,Male,  Market areas,Lorry (11?40Q),Undivided Two way,No junction,Asphalt roads,Dry,Darkness - lights lit,Normal
2503,16:20:00,Saturday,Male,Unknown,Automobile,other,No junction,Asphalt roads,Dry,Darkness - lights lit,Normal
2505,11:09:00,Sunday,Male,Residential areas,Automobile,Two-way (divided with solid lines road marking),No junction,Asphalt roads,Dry,Daylight,Normal
2506,19:20:00,Sunday,Male,Residential areas,Public (13?45 seats),Undivided Two way,Crossing,Asphalt roads,Wet or damp,Darkness - lights unlit,Raining
2507,19:20:00,Sunday,Male,Other,Public (12 seats),Undivided Two way,Crossing,Asphalt roads,Wet or damp,Darkness - lights unlit,Raining
2508,17:10:00,Monday,Male,Residential areas,Other,other,Y Shape,Asphalt roads,Wet or damp,Darkness - lights lit,Windy
2509,17:10:00,Monday,Male,Rural village areas,Automobile,Undivided Two way,Y Shape,Asphalt roads,Wet or damp,Darkness - lights lit,Windy
2510,3:08:00,Saturday,Male,Rural village areas,Automobile,Undivided Two way,No junction,Asphalt roads,Dry,Darkness - lights lit,Normal
2511,3:08:00,Saturday,Male,Office areas,Public (13?45 seats),Double carriageway (median),No junction,Asphalt roads,Dry,Darkness - lights lit,Normal
2512,16:40:00,Tuesday,Male,Residential areas,Public (13?45 seats),Undivided Two way,Y Shape,Asphalt roads,Wet or damp,Darkness - lights lit,Normal
2513,8:25:00,Tuesday,Male,Residential areas,Automobile,other,Y Shape,Gravel roads,Dry,Daylight,Normal
2514,8:25:00,Tuesday,Male, Outside rural areas,Other,other,Y Shape,Asphalt roads,Dry,Daylight,Normal
2515,17:30:00,Wednesday,Male,Residential areas,Pick up upto 10Q,other,Y Shape,Asphalt roads,Dry,Darkness - lights lit,Normal
2516,21:30:00,Thursday,Female, Church areas,Lorry (41?100Q),other,Y Shape,Asphalt roads,Dry,Darkness - lights lit,Normal
2517,1:02:00,Friday,Male,Office areas,Automobile,Undivided Two way,Crossing,Asphalt roads,Dry,Darkness - lights lit,Normal
2518,1:02:00,Friday,Male,Office areas,Automobile,Two-way (divided with broken lines road marking),Crossing,Asphalt roads,Dry,Darkness - lights lit,Normal
2519,12:27:00,Sunday,Male,Office areas,Lorry (41?100Q),Two-way (divided with broken lines road marking),Crossing,Asphalt roads,Dry,Daylight,Normal
2521,20:50:00,Sunday,Male,Other,Other,Undivided Two way,Y Shape,Asphalt roads,Dry,Darkness - lights lit,Normal
2522,20:50:00,Sunday,Female,Residential areas,Automobile,Two-way (divided with broken lines road marking),Y Shape,Asphalt roads,Dry,Darkness - lights lit,Normal
2523,18:00:00,Tuesday,Male,Other,Automobile,Two-way (divided with broken lines road marking),Y Shape,Asphalt roads,Dry,Darkness - lights lit,Normal
2524,18:00:00,Tuesday,Male,Other,Automobile,Undivided Two way,Y Shape,Asphalt roads,Dry,Darkness - lights lit,Normal
2525,1:55:00,Saturday,Male,Other,Automobile,Two-way (divided with broken lines road marking),Crossing,Asphalt roads,Dry,Darkness - lights lit,Normal
2526,1:55:00,Saturday,Male,Other,Lorry (41?100Q),Undivided Two way,Crossing,Asphalt roads,Dry,Darkness - lights lit,Normal
2527,1:55:00,Saturday,Male,Other,Other,Double carriageway (median),Crossing,Asphalt roads,Dry,Darkness - lights lit,Normal
2528,1:55:00,Saturday,Male,Other,Pick up upto 10Q,Two-way (divided with broken lines road marking),Crossing,Gravel roads,Dry,Darkness - lights lit,Normal
2529,10:05:00,Monday,Male, Church areas,Stationwagen,Two-way (divided with broken lines road marking),No junction,Asphalt roads,Dry,Daylight,Normal
2530,21:27:00,Monday,Male,Other,Other,Undivided Two way,Y Shape,Asphalt roads,Dry,Darkness - lights lit,Normal
2531,17:52:00,Wednesday,Male, Industrial areas,Pick up upto 10Q,Two-way (divided with broken lines road marking),No junction,Asphalt roads,Dry,Darkness - lights lit,Normal
2532,17:52:00,Wednesday,Male,Residential areas,Stationwagen,Double carriageway (median),No junction,Asphalt roads,Dry,Darkness - lights lit,Normal
2533,7:30:00,Thursday,Male,Other,Lorry (41?100Q),Two-way (divided with broken lines road marking),No junction,Earth roads,Dry,Daylight,Normal
2534,17:30:00,Saturday,Male,Office areas,Automobile,Two-way (divided with broken lines road marking),Y Shape,Asphalt roads,Dry,Darkness - lights lit,Normal
2537,17:30:00,Saturday,Male,Other,Automobile,Two-way (divided with broken lines road marking),Y Shape,Gravel roads,Dry,Darkness - lights lit,Normal
2538,16:01:00,Sunday,Male, Hospital areas,Turbo,Two-way (divided with broken lines road marking),Y Shape,Asphalt roads,Wet or damp,Darkness - lights lit,Raining
2540,16:01:00,Sunday,Male, Church areas,Stationwagen,Undivided Two way,Y Shape,Asphalt roads,Wet or damp,Darkness - lights lit,Raining
2541,16:01:00,Sunday,Male, Hospital areas,Automobile,Undivided Two way,Y Shape,Earth roads,Wet or damp,Darkness - lights lit,Raining
2542,14:30:00,Saturday,Male,Office areas,Automobile,other,Y Shape,Asphalt roads,Dry,Daylight,Normal
2543,14:30:00,Saturday,Male,Other,Automobile,Two-way (divided with broken lines road marking),Y Shape,Asphalt roads,Dry,Daylight,Normal
2544,9:18:00,Friday,Male,Office areas,Pick up upto 10Q,Undivided Two way,O Shape,Asphalt roads,Dry,Daylight,Normal
2545,8:05:00,Friday,Male,Office areas,Lorry (41?100Q),Two-way (divided with broken lines road marking),Y Shape,Asphalt roads,Dry,Daylight,Normal
2546,2:09:00,Friday,Male,Other,Lorry (41?100Q),Double carriageway (median),Crossing,Asphalt roads,Dry,Darkness - lights lit,Normal
2547,2:09:00,Friday,Male,Office areas,Automobile,Undivided Two way,Crossing,Earth roads,Dry,Darkness - lights lit,Normal
2548,0:03:00,Friday,Male,Residential areas,Lorry (41?100Q),Undivided Two way,Y Shape,Asphalt roads,Dry,Darkness - lights lit,Normal
2549,0:03:00,Friday,Male,Other,Lorry (41?100Q),Two-way (divided with broken lines road marking),Y Shape,Asphalt roads,Dry,Darkness - lights lit,Normal
2550,15:20:00,Sunday,Male,Office areas,Lorry (41?100Q),Double carriageway (median),Y Shape,Asphalt roads,Dry,Daylight,Normal
2551,15:20:00,Sunday,Male,Office areas,Lorry (41?100Q),Undivided Two way,Y Shape,Asphalt roads,Dry,Daylight,Normal
2552,11:50:00,Thursday,Male,Office areas,Automobile,other,Y Shape,Asphalt roads,Dry,Daylight,Normal
2553,11:50:00,Thursday,Male,Other,Automobile,Two-way (divided with broken lines road marking),Y Shape,Asphalt roads,Dry,Daylight,Normal
2554,23:01:00,Saturday,Male, Church areas,Automobile,Undivided Two way,No junction,Asphalt roads,Dry,Darkness - lights lit,Normal
2555,19:50:00,Monday,Male, Industrial areas,Public (13?45 seats),Undivided Two way,No junction,Asphalt roads,Dry,Darkness - lights lit,Normal
2556,18:10:00,Tuesday,Male,Office areas,Automobile,Double carriageway (median),O Shape,Asphalt roads,Dry,Darkness - lights lit,Normal
2557,18:10:00,Tuesday,Male, Church areas,Public (13?45 seats),Undivided Two way,O Shape,Asphalt roads,Dry,Darkness - lights lit,Normal
2558,18:50:00,Thursday,Male,Office areas,Public (13?45 seats),Undivided Two way,Crossing,Asphalt roads,Dry,Darkness - lights lit,Normal
2559,18:50:00,Thursday,Male,Office areas,Automobile,other,Crossing,Earth roads,Dry,Darkness - lights lit,Normal
2560,17:00:00,Wednesday,Male,Residential areas,Lorry (11?40Q),Two-way (divided with broken lines road marking),No junction,Asphalt roads,Dry,Darkness - lights lit,Normal
2561,17:00:00,Wednesday,Male,Office areas,Automobile,Two-way (divided with broken lines road marking),No junction,Asphalt roads,Dry,Darkness - lights lit,Normal
2562,11:50:00,Wednesday,Male,Residential areas,Lorry (41?100Q),Undivided Two way,Y Shape,Asphalt roads,Dry,Daylight,Normal
2563,11:50:00,Wednesday,Male,Office areas,Other,Double carriageway (median),Y Shape,Asphalt roads,Dry,Daylight,Normal
2564,14:39:00,Thursday,Male,Office areas,Pick up upto 10Q,Double carriageway (median),Y Shape,Other,Dry,Daylight,Normal
2565,21:00:00,Friday,Male,Other,Lorry (11?40Q),Two-way (divided with broken lines road marking),No junction,Gravel roads,Dry,Darkness - lights lit,Normal
2566,21:00:00,Friday,Male,Other,Motorcycle,Two-way (divided with broken lines road marking),No junction,Gravel roads,Dry,Darkness - lights lit,Normal
2567,17:30:00,Sunday,Male,Residential areas,Pick up upto 10Q,Two-way (divided with broken lines road marking),Y Shape,Asphalt roads,Dry,Darkness - lights lit,Normal
2568,17:30:00,Sunday,Male, Church areas,Lorry (11?40Q),Two-way (divided with broken lines road marking),Y Shape,Asphalt roads,Dry,Darkness - lights lit,Normal
2569,0:56:00,Monday,Male, Church areas,Lorry (11?40Q),Double carriageway (median),Crossing,Earth roads,Dry,Darkness - lights lit,Normal
2570,0:56:00,Monday,Male,Residential areas,Automobile,Double carriageway (median),Crossing,Asphalt roads,Dry,Darkness - lights lit,Normal
2571,17:00:00,Monday,Male,Office areas,Automobile,Two-way (divided with broken lines road marking),Y Shape,Asphalt roads,Wet or damp,Darkness - lights lit,Other
2572,17:00:00,Monday,Male,Office areas,Other,Two-way (divided with broken lines road marking),Y Shape,Asphalt roads,Wet or damp,Darkness - lights lit,Other
2573,14:20:00,Tuesday,Male,Residential areas,Other,Two-way (divided with broken lines road marking),Y Shape,Asphalt roads,Dry,Daylight,Normal