,time,Day_of_week,Sex_of_driver,Area_accident,Type_of_vehicle,Lanes_or_Medians,Types_of_Junction,Road_surface_type,Road_surface_conditions,Light_conditions,Weather_conditions
3519,17:15:00,Saturday,Male,Office areas,Pick up upto 10Q,Two-way (divided with broken lines road marking),Crossing,Asphalt roads,Dry,Daylight,Normal
3520,17:15:00,Saturday,Male, Church areas,Lorry (41?100Q),One way,Crossing,Asphalt roads,Dry,Daylight,Normal
3522,17:13:00,Tuesday,Male,  Market areas,Automobile,other,Y Shape,Asphalt roads,Wet or damp,Daylight,Raining
3523,17:13:00,Tuesday,Male,Other,Automobile,Two-way (divided with broken lines road marking),Y Shape,Asphalt roads,Wet or damp,Daylight,Raining
3524,18:44:00,Sunday,Male,Other,Pick up upto 10Q,Undivided Two way,Y Shape,Asphalt roads,Dry,Darkness - lights lit,Normal
3525,18:44:00,Sunday,Male, Church areas,Pick up upto 10Q,Undivided Two way,Y Shape,Asphalt roads,Dry,Darkness - lights lit,Normal
3526,18:10:00,Wednesday,Male,Residential areas,Lorry (41?100Q),Undivided Two way,Unknown,Asphalt roads,Dry,Daylight,Normal
3527,18:10:00,Wednesday,Male,Other,Public (12 seats),Undivided Two way,Unknown,Asphalt roads,Dry,Daylight,Normal
3528,15:27:00,Tuesday,Male,Other,Other,Two-way (divided with broken lines road marking),Crossing,Asphalt roads,Dry,Daylight,Normal
3529,21:38:00,Wednesday,Male,Other,Stationwagen,Double carriageway (median),No junction,Asphalt roads,Dry,Darkness - lights lit,Normal
3530,21:38:00,Wednesday,Female,  Recreational areas,Automobile,Two-way (divided with broken lines road marking),No junction,Gravel roads,Dry,Darkness - lights lit,Normal
3531,12:20:00,Wednesday,Male,  Recreational areas,Automobile,One way,Y Shape,Asphalt roads,Dry,Daylight,Normal
3532,11:00:00,Thursday,Male,Other,Lorry (41?100Q),Two-way (divided with broken lines road marking),No junction,Asphalt roads,Wet or damp,Daylight,Raining
3533,7:58:00,Thursday,Male,Office areas,Stationwagen,Two-way (divided with broken lines road marking),Crossing,Asphalt roads,Wet or damp,Daylight,Raining
3534,7:58:00,Thursday,Male,Residential areas,Lorry (41?100Q),Two-way (divided with broken lines road marking),Crossing,Asphalt roads,Wet or damp,Daylight,Raining
3535,0:31:00,Friday,Male,Other,Public (> 45 seats),Two-way (divided with broken lines road marking),Crossing,Asphalt roads,Dry,Darkness - lights lit,Normal
3536,0:31:00,Friday,Male,Residential areas,Automobile,Undivided Two way,Crossing,Asphalt roads,Dry,Darkness - lights lit,Normal
3537,15:43:00,Thursday,Male, Church areas,Automobile,Double carriageway (median),Y Shape,Asphalt roads,Dry,Daylight,Normal
3538,20:40:00,Friday,Female,Other,Automobile,One way,No junction,Asphalt roads,Dry,Darkness - lights lit,Normal
3540,9:16:00,Friday,Male,Other,Lorry (41?100Q),Undivided Two way,No junction,Asphalt roads,Dry,Daylight,Normal
3541,9:16:00,Friday,Male,  Recreational areas,Lorry (41?100Q),Two-way (divided with broken lines road marking),No junction,Asphalt roads,Dry,Daylight,Normal
3542,12:45:00,Saturday,Male,Other,Automobile,Undivided Two way,Crossing,Asphalt roads,Dry,Daylight,Normal
3543,14:50:00,Saturday,Male,Office areas,Stationwagen,Two-way (divided with broken lines road marking),Crossing,Asphalt roads,Dry,Daylight,Normal
3544,14:50:00,Saturday,Male,Residential areas,Public (12 seats),Undivided Two way,Crossing,Asphalt roads,Dry,Daylight,Normal
3545,14:50:00,Saturday,Male,Office areas,Public (12 seats),One way,Crossing,Gravel roads,Dry,Daylight,Normal
3546,14:50:00,Saturday,Male,Office areas,Automobile,Two-way (divided with broken lines road marking),Crossing,Asphalt roads,Dry,Daylight,Normal
3547,15:26:00,Saturday,Male, Church areas,Public (12 seats),Double carriageway (median),Y Shape,Asphalt roads,Dry,Daylight,Normal
3548,15:26:00,Saturday,Male, Church areas,Public (12 seats),Undivided Two way,Y Shape,Asphalt roads,Dry,Daylight,Normal
3549,16:15:00,Sunday,Male,Residential areas,Lorry (41?100Q),Undivided Two way,No junction,Asphalt roads,Wet or damp,Daylight,Normal
3550,16:15:00,Sunday,Male,Other,Automobile,Undivided Two way,No junction,Earth roads,Wet or damp,Daylight,Normal
3551,2:40:00,Sunday,Male,Other,Lorry (41?100Q),other,Crossing,Asphalt roads,Wet or damp,Darkness - lights lit,Normal
3554,18:01:00,Monday,Female,Office areas,Stationwagen,Undivided Two way,Y Shape,Gravel roads,Dry,Daylight,Normal
3557,13:10:00,Wednesday,Male,Other,Automobile,Two-way (divided with broken lines road marking),No junction,Asphalt roads,Dry,Daylight,Normal
3558,9:17:00,Tuesday,Male,  Recreational areas,Stationwagen,Two-way (divided with broken lines road marking),No junction,Earth roads,Dry,Daylight,Normal
3559,12:39:00,Tuesday,Male, Church areas,Automobile,One way,No junction,Asphalt roads,Dry,Daylight,Normal
3560,10:35:00,Tuesday,Male,School areas,Other,Two-way (divided with broken lines road marking),Y Shape,Asphalt roads,Dry,Daylight,Normal
3561,14:23:00,Tuesday,Female,Office areas,Other,Undivided Two way,Y Shape,Asphalt roads,Dry,Daylight,Normal
3563,4:48:00,Wednesday,Male,Residential areas,Lorry (41?100Q),Undivided Two way,No junction,Asphalt roads,Dry,Darkness - lights lit,Normal
3564,15:17:00,Wednesday,Female,Other,Lorry (41?100Q),Undivided Two way,Crossing,Earth roads,Dry,Daylight,Normal
3565,15:30:00,Wednesday,Male,Other,Lorry (41?100Q),other,Y Shape,Asphalt roads,Dry,Daylight,Normal
3566,15:30:00,Wednesday,Male,Office areas,Automobile,One way,Y Shape,Asphalt roads,Dry,Daylight,Normal
3567,15:30:00,Wednesday,Male,Residential areas,Automobile,Two-way (divided with broken lines road marking),Y Shape,Asphalt roads,Dry,Daylight,Normal
3568,18:55:00,Thursday,Male,Other,Public (13?45 seats),Two-way (divided with broken lines road marking),Crossing,Asphalt roads,Dry,Daylight,Normal
3569,2:44:00,Saturday,Male,Residential areas,Public (13?45 seats),Undivided Two way,Crossing,Asphalt roads,Dry,Darkness - lights lit,Normal
3570,1:00:00,Saturday,Female, Church areas,Lorry (41?100Q),Two-way (divided with broken lines road marking),No junction,Asphalt roads,Dry,Darkness - lights lit,Normal
3571,23:35:00,Thursday,Male,Residential areas,Lorry (41?100Q),Two-way (divided with broken lines road marking),No junction,Asphalt roads,Wet or damp,Darkness - lights lit,Normal
3572,23:35:00,Thursday,Male,Office areas,Public (12 seats),One way,No junction,Asphalt roads,Wet or damp,Darkness - lights lit,Normal
3573,3:40:00,Saturday,Male,Residential areas,Other,Two-way (divided with broken lines road marking),Y Shape,Asphalt roads,Dry,Darkness - lights lit,Normal
3574,11:30:00,Saturday,Male,Other,Lorry (41?100Q),One way,Crossing,Asphalt roads,Dry,Daylight,Normal
3575,11:30:00,Saturday,Male, Industrial areas,Automobile,Two-way (divided with broken lines road marking),Crossing,Asphalt roads,Dry,Daylight,Normal
3576,23:15:00,Saturday,Male, Church areas,Other,Two-way (divided with broken lines road marking),No junction,Earth roads,Dry,Darkness - lights lit,Normal
3577,23:15:00,Saturday,Male,Residential areas,Motorcycle,Undivided Two way,No junction,Asphalt roads,Dry,Darkness - lights lit,Normal
3580,14:30:00,Tuesday,Female,Office areas,Lorry (41?100Q),Undivided Two way,Crossing,Asphalt roads,Dry,Daylight,Normal
3581,14:30:00,Thursday,Female, Outside rural areas,Automobile,Two-way (divided with broken lines road marking),Y Shape,Other,Dry,Daylight,Normal
3582,11:30:00,Thursday,Male, Church areas,Public (> 45 seats),Two-way (divided with broken lines road marking),No junction,Gravel roads,Dry,Daylight,Normal
3583,11:25:00,Friday,Male,Office areas,Lorry (41?100Q),other,Y Shape,Gravel roads,Dry,Daylight,Normal
3584,11:25:00,Friday,Male, Church areas,Public (> 45 seats),Two-way (divided with broken lines road marking),Y Shape,Asphalt roads,Dry,Daylight,Normal
3585,22:00:00,Saturday,Male,Office areas,Lorry (41?100Q),other,Y Shape,Asphalt roads,Dry,Darkness - lights lit,Normal
3586,22:00:00,Saturday,Male,Office areas,Lorry (41?100Q),Undivided Two way,Y Shape,Earth roads,Dry,Darkness - lights lit,Normal
3587,15:30:00,Wednesday,Male,School areas,Lorry (41?100Q),Two-way (divided with broken lines road marking),Y Shape,Asphalt roads,Dry,Daylight,Normal
3588,15:30:00,Wednesday,Male,Residential areas,Public (12 seats),Two-way (divided with broken lines road marking),Y Shape,Asphalt roads,Dry,Daylight,Normal
3589,9:57:00,Tuesday,Male,Office areas,Public (12 seats),other,Y Shape,Asphalt roads,Dry,Daylight,Normal
3590,9:57:00,Tuesday,Male,Rural village areasOffice areas,Stationwagen,other,Y Shape,Asphalt roads,Dry,Daylight,Normal
3591,18:12:00,Tuesday,Male,Other,Lorry (41?100Q),Two-way (divided with broken lines road marking),Y Shape,Earth roads,Dry,Daylight,Normal
3592,17:06:00,Tuesday,Male,Residential areas,Automobile,Undivided Two way,Y Shape,Asphalt roads,Dry,Daylight,Normal
3593,17:06:00,Tuesday,Male,Office areas,Pick up upto 10Q,Undivided Two way,Y Shape,Asphalt roads,Dry,Daylight,Normal
3594,8:25:00,Tuesday,Male,Office areas,Automobile,Undivided Two way,Y Shape,Asphalt roads,Dry,Daylight,Normal
3595,23:05:00,Wednesday,Male,Residential areas,Public (13?45 seats),Undivided Two way,No junction,Asphalt roads,Dry,Darkness - lights lit,Normal
3596,6:40:00,Thursday,Male,Office areas,Public (> 45 seats),Undivided Two way,Y Shape,Asphalt roads,Dry,Daylight,Normal
3597,6:40:00,Thursday,Male,Office areas,Stationwagen,Undivided Two way,Y Shape,Asphalt roads,Dry,Daylight,Normal
3599,11:50:00,Monday,Male,Office areas,Lorry (41?100Q),Two-way (divided with broken lines road marking),Crossing,Asphalt roads,Dry,Daylight,Normal
3600,9:40:00,Tuesday,Male,Other,Stationwagen,Undivided Two way,Y Shape,Asphalt roads,Dry,Daylight,Normal
3601,9:05:00,Thursday,Male,Other,Lorry (41?100Q),Two-way (divided with broken lines road marking),Y Shape,Asphalt roads,Dry,Daylight,Normal
3602,9:05:00,Thursday,Male,Other,Public (12 seats),Two-way (divided with broken lines road marking),Y Shape,Earth roads,Dry,Daylight,Normal
3603,9:40:00,Friday,Male,Residential areas,Lorry (41?100Q),One way,Crossing,Asphalt roads,Dry,Daylight,Normal
3604,9:40:00,Friday,Male,School areas,Other,Undivided Two way,Crossing,Asphalt roads,Dry,Daylight,Normal
3605,22:35:00,Thursday,Male,Residential areas,Stationwagen,Undivided Two way,Y Shape,Asphalt roads,Dry,Darkness - lights lit,Normal
3606,20:18:00,Thursday,Male,Office areas,Automobile,Two-way (divided with broken lines road marking),Crossing,Asphalt roads,Dry,Darkness - lights lit,Normal
3607,20:18:00,Thursday,Male, Church areas,Public (> 45 seats),One way,Crossing,Earth roads,Dry,Darkness - lights lit,Normal
3608,20:00:00,Friday,Male,Other,Other,Undivided Two way,Crossing,Asphalt roads,Dry,Darkness - lights lit,Normal
3609,20:00:00,Friday,Male,Other,Lorry (41?100Q),One way,Crossing,Asphalt roads,Dry,Darkness - lights lit,Normal
3610,13:15:00,Sunday,Male,Other,Automobile,Two-way (divided with broken lines road marking),Crossing,Asphalt roads,Dry,Daylight,Normal
3611,13:15:00,Sunday,Male,Other,Public (> 45 seats),Two-way (divided with broken lines road marking),Crossing,Asphalt roads,Dry,Daylight,Normal
3613,22:39:00,Saturday,Male,Office areas,Automobile,Two-way (divided with solid lines road marking),Crossing,Asphalt roads,Dry,Darkness - lights lit,Normal
3614,22:39:00,Saturday,Male,Residential areas,Pick up upto 10Q,Undivided Two way,Crossing,Asphalt roads,Dry,Darkness - lights lit,Normal
3615,17:18:00,Sunday,Male,Office areas,Public (12 seats),One way,Crossing,Asphalt roads,Dry,Daylight,Normal
3616,17:18:00,Sunday,Male,Residential areas,Lorry (41?100Q),Two-way (divided with broken lines road marking),Crossing,Other,Dry,Daylight,Normal
3617,8:55:00,Friday,Male,Office areas,Lorry (41?100Q),Undivided Two way,No junction,Asphalt roads,Dry,Daylight,Normal
3618,8:55:00,Friday,Male,Other,Lorry (41?100Q),Two-way (divided with broken lines road marking),No junction,Asphalt roads,Dry,Daylight,Normal
3619,10:00:00,Friday,Male,Office areas,Public (13?45 seats),One way,Crossing,Asphalt roads,Dry,Daylight,Normal
3620,10:00:00,Friday,Male,School areas,Lorry (41?100Q),Undivided Two way,Crossing,Asphalt roads,Dry,Daylight,Normal
3621,8:55:00,Saturday,Male,Residential areas,Lorry (41?100Q),One way,Crossing,Asphalt roads,Dry,Daylight,Normal
3622,8:55:00,Saturday,Male,Office areas,Motorcycle,Undivided Two way,Crossing,Asphalt roads,Dry,Daylight,Normal
3623,17:15:00,Thursday,Male,Residential areas,Lorry (41?100Q),Undivided Two way,Crossing,Asphalt roads,Dry,Daylight,Normal
3624,1:37:00,Tuesday,Male,Office areas,Ridden horse,Undivided Two way,Other,Earth roads,Dry,Darkness - lights lit,Normal
3625,15:45:00,Monday,Male,Residential areas,Automobile,One way,Y Shape,Asphalt roads,Dry,Daylight,Normal
3626,15:45:00,Monday,Male,Other,Lorry (41?100Q),other,Y Shape,Asphalt roads,Dry,Daylight,Normal
3627,15:45:00,Monday,Male,Other,Pick up upto 10Q,Two-way (divided with broken lines road marking),Y Shape,Asphalt roads,Dry,Daylight,Normal
3628,11:05:00,Monday,Male,Office areas,Public (> 45 seats),Two-way (divided with broken lines road marking),Crossing,Asphalt roads,Dry,Daylight,Normal
3629,9:10:00,Monday,Male,Office areas,Stationwagen,Two-way (divided with broken lines road marking),Y Shape,Asphalt roads,Dry,Daylight,Normal
3630,9:10:00,Monday,Male,Residential areas,Automobile,Two-way (divided with broken lines road marking),Y Shape,Asphalt roads,Dry,Daylight,Normal
3631,9:30:00,Tuesday,Female,Other,Public (12 seats),Two-way (divided with broken lines road marking),Y Shape,Asphalt roads,Dry,Daylight,Normal
3632,20:08:00,Tuesday,Female,Other,Automobile,Undivided Two way,Y Shape,Asphalt roads,Dry,Darkness - lights lit,Normal
3633,20:08:00,Tuesday,Male,Office areas,Automobile,Two-way (divided with broken lines road marking),Y Shape,Asphalt roads,Dry,Darkness - lights lit,Normal
3634,18:54:00,Tuesday,Male,Office areas,Automobile,Two-way (divided with broken lines road marking),Crossing,Asphalt roads,Dry,Daylight,Normal
3635,14:28:00,Tuesday,Male, Church areas,Lorry (41?100Q),Undivided Two way,Crossing,Asphalt roads,Dry,Daylight,Normal
3636,13:35:00,Tuesday,Male,Other,Automobile,One way,No junction,Asphalt roads,Dry,Daylight,Normal
3637,13:35:00,Tuesday,Male,Office areas,Automobile,Undivided Two way,No junction,Asphalt roads,Dry,Daylight,Normal
3638,16:00:00,Tuesday,Female,Office areas,Public (12 seats),Two-way (divided with broken lines road marking),Y Shape,Asphalt roads,Dry,Daylight,Normal
3639,16:00:00,Tuesday,Male,Residential areas,Taxi,Two-way (divided with broken lines road marking),Y Shape,Asphalt roads,Dry,Daylight,Normal
3640,14:01:00,Tuesday,Male,Other,Automobile,Undivided Two way,Y Shape,Earth roads,Dry,Daylight,Normal
3641,19:17:00,Tuesday,Male,Residential areas,Public (12 seats),Two-way (divided with broken lines road marking),Y Shape,Asphalt roads,Dry,Darkness - lights lit,Normal
3643,8:05:00,Wednesday,Male,Office areas,Stationwagen,Undivided Two way,Crossing,Asphalt roads,Dry,Daylight,Normal
3644,8:05:00,Wednesday,Male,Other,Automobile,Undivided Two way,Crossing,Asphalt roads,Dry,Daylight,Normal
3645,13:15:00,Wednesday,Male,Other,Lorry (41?100Q),other,Crossing,Asphalt roads,Dry,Daylight,Normal
3646,13:15:00,Wednesday,Male,Office areas,Automobile,One way,Crossing,Asphalt roads,Dry,Daylight,Normal
3647,22:40:00,Wednesday,Male,Residential areas,Public (12 seats),Two-way (divided with broken lines road marking),Crossing,Asphalt roads,Dry,Darkness - lights lit,Normal
3648,22:38:00,Wednesday,Male,Other,Automobile,Two-way (divided with broken lines road marking),Crossing,Asphalt roads,Dry,Darkness - lights lit,Normal
3649,22:38:00,Wednesday,Male,Residential areas,Automobile,Undivided Two way,Crossing,Asphalt roads,Dry,Darkness - lights lit,Normal
3650,22:38:00,Wednesday,Male, Church areas,Lorry (41?100Q),Two-way (divided with broken lines road marking),Crossing,Asphalt roads,Dry,Darkness - lights lit,Normal
3651,17:15:00,Monday,Male,Residential areas,Automobile,Two-way (divided with broken lines road marking),Unknown,Asphalt roads,Dry,Darkness - lights lit,Normal
3652,10:30:00,Saturday,Male,Office areas,Motorcycle,One way,No junction,Gravel roads,Wet or damp,Daylight,Raining
3654,16:39:00,Friday,Male,Other,Automobile,One way,Other,Asphalt roads,Dry,Daylight,Normal
3655,16:39:00,Friday,Male, Industrial areas,Automobile,Two-way (divided with broken lines road marking),Other,Asphalt roads,Dry,Daylight,Normal
3656,16:44:00,Sunday,Male, Church areas,Automobile,Two-way (divided with broken lines road marking),Y Shape,Asphalt roads,Dry,Daylight,Normal
3657,16:44:00,Sunday,Male,Residential areas,Public (> 45 seats),Undivided Two way,Y Shape,Asphalt roads,Dry,Daylight,Normal
3660,18:49:00,Wednesday,Male,Office areas,Automobile,Undivided Two way,Y Shape,Asphalt roads,Dry,Daylight,Normal
3661,8:18:00,Friday,Male, Outside rural areas,Other,Two-way (divided with broken lines road marking),Y Shape,Asphalt roads,Dry,Daylight,Normal
3662,8:18:00,Friday,Male, Church areas,Stationwagen,Two-way (divided with broken lines road marking),Y Shape,Asphalt roads,Dry,Daylight,Normal
3663,9:31:00,Monday,Male,Office areas,Lorry (41?100Q),other,Crossing,Asphalt roads,Dry,Daylight,Normal
3664,16:30:00,Friday,Male, Church areas,Taxi,Two-way (divided with broken lines road marking),Y Shape,Asphalt roads,Dry,Daylight,Normal
3665,21:00:00,Thursday,Male,Office areas,Other,other,No junction,Asphalt roads,Dry,Darkness - no lighting,Unknown
3666,21:00:00,Thursday,Male,Office areas,Public (12 seats),Undivided Two way,No junction,Asphalt roads,Dry,Darkness - no lighting,Unknown
3667,18:00:00,Friday,Female,School areas,Automobile,Two-way (divided with broken lines road marking),No junction,Asphalt roads,Dry,Daylight,Normal
3668,20:13:00,Monday,Male,Residential areas,Automobile,Two-way (divided with broken lines road marking),Y Shape,Asphalt roads,Wet or damp,Daylight,Raining
3669,20:13:00,Monday,Male,Office areas,Public (13?45 seats),other,Y Shape,Asphalt roads,Wet or damp,Daylight,Raining
3670,4:45:00,Saturday,Male,Rural village areasOffice areas,Lorry (41?100Q),other,No junction,Other,Dry,Darkness - lights lit,Normal
3671,4:45:00,Saturday,Male,Other,Lorry (41?100Q),Two-way (divided with broken lines road marking),No junction,Asphalt roads,Dry,Darkness - lights lit,Normal
3672,8:12:00,Thursday,Male,Residential areas,Lorry (11?40Q),Undivided Two way,No junction,Asphalt roads,Dry,Daylight,Normal
3673,9:45:00,Thursday,Female,Office areas,Motorcycle,Undivided Two way,T Shape,Asphalt roads,Dry,Daylight,Normal
3674,9:45:00,Thursday,Male,Office areas,Lorry (41?100Q),Undivided Two way,T Shape,Asphalt roads,Dry,Daylight,Normal
3675,13:24:00,Thursday,Male,Residential areas,Stationwagen,Undivided Two way,No junction,Asphalt roads,Dry,Daylight,Unknown
3676,12:42:00,Saturday,Male,Office areas,Automobile,Undivided Two way,No junction,Asphalt roads,Dry,Daylight,Normal
3677,11:50:00,Friday,Male,Office areas,Other,Undivided Two way,No junction,Asphalt roads,Dry,Daylight,Normal
3679,14:50:00,Friday,Male,Office areas,Taxi,Two-way (divided with broken lines road marking),Other,Asphalt roads,Dry,Daylight,Unknown
3680,14:50:00,Friday,Male,Other,Automobile,Undivided Two way,Other,Asphalt roads,Dry,Daylight,Unknown
3681,14:50:00,Friday,Male,Other,Long lorry,Two-way (divided with broken lines road marking),Other,Asphalt roads,Dry,Daylight,Unknown
3682,16:15:00,Wednesday,Male,Other,Long lorry,Two-way (divided with broken lines road marking),Crossing,Asphalt roads,Dry,Daylight,Normal
3683,16:15:00,Wednesday,Male,Residential areas,Lorry (41?100Q),One way,Crossing,Asphalt roads,Dry,Daylight,Normal
3684,23:50:00,Saturday,Male,School areas,Lorry (41?100Q),Undivided Two way,No junction,Asphalt roads,Wet or damp,Darkness - lights lit,Normal
3685,23:50:00,Saturday,Male,Residential areas,Lorry (11?40Q),Undivided Two way,No junction,Asphalt roads,Wet or damp,Darkness - lights lit,Normal
3686,15:20:00,Tuesday,Male,Office areas,Automobile,Two-way (divided with broken lines road marking),No junction,Asphalt roads,Dry,Daylight,Normal
3688,14:52:00,Tuesday,Male,Other,Other,Undivided Two way,Y Shape,Other,Dry,Daylight,Normal
3689,14:52:00,Tuesday,Male,Other,Automobile,One way,Y Shape,Asphalt roads,Dry,Daylight,Normal
3690,19:35:00,Tuesday,Male,Other,Automobile,Two-way (divided with broken lines road marking),No junction,Asphalt roads,Dry,Darkness - lights unlit,Normal
3691,19:35:00,Tuesday,Male,Other,Automobile,Two-way (divided with broken lines road marking),No junction,Asphalt roads,Dry,Darkness - lights unlit,Normal
3692,17:35:00,Saturday,Male,Office areas,Automobile,Undivided Two way,Crossing,Asphalt roads,Dry,Daylight,Normal
3693,17:35:00,Saturday,Male,Office areas,Public (> 45 seats),Two-way (divided with solid lines road marking),Crossing,Asphalt roads with some distress,Dry,Daylight,Normal
3695,17:35:00,Saturday,Male,Office areas,Lorry (41?100Q),One way,Crossing,Asphalt roads,Dry,Daylight,Normal
3696,17:35:00,Saturday,Male,Residential areas,Lorry (41?100Q),Two-way (divided with broken lines road marking),Crossing,Asphalt roads,Dry,Daylight,Normal
3697,17:35:00,Saturday,Male,Office areas,Stationwagen,Undivided Two way,Crossing,Asphalt roads,Dry,Daylight,Normal
3698,17:35:00,Saturday,Male,Other,Other,Two-way (divided with broken lines road marking),Crossing,Asphalt roads,Dry,Daylight,Normal
3699,17:35:00,Saturday,Male,Office areas,Automobile,One way,Crossing,Earth roads,Dry,Daylight,Normal
3700,14:50:00,Thursday,Female,School areas,Pick up upto 10Q,Undivided Two way,Unknown,Asphalt roads,Dry,Daylight,Normal
3701,14:50:00,Thursday,Male,Residential areas,Motorcycle,One way,Unknown,Asphalt roads,Dry,Daylight,Normal
3702,16:40:00,Tuesday,Male,Office areas,Automobile,Undivided Two way,Unknown,Asphalt roads,Wet or damp,Daylight,Raining
3703,19:04:00,Thursday,Unknown,Residential areas,Pick up upto 10Q,Undivided Two way,No junction,Asphalt roads,Dry,Daylight,Normal
3704,20:36:00,Thursday,Male,Office areas,Motorcycle,Undivided Two way,No junction,Asphalt roads,Dry,Darkness - lights lit,Normal
3705,19:51:00,Thursday,Male,Office areas,Stationwagen,Two-way (divided with broken lines road marking),Other,Asphalt roads,Dry,Darkness - lights lit,Normal
3706,19:51:00,Thursday,Male,Residential areas,Lorry (41?100Q),Undivided Two way,Other,Asphalt roads,Dry,Darkness - lights lit,Normal
3707,15:51:00,Thursday,Male,Other,Taxi,Two-way (divided with broken lines road marking),No junction,Asphalt roads,Dry,Daylight,Other
3708,16:30:00,Friday,Female, Industrial areas,Automobile,Undivided Two way,Y Shape,Asphalt roads,Dry,Daylight,Normal
3709,16:30:00,Friday,Male,Office areas,Long lorry,Two-way (divided with broken lines road marking),Y Shape,Asphalt roads,Dry,Daylight,Normal
3710,14:36:00,Thursday,Male,  Recreational areas,Automobile,Two-way (divided with broken lines road marking),Crossing,Asphalt roads,Dry,Daylight,Normal
3711,14:36:00,Thursday,Male,Residential areas,Public (12 seats),Two-way (divided with broken lines road marking),Crossing,Gravel roads,Dry,Daylight,Normal
3712,13:50:00,Thursday,Male,Residential areas,Lorry (11?40Q),Undivided Two way,No junction,Asphalt roads,Dry,Daylight,Normal
3713,13:50:00,Thursday,Male, Church areas,Pick up upto 10Q,Undivided Two way,No junction,Asphalt roads,Dry,Daylight,Normal
3714,17:19:00,Monday,Male,Residential areas,Lorry (41?100Q),Undivided Two way,No junction,Asphalt roads,Dry,Daylight,Normal
3716,10:40:00,Sunday,Male,Other,Automobile,Undivided Two way,No junction,Asphalt roads,Dry,Daylight,Normal
3717,23:31:00,Saturday,Male,Other,Long lorry,Two-way (divided with solid lines road marking),Y Shape,Asphalt roads,Dry,Darkness - lights lit,Normal
3718,23:31:00,Saturday,Male, Church areas,Lorry (11?40Q),Two-way (divided with solid lines road marking),Y Shape,Asphalt roads,Dry,Darkness - lights lit,Normal
3719,6:59:00,Wednesday,Male,Other,Long lorry,Two-way (divided with solid lines road marking),Y Shape,Asphalt roads,Dry,Darkness - lights lit,Normal
3720,16:30:00,Thursday,Male, Church areas,Automobile,Two-way (divided with solid lines road marking),No junction,Asphalt roads,Dry,Daylight,Normal
3721,16:30:00,Thursday,Male, Church areas,Taxi,Two-way (divided with broken lines road marking),No junction,Asphalt roads,Dry,Daylight,Normal
3722,16:30:00,Thursday,Male,Other,Taxi,Undivided Two way,No junction,Asphalt roads,Dry,Daylight,Normal
3723,11:05:00,Saturday,Male,Other,Long lorry,Undivided Two way,Y Shape,Asphalt roads,Dry,Daylight,Normal
3724,8:48:00,Wednesday,Male,School areas,Lorry (11?40Q),other,Unknown,Asphalt roads,Wet or damp,Daylight,Raining
3725,8:48:00,Wednesday,Male,Residential areas,Lorry (11?40Q),Undivided Two way,Unknown,Asphalt roads,Wet or damp,Daylight,Raining
3726,8:47:00,Tuesday,Male,Other,Long lorry,Two-way (divided with broken lines road marking),Crossing,Asphalt roads,Wet or damp,Daylight,Raining
3727,8:47:00,Tuesday,Male,Office areas,Turbo,Undivided Two way,Crossing,Asphalt roads,Wet or damp,Daylight,Raining
3728,8:47:00,Tuesday,Male,Residential areas,Long lorry,Undivided Two way,Crossing,Asphalt roads,Wet or damp,Daylight,Raining
3729,22:20:00,Monday,Male,Other,Long lorry,One way,No junction,Asphalt roads,Dry,Darkness - lights lit,Normal
3730,22:20:00,Monday,Female,Residential areas,Public (13?45 seats),Two-way (divided with broken lines road marking),No junction,Asphalt roads,Dry,Darkness - lights lit,Normal
3731,15:00:00,Monday,Female,Residential areas,Automobile,Undivided Two way,Y Shape,Asphalt roads,Dry,Daylight,Normal
3732,11:57:00,Saturday,Male,Residential areas,Automobile,Two-way (divided with broken lines road marking),Y Shape,Asphalt roads,Dry,Daylight,Normal
3733,11:57:00,Saturday,Male,Other,Pick up upto 10Q,other,Y Shape,Other,Dry,Daylight,Normal
3735,11:54:00,Saturday,Male,Other,Stationwagen,One way,No junction,Asphalt roads,Dry,Daylight,Normal
3737,21:00:00,Monday,Male,Residential areas,Automobile,Undivided Two way,Crossing,Asphalt roads,Dry,Darkness - lights lit,Normal
3738,14:23:00,Wednesday,Male,Residential areas,Automobile,One way,No junction,Asphalt roads,Dry,Daylight,Normal
3739,14:23:00,Wednesday,Male,Residential areas,Long lorry,Undivided Two way,No junction,Asphalt roads,Dry,Daylight,Normal
3740,8:30:00,Wednesday,Male,Other,Public (13?45 seats),Two-way (divided with broken lines road marking),Other,Asphalt roads,Wet or damp,Daylight,Raining
3741,8:30:00,Wednesday,Male,Office areas,Public (13?45 seats),Two-way (divided with broken lines road marking),Other,Asphalt roads,Wet or damp,Daylight,Raining
3742,14:37:00,Saturday,Male,Other,Lorry (11?40Q),other,Other,Asphalt roads,Dry,Daylight,Normal
3743,14:37:00,Saturday,Male,Office areas,Lorry (11?40Q),Double carriageway (median),Other,Asphalt roads,Dry,Daylight,Normal