,time,Day_of_week,Sex_of_driver,Area_accident,Type_of_vehicle,Lanes_or_Medians,Types_of_Junction,Road_surface_type,Road_surface_conditions,Light_conditions,Weather_conditions
3744,15:51:00,Monday,Male,Residential areas,Pick up upto 10Q,Two-way (divided with broken lines road marking),Y Shape,Asphalt roads,Dry,Daylight,Normal
3745,15:51:00,Monday,Male,Office areas,Automobile,Double carriageway (median),Y Shape,Asphalt roads,Dry,Daylight,Normal
3746,12:40:00,Saturday,Male,Office areas,Automobile,Double carriageway (median),Crossing,Asphalt roads,Dry,Daylight,Normal
3747,11:01:00,Wednesday,Male,Other,Automobile,Double carriageway (median),Y Shape,Other,Wet or damp,Daylight,Raining
3748,11:01:00,Wednesday,Male,Office areas,Long lorry,Two-way (divided with broken lines road marking),Y Shape,Asphalt roads,Wet or damp,Daylight,Raining
3750,17:41:00,Wednesday,Male,Office areas,Automobile,One way,Crossing,Asphalt roads,Wet or damp,Darkness - lights unlit,Normal
3751,16:55:00,Thursday,Male,Other,Stationwagen,Undivided Two way,Y Shape,Asphalt roads,Dry,Daylight,Normal
3753,18:20:00,Wednesday,Male,Residential areas,Other,Two-way (divided with broken lines road marking),Y Shape,Asphalt roads,Dry,Daylight,Normal
3754,18:20:00,Wednesday,Male, Church areas,Special vehicle,Two-way (divided with broken lines road marking),Y Shape,Asphalt roads,Dry,Daylight,Normal
3755,17:22:00,Monday,Male,Other,Lorry (41?100Q),Two-way (divided with broken lines road marking),Unknown,Asphalt roads,Dry,Darkness - lights lit,Normal
3756,16:19:00,Friday,Male,Residential areas,Pick up upto 10Q,Two-way (divided with broken lines road marking),Unknown,Asphalt roads,Dry,Daylight,Normal
3757,20:43:00,Sunday,Male,Other,Lorry (11?40Q),Undivided Two way,Y Shape,Other,Wet or damp,Darkness - lights lit,Raining
3758,20:43:00,Sunday,Male,Residential areas,Lorry (41?100Q),Undivided Two way,Y Shape,Asphalt roads,Wet or damp,Darkness - lights lit,Raining
3759,22:35:00,Wednesday,Male,Residential areas,Motorcycle,Two-way (divided with broken lines road marking),No junction,Asphalt roads,Dry,Darkness - lights lit,Normal
3761,22:35:00,Wednesday,Male,Other,Automobile,Two-way (divided with broken lines road marking),No junction,Asphalt roads,Dry,Darkness - lights lit,Normal
3762,5:50:00,Wednesday,Male,Other,Automobile,Undivided Two way,No junction,Asphalt roads,Wet or damp,Darkness - lights lit,Raining
3763,5:50:00,Wednesday,Female,Other,Stationwagen,Double carriageway (median),No junction,Asphalt roads,Wet or damp,Darkness - lights lit,Raining
3765,9:22:00,Monday,Male,  Recreational areas,Public (> 45 seats),Undivided Two way,No junction,Asphalt roads,Dry,Daylight,Normal
3766,9:26:00,Wednesday,Male,Other,Public (> 45 seats),other,Y Shape,Asphalt roads,Wet or damp,Daylight,Raining
3767,9:26:00,Wednesday,Unknown,Office areas,Stationwagen,Undivided Two way,Y Shape,Asphalt roads,Wet or damp,Daylight,Raining
3768,13:40:00,Sunday,Male,Other,Automobile,Undivided Two way,Y Shape,Asphalt roads,Dry,Daylight,Normal
3769,13:40:00,Sunday,Male,Office areas,Bicycle,Undivided Two way,Y Shape,Asphalt roads,Dry,Daylight,Normal
3770,13:40:00,Sunday,Male,Office areas,Automobile,One way,Y Shape,Asphalt roads,Dry,Daylight,Normal
3771,4:38:00,Saturday,Male,Office areas,Lorry (41?100Q),Undivided Two way,Crossing,Asphalt roads,Dry,Darkness - lights lit,Normal
3772,4:38:00,Saturday,Male,Other,Automobile,Undivided Two way,Crossing,Asphalt roads,Dry,Darkness - lights lit,Normal
3773,2:32:00,Thursday,Male,Other,Public (13?45 seats),Double carriageway (median),Y Shape,Asphalt roads,Dry,Darkness - lights lit,Normal
3774,2:32:00,Thursday,Male,Office areas,Special vehicle,Two-way (divided with solid lines road marking),Y Shape,Asphalt roads,Dry,Darkness - lights lit,Normal
3775,19:00:00,Tuesday,Female,Residential areas,Automobile,other,No junction,Asphalt roads,Wet or damp,Darkness - lights lit,Other
3776,19:00:00,Tuesday,Male,  Recreational areas,Public (13?45 seats),Undivided Two way,No junction,Asphalt roads,Wet or damp,Darkness - lights lit,Other
3778,7:53:00,Thursday,Male,Residential areas,Lorry (41?100Q),other,Crossing,Asphalt roads,Wet or damp,Daylight,Raining
3779,7:53:00,Thursday,Male,Other,Lorry (41?100Q),other,Crossing,Asphalt roads,Wet or damp,Daylight,Raining
3780,7:53:00,Thursday,Male,Other,Public (12 seats),other,Crossing,Asphalt roads,Wet or damp,Daylight,Raining
3781,20:13:00,Tuesday,Male,Other,Lorry (41?100Q),One way,No junction,Asphalt roads,Wet or damp,Darkness - lights lit,Raining
3782,16:28:00,Tuesday,Male,Other,Lorry (41?100Q),Two-way (divided with broken lines road marking),No junction,Earth roads,Wet or damp,Daylight,Raining
3783,16:28:00,Tuesday,Male,Other,Public (12 seats),other,No junction,Asphalt roads,Wet or damp,Daylight,Raining
3784,16:28:00,Tuesday,Male,School areas,Public (> 45 seats),Undivided Two way,No junction,Asphalt roads,Wet or damp,Daylight,Raining
3785,0:55:00,Saturday,Male,Office areas,Automobile,Two-way (divided with broken lines road marking),Y Shape,Asphalt roads,Dry,Darkness - lights lit,Normal
3786,0:55:00,Saturday,Male,Office areas,Pick up upto 10Q,Two-way (divided with broken lines road marking),Y Shape,Asphalt roads,Dry,Darkness - lights lit,Normal
3787,0:55:00,Saturday,Male,Office areas,Stationwagen,Two-way (divided with broken lines road marking),Y Shape,Asphalt roads,Dry,Darkness - lights lit,Normal
3790,18:30:00,Monday,Male,Office areas,Automobile,Two-way (divided with broken lines road marking),No junction,Asphalt roads,Dry,Darkness - lights lit,Normal
3791,8:15:00,Tuesday,Male,Office areas,Stationwagen,Two-way (divided with broken lines road marking),No junction,Asphalt roads,Dry,Daylight,Normal
3792,8:15:00,Tuesday,Male,School areas,Pick up upto 10Q,Two-way (divided with broken lines road marking),No junction,Asphalt roads,Dry,Daylight,Normal
3794,18:26:00,Monday,Male,Other,Automobile,Two-way (divided with broken lines road marking),Crossing,Asphalt roads,Dry,Darkness - lights lit,Normal
3796,0:10:00,Saturday,Male,Other,Lorry (41?100Q),Two-way (divided with broken lines road marking),No junction,Asphalt roads,Dry,Darkness - lights lit,Normal
3797,0:10:00,Saturday,Male,Residential areas,Lorry (41?100Q),Undivided Two way,No junction,Asphalt roads,Dry,Darkness - lights lit,Normal
3798,0:10:00,Saturday,Male,Other,Lorry (41?100Q),Undivided Two way,No junction,Asphalt roads,Dry,Darkness - lights lit,Normal
3799,0:10:00,Saturday,Male,Other,Pick up upto 10Q,Undivided Two way,No junction,Asphalt roads,Dry,Darkness - lights lit,Normal
3800,0:10:00,Saturday,Male, Industrial areas,Pick up upto 10Q,Undivided Two way,No junction,Asphalt roads,Dry,Darkness - lights lit,Normal
3801,0:10:00,Saturday,Male,  Recreational areas,Automobile,Undivided Two way,No junction,Asphalt roads,Dry,Darkness - lights lit,Normal
3802,8:13:00,Wednesday,Male, Church areas,Other,Two-way (divided with broken lines road marking),Y Shape,Gravel roads,Wet or damp,Daylight,Raining and Windy
3804,8:13:00,Wednesday,Male,Other,Automobile,Two-way (divided with broken lines road marking),Y Shape,Asphalt roads,Wet or damp,Daylight,Raining and Windy
3805,17:46:00,Monday,Male,Office areas,Motorcycle,Undivided Two way,Y Shape,Asphalt roads,Wet or damp,Darkness - lights lit,Raining and Windy
3806,17:46:00,Monday,Male,Office areas,Automobile,Two-way (divided with broken lines road marking),Y Shape,Asphalt roads,Wet or damp,Darkness - lights lit,Raining and Windy
3807,2:40:00,Saturday,Female,Other,Automobile,Two-way (divided with broken lines road marking),No junction,Asphalt roads,Dry,Darkness - lights lit,Normal
3808,2:40:00,Saturday,Female,Residential areas,Public (12 seats),Undivided Two way,No junction,Asphalt roads,Dry,Darkness - lights lit,Normal
3809,13:00:00,Saturday,Male,Office areas,Long lorry,other,Y Shape,Asphalt roads,Wet or damp,Daylight,Normal
3811,13:00:00,Saturday,Male,School areas,Automobile,Two-way (divided with broken lines road marking),Y Shape,Asphalt roads,Wet or damp,Daylight,Normal
3812,13:00:00,Saturday,Male,Office areas,Public (> 45 seats),Two-way (divided with broken lines road marking),Y Shape,Asphalt roads,Wet or damp,Daylight,Normal
3813,13:00:00,Saturday,Male,Other,Pick up upto 10Q,other,Y Shape,Asphalt roads,Wet or damp,Daylight,Normal
3814,13:00:00,Saturday,Male,Other,Lorry (41?100Q),Undivided Two way,Y Shape,Asphalt roads,Wet or damp,Daylight,Normal
3815,13:00:00,Saturday,Male, Church areas,Automobile,other,Y Shape,Asphalt roads,Wet or damp,Daylight,Normal
3816,22:30:00,Saturday,Male,Office areas,Public (13?45 seats),Two-way (divided with broken lines road marking),No junction,Asphalt roads,Dry,Darkness - lights lit,Normal
3817,22:30:00,Saturday,Male,Other,Automobile,Two-way (divided with broken lines road marking),No junction,Asphalt roads,Dry,Darkness - lights lit,Normal
3818,17:35:00,Saturday,Male,Office areas,Public (> 45 seats),Two-way (divided with broken lines road marking),Y Shape,Asphalt roads,Dry,Darkness - lights lit,Normal
3819,17:35:00,Saturday,Male,Office areas,Public (12 seats),Two-way (divided with broken lines road marking),Y Shape,Asphalt roads,Dry,Darkness - lights lit,Normal
3820,17:35:00,Saturday,Female,Office areas,Automobile,Two-way (divided with broken lines road marking),Y Shape,Asphalt roads,Dry,Darkness - lights lit,Normal
3821,12:00:00,Thursday,Male, Church areas,Lorry (41?100Q),Undivided Two way,No junction,Asphalt roads,Dry,Daylight,Normal
3822,12:00:00,Thursday,Female,Office areas,Automobile,Undivided Two way,No junction,Asphalt roads,Dry,Daylight,Normal
3823,9:10:00,Wednesday,Male,Other,Pick up upto 10Q,Double carriageway (median),No junction,Earth roads,Dry,Daylight,Normal
3824,16:35:00,Friday,Male,Other,Public (12 seats),Two-way (divided with broken lines road marking),Y Shape,Asphalt roads,Dry,Daylight,Normal
3825,22:08:00,Tuesday,Male, Church areas,Automobile,Unknown,No junction,Asphalt roads,Wet or damp,Darkness - lights lit,Normal
3826,22:08:00,Tuesday,Male,School areas,Automobile,Undivided Two way,No junction,Asphalt roads,Wet or damp,Darkness - lights lit,Normal
3827,7:01:00,Thursday,Male, Church areas,Automobile,Two-way (divided with broken lines road marking),Unknown,Asphalt roads,Wet or damp,Darkness - lights lit,Raining
3828,22:26:00,Saturday,Male,Office areas,Stationwagen,Undivided Two way,Y Shape,Asphalt roads,Wet or damp,Darkness - lights lit,Normal
3829,22:26:00,Saturday,Male,Other,Other,other,Y Shape,Asphalt roads,Wet or damp,Darkness - lights lit,Normal
3830,8:25:00,Thursday,Unknown, Church areas,Other,Two-way (divided with broken lines road marking),Y Shape,Asphalt roads,Wet or damp,Daylight,Windy
3831,8:25:00,Thursday,Male,Other,Other,Double carriageway (median),Y Shape,Gravel roads,Wet or damp,Daylight,Windy
3832,22:06:00,Wednesday,Female,Other,Public (13?45 seats),Double carriageway (median),Y Shape,Asphalt roads,Wet or damp,Darkness - lights lit,Windy
3833,22:06:00,Wednesday,Male,Office areas,Lorry (41?100Q),Two-way (divided with broken lines road marking),Y Shape,Asphalt roads,Wet or damp,Darkness - lights lit,Windy
3834,17:20:00,Thursday,Male,Other,Public (12 seats),Two-way (divided with broken lines road marking),No junction,Asphalt roads,Wet or damp,Darkness - lights lit,Normal
3835,17:20:00,Thursday,Male,Other,Automobile,Two-way (divided with broken lines road marking),No junction,Other,Wet or damp,Darkness - lights lit,Normal
3836,14:50:00,Saturday,Male,Residential areas,Automobile,Two-way (divided with broken lines road marking),Y Shape,Asphalt roads,Wet or damp,Daylight,Normal
3837,14:50:00,Saturday,Male,Office areas,Stationwagen,Two-way (divided with broken lines road marking),Y Shape,Asphalt roads,Wet or damp,Daylight,Normal
3838,10:00:00,Tuesday,Male, Church areas,Lorry (41?100Q),One way,Y Shape,Asphalt roads,Wet or damp,Daylight,Normal
3840,12:05:00,Saturday,Male,  Market areas,Lorry (41?100Q),other,Y Shape,Asphalt roads,Dry,Daylight,Normal
3842,16:30:00,Monday,Male,Office areas,Public (12 seats),Undivided Two way,T Shape,Asphalt roads,Wet or damp,Darkness - lights lit,Other
3843,21:00:00,Saturday,Female,  Recreational areas,Other,other,Crossing,Asphalt roads,Dry,Darkness - lights lit,Normal
3844,21:00:00,Saturday,Male,Office areas,Public (12 seats),other,Crossing,Asphalt roads,Dry,Darkness - lights lit,Normal
3845,11:00:00,Sunday,Male, Industrial areas,Other,other,No junction,Asphalt roads,Wet or damp,Daylight,Normal
3847,10:50:00,Friday,Male,Residential areas,Stationwagen,Undivided Two way,No junction,Asphalt roads,Dry,Daylight,Unknown
3848,15:00:00,Saturday,Male,Residential areas,Automobile,other,Y Shape,Asphalt roads,Wet or damp,Daylight,Raining
3849,15:00:00,Saturday,Male, Industrial areas,Lorry (41?100Q),other,Y Shape,Asphalt roads,Wet or damp,Daylight,Raining
3850,17:35:00,Saturday,Male,Residential areas,Special vehicle,Undivided Two way,Y Shape,Gravel roads,Wet or damp,Darkness - lights lit,Normal
3851,17:35:00,Saturday,Male,Residential areas,Lorry (41?100Q),other,Y Shape,Asphalt roads,Wet or damp,Darkness - lights lit,Normal
3852,18:05:00,Saturday,Male,Office areas,Lorry (41?100Q),Undivided Two way,No junction,Asphalt roads,Wet or damp,Darkness - lights lit,Other
3853,18:05:00,Saturday,Male,Office areas,Public (> 45 seats),Double carriageway (median),No junction,Asphalt roads,Wet or damp,Darkness - lights lit,Other
3854,13:00:00,Thursday,Male,Office areas,Automobile,other,No junction,Other,Dry,Daylight,Normal
3855,18:40:00,Sunday,Female,Office areas,Automobile,Undivided Two way,No junction,Asphalt roads,Dry,Darkness - lights lit,Cloudy
3856,1:59:00,Monday,Male,Office areas,Automobile,One way,Y Shape,Other,Wet or damp,Darkness - lights lit,Cloudy
3857,1:59:00,Monday,Male,Office areas,Public (> 45 seats),Undivided Two way,Y Shape,Asphalt roads,Wet or damp,Darkness - lights lit,Cloudy
3858,11:15:00,Monday,Male,Office areas,Lorry (11?40Q),other,No junction,Asphalt roads,Dry,Daylight,Unknown
3859,16:15:00,Tuesday,Male,Residential areas,Pick up upto 10Q,other,No junction,Asphalt roads,Dry,Daylight,Normal
3860,16:15:00,Tuesday,Male,Residential areas,Lorry (11?40Q),One way,No junction,Asphalt roads,Dry,Daylight,Normal
3861,16:15:00,Tuesday,Male,Other,Pick up upto 10Q,One way,No junction,Asphalt roads,Dry,Daylight,Normal
3862,10:59:00,Friday,Male, Church areas,Special vehicle,Undivided Two way,No junction,Asphalt roads,Dry,Daylight,Normal
3863,15:29:00,Wednesday,Male,  Recreational areas,Lorry (11?40Q),other,Crossing,Asphalt roads,Dry,Daylight,Normal
3866,15:50:00,Wednesday,Male,Residential areas,Lorry (41?100Q),other,Other,Asphalt roads,Dry,Daylight,Normal
3867,8:51:00,Friday,Male,Office areas,Other,Double carriageway (median),Y Shape,Asphalt roads,Wet or damp,Daylight,Normal
3868,8:51:00,Friday,Male,  Market areas,Other,Undivided Two way,Y Shape,Asphalt roads,Wet or damp,Daylight,Normal
3869,8:53:00,Monday,Male,Unknown,Automobile,other,Y Shape,Asphalt roads,Wet or damp,Daylight,Normal
3870,8:53:00,Monday,Male, Industrial areas,Other,other,Y Shape,Asphalt roads,Wet or damp,Daylight,Normal
3871,17:10:00,Thursday,Male,Residential areas,Automobile,Two-way (divided with solid lines road marking),Other,Asphalt roads,Wet or damp,Darkness - lights lit,Other
3872,17:10:00,Thursday,Male,Residential areas,Public (13?45 seats),Undivided Two way,Other,Asphalt roads,Wet or damp,Darkness - lights lit,Other
3873,18:10:00,Sunday,Female,Other,Lorry (41?100Q),Undivided Two way,No junction,Asphalt roads,Dry,Daylight,Unknown
3875,6:00:00,Tuesday,Male,Rural village areas,Automobile,Undivided Two way,Unknown,Asphalt roads,Dry,Darkness - lights lit,Normal
3877,15:23:00,Monday,Male,Office areas,Lorry (41?100Q),Double carriageway (median),Y Shape,Asphalt roads,Dry,Daylight,Normal
3879,4:00:00,Saturday,Male,Residential areas,Lorry (41?100Q),other,No junction,Asphalt roads,Wet or damp,Darkness - lights lit,Other
3880,4:00:00,Saturday,Male, Outside rural areas,Taxi,other,No junction,Asphalt roads,Wet or damp,Darkness - lights lit,Other
3881,11:28:00,Tuesday,Male,Residential areas,Lorry (41?100Q),other,Y Shape,Asphalt roads,Dry,Daylight,Normal
3882,9:21:00,Tuesday,Male, Church areas,Lorry (41?100Q),other,Crossing,Asphalt roads,Wet or damp,Daylight,Normal
3883,9:21:00,Tuesday,Male,Office areas,Other,Undivided Two way,Crossing,Asphalt roads,Wet or damp,Daylight,Normal
3884,6:45:00,Monday,Male,Office areas,Stationwagen,Two-way (divided with broken lines road marking),No junction,Asphalt roads,Dry,Daylight,Other
3885,6:45:00,Monday,Male,Office areas,Stationwagen,Two-way (divided with broken lines road marking),No junction,Asphalt roads,Dry,Daylight,Other
3886,18:00:00,Monday,Male,Other,Lorry (41?100Q),Undivided Two way,Y Shape,Asphalt roads,Dry,Darkness - lights lit,Normal
3887,18:00:00,Monday,Male,Other,Lorry (41?100Q),Undivided Two way,Y Shape,Asphalt roads,Dry,Darkness - lights lit,Normal
3888,8:15:00,Friday,Male,Residential areas,Other,Two-way (divided with broken lines road marking),No junction,Asphalt roads,Wet or damp,Daylight,Normal
3889,8:15:00,Friday,Male,Other,Automobile,Two-way (divided with broken lines road marking),No junction,Gravel roads,Wet or damp,Daylight,Normal
3891,10:00:00,Monday,Male,Other,Taxi,Two-way (divided with broken lines road marking),Other,Earth roads,Dry,Daylight,Normal
3892,16:45:00,Saturday,Male,Other,Lorry (41?100Q),Undivided Two way,Y Shape,Asphalt roads,Dry,Darkness - lights lit,Normal
3893,16:45:00,Saturday,Male,Other,Other,Double carriageway (median),Y Shape,Asphalt roads,Dry,Darkness - lights lit,Normal
3894,6:25:00,Sunday,Male,Other,Automobile,Two-way (divided with broken lines road marking),Y Shape,Asphalt roads,Wet or damp,Darkness - lights lit,Raining and Windy
3895,6:25:00,Sunday,Male, Church areas,Public (> 45 seats),Two-way (divided with broken lines road marking),Y Shape,Earth roads,Wet or damp,Darkness - lights lit,Raining and Windy
3896,7:26:00,Monday,Male,Other,Stationwagen,Undivided Two way,Other,Asphalt roads,Wet or damp,Darkness - lights lit,Normal
3897,12:30:00,Wednesday,Male, Industrial areas,Automobile,Two-way (divided with broken lines road marking),Other,Asphalt roads,Dry,Daylight,Unknown
3898,14:30:00,Wednesday,Male,Residential areas,Lorry (41?100Q),Double carriageway (median),Crossing,Asphalt roads,Dry,Daylight,Normal
3899,14:30:00,Wednesday,Male,Other,Other,Two-way (divided with broken lines road marking),Crossing,Asphalt roads,Dry,Daylight,Normal
3900,16:15:00,Tuesday,Male,Office areas,Public (13?45 seats),Two-way (divided with broken lines road marking),Y Shape,Asphalt roads,Dry,Daylight,Other
3901,12:25:00,Sunday,Male, Industrial areas,Other,Unknown,No junction,Asphalt roads,Wet or damp,Daylight,Other
3902,12:25:00,Sunday,Female, Industrial areas,Other,Double carriageway (median),No junction,Asphalt roads,Wet or damp,Daylight,Other
3903,10:30:00,Tuesday,Male,Other,Ridden horse,Two-way (divided with broken lines road marking),Y Shape,Asphalt roads,Dry,Daylight,Normal
3904,20:35:00,Friday,Male, Hospital areas,Lorry (41?100Q),Two-way (divided with broken lines road marking),Y Shape,Asphalt roads,Dry,Darkness - lights lit,Normal
3905,20:35:00,Friday,Male,Office areas,Lorry (41?100Q),One way,Y Shape,Asphalt roads,Dry,Darkness - lights lit,Normal
3906,20:35:00,Friday,Male, Church areas,Pick up upto 10Q,Undivided Two way,Y Shape,Asphalt roads,Dry,Darkness - lights lit,Normal
3907,14:25:00,Friday,Male, Hospital areas,Lorry (11?40Q),Undivided Two way,Y Shape,Asphalt roads,Wet or damp,Daylight,Raining
3908,11:05:00,Wednesday,Male,Office areas,Automobile,other,No junction,Asphalt roads,Dry,Daylight,Normal
3909,11:05:00,Wednesday,Male,Other,Automobile,Two-way (divided with broken lines road marking),No junction,Asphalt roads,Dry,Daylight,Normal
3910,15:20:00,Saturday,Female,Office areas,Pick up upto 10Q,Undivided Two way,No junction,Asphalt roads,Dry,Daylight,Normal
3911,19:00:00,Friday,Male,Office areas,Automobile,Two-way (divided with broken lines road marking),No junction,Asphalt roads,Dry,Daylight,Normal
3912,8:52:00,Friday,Male,Other,Other,Double carriageway (median),No junction,Asphalt roads,Wet or damp,Daylight,Normal
3913,8:52:00,Friday,Male,Office areas,Lorry (41?100Q),Undivided Two way,No junction,Asphalt roads,Wet or damp,Daylight,Normal
3914,12:00:00,Wednesday,Female,Residential areas,Public (13?45 seats),Undivided Two way,Y Shape,Asphalt roads,Dry,Daylight,Normal
3915,8:31:00,Monday,Male,Other,Pick up upto 10Q,Two-way (divided with broken lines road marking),Y Shape,Asphalt roads,Dry,Daylight,Normal
3916,8:31:00,Monday,Male,Office areas,Stationwagen,Double carriageway (median),Y Shape,Earth roads,Dry,Daylight,Normal
3917,22:31:00,Tuesday,Male,Office areas,Other,Undivided Two way,Y Shape,Asphalt roads,Dry,Darkness - lights lit,Normal
3918,22:31:00,Tuesday,Male,Office areas,Pick up upto 10Q,other,Y Shape,Asphalt roads,Dry,Darkness - lights lit,Normal
3919,18:20:00,Saturday,Male,Other,Public (13?45 seats),Two-way (divided with broken lines road marking),No junction,Other,Wet or damp,Darkness - lights lit,Raining
3920,10:19:00,Tuesday,Male, Church areas,Public (12 seats),Undivided Two way,Y Shape,Asphalt roads,Wet or damp,Daylight,Normal
3921,10:19:00,Tuesday,Male, Industrial areas,Lorry (41?100Q),Undivided Two way,Y Shape,Asphalt roads,Wet or damp,Daylight,Normal
3922,18:25:00,Wednesday,Male,Office areas,Pick up upto 10Q,Double carriageway (median),Y Shape,Asphalt roads,Dry,Daylight,Normal
3923,12:30:00,Friday,Male, Church areas,Lorry (41?100Q),Undivided Two way,No junction,Asphalt roads,Wet or damp,Daylight,Raining
3924,12:30:00,Friday,Male,Office areas,Pick up upto 10Q,Undivided Two way,No junction,Asphalt roads,Wet or damp,Daylight,Raining
3925,15:15:00,Monday,Male,Office areas,Long lorry,other,Other,Asphalt roads,Dry,Daylight,Unknown
3927,16:19:00,Monday,Male,Office areas,Other,Two-way (divided with broken lines road marking),Crossing,Asphalt roads,Dry,Daylight,Normal
3929,17:15:00,Tuesday,Male,Office areas,Public (13?45 seats),Double carriageway (median),Y Shape,Asphalt roads,Dry,Daylight,Normal
3930,17:15:00,Tuesday,Male,Office areas,Special vehicle,Double carriageway (median),Y Shape,Asphalt roads,Dry,Daylight,Normal
3931,18:30:00,Wednesday,Male,Other,Lorry (41?100Q),Two-way (divided with broken lines road marking),Y Shape,Asphalt roads,Wet or damp,Darkness - lights lit,Normal
3932,18:00:00,Tuesday,Male,Other,Lorry (41?100Q),Two-way (divided with broken lines road marking),Y Shape,Asphalt roads,Dry,Darkness - lights lit,Normal
3933,18:00:00,Tuesday,Male,Residential areas,Public (> 45 seats),Two-way (divided with broken lines road marking),Y Shape,Asphalt roads,Dry,Darkness - lights lit,Normal
3934,18:00:00,Tuesday,Male, Church areas,Automobile,Two-way (divided with broken lines road marking),Y Shape,Asphalt roads,Dry,Darkness - lights lit,Normal
3935,8:40:00,Monday,Male, Church areas,Automobile,Double carriageway (median),No junction,Asphalt roads,Dry,Daylight,Normal
3936,8:40:00,Monday,Female,Residential areas,Automobile,Double carriageway (median),No junction,Asphalt roads,Dry,Daylight,Normal
3937,19:30:00,Monday,Male,Office areas,Public (> 45 seats),Two-way (divided with broken lines road marking),No junction,Asphalt roads,Wet or damp,Darkness - lights lit,Raining
3938,19:30:00,Monday,Male,Office areas,Lorry (11?40Q),Two-way (divided with broken lines road marking),No junction,Asphalt roads,Wet or damp,Darkness - lights lit,Raining
3939,21:25:00,Monday,Female,Residential areas,Pick up upto 10Q,Two-way (divided with broken lines road marking),Y Shape,Asphalt roads,Wet or damp,Darkness - lights lit,Raining
3940,21:25:00,Monday,Male, Church areas,Lorry (11?40Q),other,Y Shape,Gravel roads,Wet or damp,Darkness - lights lit,Raining
3941,9:20:00,Tuesday,Male,Other,Pick up upto 10Q,Two-way (divided with broken lines road marking),No junction,Asphalt roads,Dry,Daylight,Normal
3942,9:20:00,Tuesday,Male,Office areas,Special vehicle,Two-way (divided with broken lines road marking),No junction,Asphalt roads,Dry,Daylight,Normal
3943,16:38:00,Wednesday,Male,Other,Lorry (11?40Q),Two-way (divided with broken lines road marking),Y Shape,Asphalt roads,Dry,Daylight,Normal
3946,10:01:00,Friday,Male,Residential areas,Lorry (41?100Q),Two-way (divided with broken lines road marking),Y Shape,Asphalt roads,Dry,Daylight,Normal
3947,10:01:00,Friday,Male, Church areas,Other,Undivided Two way,Y Shape,Asphalt roads,Dry,Daylight,Normal
3948,10:01:00,Friday,Male,Other,Other,Undivided Two way,Y Shape,Asphalt roads,Dry,Daylight,Normal
3949,11:30:00,Wednesday,Male,Other,Automobile,One way,Y Shape,Asphalt roads,Dry,Daylight,Normal
3950,11:30:00,Wednesday,Male,Residential areas,Other,Two-way (divided with broken lines road marking),Y Shape,Asphalt roads,Dry,Daylight,Normal
3951,11:30:00,Wednesday,Male,Office areas,Automobile,One way,Y Shape,Asphalt roads,Dry,Daylight,Normal
3952,11:30:00,Wednesday,Male, Industrial areas,Public (13?45 seats),Two-way (divided with broken lines road marking),Y Shape,Asphalt roads,Dry,Daylight,Normal
3953,15:40:00,Tuesday,Male,Residential areas,Lorry (41?100Q),Double carriageway (median),Y Shape,Asphalt roads,Dry,Daylight,Normal
3959,10:21:00,Monday,Male,  Market areas,Lorry (41?100Q),Undivided Two way,No junction,Asphalt roads,Dry,Daylight,Normal
3960,10:21:00,Monday,Male,Other,Taxi,Two-way (divided with broken lines road marking),No junction,Gravel roads,Dry,Daylight,Normal
3961,10:21:00,Monday,Male,Other,Lorry (41?100Q),Two-way (divided with broken lines road marking),No junction,Asphalt roads,Dry,Daylight,Normal
3962,20:50:00,Monday,Male, Industrial areas,Lorry (41?100Q),Two-way (divided with broken lines road marking),Y Shape,Asphalt roads,Dry,Darkness - lights lit,Normal
3963,18:00:00,Friday,Male,Other,Other,Two-way (divided with broken lines road marking),Crossing,Asphalt roads,Wet or damp,Daylight,Other
3964,18:00:00,Friday,Male,Office areas,Stationwagen,other,Crossing,Asphalt roads,Wet or damp,Daylight,Other
3966,19:30:00,Thursday,Male,Office areas,Lorry (41?100Q),Two-way (divided with broken lines road marking),Y Shape,Asphalt roads,Dry,Darkness - lights lit,Unknown
3967,7:20:00,Wednesday,Male,Office areas,Lorry (41?100Q),Undivided Two way,No junction,Asphalt roads,Dry,Daylight,Unknown
3968,7:20:00,Wednesday,Male,Other,Other,other,No junction,Asphalt roads,Dry,Daylight,Unknown
3969,15:45:00,Thursday,Female,Other,Automobile,other,No junction,Asphalt roads,Dry,Daylight,Unknown
3971,11:55:00,Friday,Male,Other,Taxi,other,No junction,Asphalt roads,Wet or damp,Daylight,Raining
3972,19:00:00,Thursday,Male,Residential areas,Lorry (41?100Q),Undivided Two way,Crossing,Asphalt roads,Dry,Daylight,Normal
3973,19:00:00,Wednesday,Male, Church areas,Other,Undivided Two way,Other,Asphalt roads,Dry,Daylight,Normal