,time,Day_of_week,Sex_of_driver,Area_accident,Type_of_vehicle,Lanes_or_Medians,Types_of_Junction,Road_surface_type,Road_surface_conditions,Light_conditions,Weather_conditions
3974,8:48:00,Tuesday,Male,Office areas,Automobile,Double carriageway (median),Y Shape,Asphalt roads,Dry,Daylight,Normal
3975,8:48:00,Tuesday,Female, Church areas,Public (> 45 seats),other,Y Shape,Asphalt roads,Dry,Daylight,Normal
3976,12:30:00,Wednesday,Male,Other,Stationwagen,Two-way (divided with broken lines road marking),No junction,Asphalt roads,Dry,Daylight,Normal
3978,9:30:00,Tuesday,Male,School areas,Lorry (41?100Q),other,Y Shape,Asphalt roads,Wet or damp,Daylight,Other
3979,9:30:00,Tuesday,Unknown,Office areas,Other,Two-way (divided with broken lines road marking),Y Shape,Asphalt roads,Wet or damp,Daylight,Other
3980,13:31:00,Sunday,Male,Other,Public (13?45 seats),other,No junction,Asphalt roads,Dry,Daylight,Normal
3981,13:31:00,Sunday,Male,Office areas,Other,Undivided Two way,No junction,Asphalt roads,Dry,Daylight,Normal
3982,13:31:00,Sunday,Male,Other,Other,Undivided Two way,No junction,Asphalt roads,Dry,Daylight,Normal
3983,0:50:00,Saturday,Female,Other,Ridden horse,Two-way (divided with broken lines road marking),Unknown,Asphalt roads,Wet or damp,Darkness - lights lit,Raining
3984,0:50:00,Saturday,Male,Office areas,Lorry (41?100Q),Undivided Two way,Unknown,Asphalt roads,Wet or damp,Darkness - lights lit,Raining
3985,17:15:00,Tuesday,Male,Other,Lorry (41?100Q),Double carriageway (median),No junction,Asphalt roads,Dry,Daylight,Normal
3986,17:15:00,Tuesday,Male, Church areas,Pick up upto 10Q,other,No junction,Asphalt roads,Dry,Daylight,Normal
3987,13:20:00,Friday,Male,Office areas,Lorry (11?40Q),Two-way (divided with broken lines road marking),No junction,Asphalt roads,Dry,Daylight,Unknown
3988,13:20:00,Friday,Male,Office areas,Automobile,Two-way (divided with broken lines road marking),No junction,Asphalt roads,Dry,Daylight,Unknown
3989,19:45:00,Tuesday,Male,Other,Automobile,Undivided Two way,No junction,Asphalt roads,Dry,Daylight,Unknown
3990,19:45:00,Tuesday,Male,Residential areas,Lorry (11?40Q),Undivided Two way,No junction,Asphalt roads,Dry,Daylight,Unknown
3991,19:35:00,Tuesday,Female,Residential areas,Motorcycle,Undivided Two way,No junction,Asphalt roads,Dry,Daylight,Normal
3993,14:15:00,Sunday,Male,Other,Stationwagen,other,No junction,Asphalt roads,Dry,Daylight,Normal
3995,21:30:00,Friday,Male,School areas,Other,Double carriageway (median),Crossing,Asphalt roads,Dry,Darkness - lights lit,Normal
3996,21:30:00,Friday,Male,Other,Other,Two-way (divided with broken lines road marking),Crossing,Asphalt roads,Dry,Darkness - lights lit,Normal
3997,21:30:00,Friday,Male,Other,Taxi,Two-way (divided with broken lines road marking),Crossing,Asphalt roads,Dry,Darkness - lights lit,Normal
3998,20:35:00,Saturday,Female, Church areas,Automobile,Two-way (divided with broken lines road marking),Y Shape,Asphalt roads,Dry,Daylight,Normal
4000,19:10:00,Thursday,Male,Other,Long lorry,Two-way (divided with broken lines road marking),Y Shape,Asphalt roads,Dry,Daylight,Normal
4001,19:03:00,Sunday,Male,Residential areas,Lorry (41?100Q),Double carriageway (median),Y Shape,Asphalt roads,Dry,Darkness - lights lit,Normal
4002,19:03:00,Sunday,Male,Office areas,Lorry (41?100Q),Two-way (divided with broken lines road marking),Y Shape,Asphalt roads,Dry,Darkness - lights lit,Normal
4003,14:50:00,Friday,Male,Office areas,Lorry (11?40Q),Undivided Two way,Crossing,Asphalt roads,Dry,Daylight,Normal
4004,14:50:00,Friday,Male,Office areas,Automobile,Two-way (divided with broken lines road marking),Crossing,Asphalt roads,Dry,Daylight,Normal
4006,17:40:00,Wednesday,Male,Office areas,Other,Two-way (divided with broken lines road marking),Y Shape,Asphalt roads,Dry,Daylight,Normal
4007,17:40:00,Wednesday,Male,Office areas,Automobile,Two-way (divided with broken lines road marking),Y Shape,Asphalt roads,Dry,Daylight,Normal
4008,21:20:00,Friday,Female,Office areas,Automobile,Two-way (divided with broken lines road marking),Y Shape,Asphalt roads,Wet or damp,Daylight,Raining
4009,21:20:00,Friday,Male,Office areas,Automobile,Two-way (divided with broken lines road marking),Y Shape,Asphalt roads,Wet or damp,Daylight,Raining
4010,16:00:00,Sunday,Male,Other,Automobile,Two-way (divided with broken lines road marking),Y Shape,Asphalt roads,Dry,Daylight,Unknown
4011,16:00:00,Sunday,Male,Residential areas,Public (> 45 seats),Double carriageway (median),Y Shape,Asphalt roads,Dry,Daylight,Unknown
4012,16:00:00,Sunday,Male, Church areas,Lorry (11?40Q),Undivided Two way,Y Shape,Asphalt roads,Dry,Daylight,Unknown
4013,12:09:00,Thursday,Male,Other,Lorry (41?100Q),Two-way (divided with broken lines road marking),No junction,Asphalt roads,Dry,Daylight,Normal
4014,8:48:00,Friday,Male,  Recreational areas,Lorry (41?100Q),Two-way (divided with broken lines road marking),Y Shape,Asphalt roads,Dry,Daylight,Normal
4016,8:56:00,Saturday,Male, Industrial areas,Other,Undivided Two way,Y Shape,Asphalt roads,Dry,Daylight,Normal
4017,8:56:00,Saturday,Male,Other,Automobile,Two-way (divided with broken lines road marking),Y Shape,Asphalt roads,Dry,Daylight,Normal
4018,8:56:00,Saturday,Male,Other,Pick up upto 10Q,other,Y Shape,Asphalt roads,Dry,Daylight,Normal
4019,19:17:00,Saturday,Male, Church areas,Motorcycle,other,No junction,Asphalt roads,Wet or damp,Darkness - lights lit,Normal
4020,19:17:00,Saturday,Male, Church areas,Automobile,Undivided Two way,No junction,Asphalt roads,Wet or damp,Darkness - lights lit,Normal
4021,16:05:00,Monday,Male,Other,Pick up upto 10Q,Two-way (divided with broken lines road marking),Y Shape,Asphalt roads,Dry,Daylight,Normal
4022,21:30:00,Saturday,Female,Other,Motorcycle,One way,No junction,Asphalt roads,Dry,Darkness - lights lit,Normal
4023,21:30:00,Saturday,Male,  Recreational areas,Stationwagen,Two-way (divided with broken lines road marking),No junction,Asphalt roads,Dry,Darkness - lights lit,Normal
4024,6:27:00,Monday,Male,Other,Lorry (41?100Q),Undivided Two way,Y Shape,Asphalt roads,Dry,Daylight,Normal
4025,16:50:00,Tuesday,Male,Office areas,Taxi,Undivided Two way,No junction,Asphalt roads,Dry,Daylight,Normal
4026,16:50:00,Tuesday,Male, Church areas,Automobile,Two-way (divided with broken lines road marking),No junction,Asphalt roads,Dry,Daylight,Normal
4027,16:50:00,Tuesday,Male,Office areas,Long lorry,Two-way (divided with broken lines road marking),No junction,Asphalt roads,Dry,Daylight,Normal
4028,16:50:00,Tuesday,Male,Office areas,Automobile,Undivided Two way,No junction,Asphalt roads,Dry,Daylight,Normal
4029,18:45:00,Tuesday,Male,Other,Public (12 seats),Undivided Two way,Crossing,Asphalt roads,Wet or damp,Daylight,Windy
4030,22:15:00,Sunday,Female,Residential areas,Lorry (11?40Q),Two-way (divided with broken lines road marking),Y Shape,Asphalt roads,Dry,Darkness - lights lit,Normal
4031,22:15:00,Sunday,Male,Office areas,Pick up upto 10Q,Two-way (divided with broken lines road marking),Y Shape,Asphalt roads,Dry,Darkness - lights lit,Normal
4032,21:45:00,Monday,Male,Residential areas,Lorry (41?100Q),other,No junction,Asphalt roads,Wet or damp,Darkness - lights lit,Other
4033,21:45:00,Monday,Female,Residential areas,Other,Two-way (divided with broken lines road marking),No junction,Asphalt roads,Wet or damp,Darkness - lights lit,Other
4034,21:45:00,Monday,Male,Other,Automobile,Double carriageway (median),No junction,Asphalt roads,Wet or damp,Darkness - lights lit,Other
4035,21:45:00,Monday,Male, Hospital areas,Long lorry,One way,No junction,Asphalt roads,Wet or damp,Darkness - lights lit,Other
4036,14:41:00,Sunday,Male,Other,Lorry (11?40Q),Undivided Two way,Y Shape,Asphalt roads,Dry,Daylight,Normal
4037,16:11:00,Sunday,Male,Other,Long lorry,Undivided Two way,Y Shape,Asphalt roads,Dry,Daylight,Normal
4038,22:14:00,Thursday,Male,  Recreational areas,Automobile,One way,No junction,Asphalt roads,Wet or damp,Darkness - lights lit,Raining
4039,22:14:00,Thursday,Male,Other,Taxi,Undivided Two way,No junction,Asphalt roads,Wet or damp,Darkness - lights lit,Raining
4040,22:14:00,Thursday,Male,Other,Taxi,Undivided Two way,No junction,Asphalt roads,Wet or damp,Darkness - lights lit,Raining
4041,22:14:00,Thursday,Male,Other,Long lorry,Undivided Two way,No junction,Asphalt roads,Wet or damp,Darkness - lights lit,Raining
4042,15:00:00,Tuesday,Male,Office areas,Lorry (11?40Q),Two-way (divided with broken lines road marking),Y Shape,Asphalt roads,Dry,Daylight,Other
4043,15:00:00,Tuesday,Male,Other,Lorry (11?40Q),Two-way (divided with broken lines road marking),Y Shape,Asphalt roads,Dry,Daylight,Other
4044,15:40:00,Thursday,Male,Residential areas,Long lorry,Two-way (divided with broken lines road marking),No junction,Asphalt roads,Dry,Daylight,Unknown
4045,15:40:00,Thursday,Male,Other,Turbo,Undivided Two way,No junction,Asphalt roads,Dry,Daylight,Unknown
4046,15:40:00,Thursday,Male,Other,Long lorry,Undivided Two way,No junction,Asphalt roads,Dry,Daylight,Unknown
4047,11:22:00,Saturday,Male, Church areas,Long lorry,Undivided Two way,No junction,Asphalt roads,Dry,Daylight,Normal
4048,11:22:00,Saturday,Male,Office areas,Public (13?45 seats),Undivided Two way,No junction,Asphalt roads,Dry,Daylight,Normal
4049,12:00:00,Saturday,Male,School areas,Automobile,other,O Shape,Asphalt roads,Dry,Daylight,Unknown
4050,12:00:00,Saturday,Male,Other,Automobile,Undivided Two way,O Shape,Asphalt roads,Dry,Daylight,Unknown
4051,13:35:00,Monday,Male,Office areas,Pick up upto 10Q,Undivided Two way,Y Shape,Asphalt roads,Dry,Daylight,Normal
4053,15:32:00,Wednesday,Male, Industrial areas,Stationwagen,One way,Y Shape,Asphalt roads,Dry,Daylight,Normal
4055,15:55:00,Tuesday,Male,Residential areas,Automobile,Undivided Two way,No junction,Asphalt roads,Wet or damp,Daylight,Raining
4056,15:55:00,Tuesday,Male,  Recreational areas,Automobile,Two-way (divided with broken lines road marking),No junction,Asphalt roads,Wet or damp,Daylight,Raining
4057,8:35:00,Monday,Male,Office areas,Long lorry,other,Other,Asphalt roads,Dry,Daylight,Unknown
4058,8:35:00,Monday,Male, Outside rural areas,Public (13?45 seats),Two-way (divided with broken lines road marking),Other,Asphalt roads,Dry,Daylight,Unknown
4059,19:50:00,Friday,Male, Outside rural areas,Public (13?45 seats),Two-way (divided with broken lines road marking),Y Shape,Asphalt roads,Dry,Daylight,Normal
4060,19:50:00,Friday,Male, Outside rural areas,Lorry (11?40Q),Undivided Two way,Y Shape,Asphalt roads,Dry,Daylight,Normal
4061,7:15:00,Thursday,Male, Outside rural areas,Lorry (11?40Q),Undivided Two way,Unknown,Asphalt roads,Wet or damp,Daylight,Raining
4062,15:11:00,Friday,Male, Outside rural areas,Pick up upto 10Q,other,No junction,Asphalt roads,Dry,Daylight,Normal
4063,17:45:00,Wednesday,Male,School areas,Automobile,other,Y Shape,Asphalt roads,Dry,Daylight,Unknown
4064,17:45:00,Wednesday,Male, Outside rural areas,Automobile,Two-way (divided with broken lines road marking),Y Shape,Asphalt roads,Dry,Daylight,Unknown
4066,14:30:00,Friday,Male, Outside rural areas,Long lorry,Two-way (divided with broken lines road marking),Y Shape,Asphalt roads,Wet or damp,Daylight,Other
4067,20:40:00,Sunday,Male, Outside rural areas,Long lorry,Two-way (divided with broken lines road marking),No junction,Asphalt roads,Dry,Daylight,Normal
4068,7:18:00,Thursday,Male,Office areas,Automobile,Undivided Two way,No junction,Asphalt roads,Wet or damp,Daylight,Normal
4069,7:18:00,Thursday,Male, Outside rural areas,Stationwagen,Undivided Two way,No junction,Asphalt roads,Wet or damp,Daylight,Normal
4071,13:45:00,Thursday,Male, Outside rural areas,Other,Undivided Two way,No junction,Asphalt roads,Dry,Daylight,Normal
4072,13:45:00,Thursday,Male,Office areas,Special vehicle,Undivided Two way,No junction,Asphalt roads,Dry,Daylight,Normal
4073,18:40:00,Friday,Male,  Recreational areas,Lorry (41?100Q),Undivided Two way,Y Shape,Asphalt roads,Dry,Darkness - lights lit,Normal
4074,18:40:00,Friday,Male,Office areas,Pick up upto 10Q,Undivided Two way,Y Shape,Asphalt roads,Dry,Darkness - lights lit,Normal
4075,18:40:00,Friday,Male,Other,Lorry (11?40Q),Two-way (divided with broken lines road marking),Y Shape,Asphalt roads,Dry,Darkness - lights lit,Normal
4076,18:40:00,Friday,Male,Residential areas,Lorry (41?100Q),Two-way (divided with broken lines road marking),Y Shape,Asphalt roads,Dry,Darkness - lights lit,Normal
4077,6:53:00,Wednesday,Male,Residential areas,Motorcycle,other,No junction,Asphalt roads,Wet or damp,Daylight,Raining and Windy
4078,16:10:00,Monday,Male,Residential areas,Automobile,Undivided Two way,Y Shape,Asphalt roads,Dry,Daylight,Normal
4079,16:10:00,Monday,Male,Other,Automobile,Undivided Two way,Y Shape,Asphalt roads,Dry,Daylight,Normal
4080,16:10:00,Monday,Male,Office areas,Automobile,Two-way (divided with broken lines road marking),Y Shape,Asphalt roads,Dry,Daylight,Normal
4081,8:39:00,Monday,Male,Other,Stationwagen,Two-way (divided with broken lines road marking),Y Shape,Asphalt roads,Dry,Daylight,Normal
4083,13:30:00,Tuesday,Male,Office areas,Public (> 45 seats),Two-way (divided with broken lines road marking),Other,Asphalt roads,Dry,Daylight,Normal
4084,19:10:00,Monday,Male, Church areas,Public (> 45 seats),other,No junction,Asphalt roads,Dry,Daylight,Normal
4085,19:10:00,Monday,Male,Other,Stationwagen,Two-way (divided with broken lines road marking),No junction,Asphalt roads,Dry,Daylight,Normal
4086,17:15:00,Thursday,Male,Other,Automobile,One way,No junction,Asphalt roads,Dry,Daylight,Normal
4087,17:15:00,Thursday,Male,Office areas,Bicycle,Double carriageway (median),No junction,Asphalt roads,Dry,Daylight,Normal
4088,10:25:00,Sunday,Male,Office areas,Automobile,One way,No junction,Asphalt roads,Dry,Daylight,Normal
4089,10:25:00,Sunday,Male,Office areas,Lorry (41?100Q),Undivided Two way,No junction,Asphalt roads,Dry,Daylight,Normal
4090,10:25:00,Sunday,Male,Office areas,Automobile,Double carriageway (median),No junction,Asphalt roads,Dry,Daylight,Normal
4092,20:40:00,Thursday,Male,Office areas,Special vehicle,Undivided Two way,Y Shape,Asphalt roads,Wet or damp,Darkness - lights lit,Raining
4094,20:40:00,Thursday,Male,Other,Public (13?45 seats),Double carriageway (median),Y Shape,Gravel roads,Wet or damp,Darkness - lights lit,Raining
4098,15:20:00,Friday,Male,Office areas,Public (12 seats),Two-way (divided with broken lines road marking),No junction,Asphalt roads,Dry,Daylight,Unknown
4099,14:38:00,Tuesday,Female,Office areas,Lorry (41?100Q),Two-way (divided with broken lines road marking),No junction,Asphalt roads,Dry,Daylight,Normal
4100,14:38:00,Tuesday,Female, Church areas,Lorry (41?100Q),Undivided Two way,No junction,Asphalt roads,Dry,Daylight,Normal
4101,14:38:00,Tuesday,Male,Office areas,Public (12 seats),Two-way (divided with broken lines road marking),No junction,Asphalt roads,Dry,Daylight,Normal
4102,14:38:00,Tuesday,Male,Residential areas,Public (> 45 seats),Two-way (divided with broken lines road marking),No junction,Asphalt roads,Dry,Daylight,Normal
4103,12:00:00,Wednesday,Male,School areas,Automobile,Two-way (divided with broken lines road marking),Y Shape,Asphalt roads,Dry,Daylight,Unknown
4104,12:00:00,Wednesday,Male,Office areas,Pick up upto 10Q,Undivided Two way,Y Shape,Asphalt roads with some distress,Dry,Daylight,Unknown
4105,16:15:00,Friday,Male,Other,Stationwagen,Undivided Two way,Crossing,Asphalt roads,Dry,Daylight,Normal
4106,16:15:00,Friday,Male,Other,Other,Double carriageway (median),Crossing,Asphalt roads,Dry,Daylight,Normal
4108,0:30:00,Saturday,Male,Other,Automobile,Two-way (divided with broken lines road marking),No junction,Asphalt roads,Dry,Darkness - lights lit,Normal
4109,0:30:00,Saturday,Male,Office areas,Stationwagen,Double carriageway (median),No junction,Asphalt roads,Dry,Darkness - lights lit,Normal
4110,0:30:00,Saturday,Male,Office areas,Pick up upto 10Q,Two-way (divided with broken lines road marking),No junction,Asphalt roads,Dry,Darkness - lights lit,Normal
4114,17:40:00,Thursday,Male,Office areas,Lorry (41?100Q),Two-way (divided with broken lines road marking),Y Shape,Asphalt roads,Dry,Daylight,Normal
4116,13:00:00,Friday,Male,Other,Lorry (41?100Q),Undivided Two way,Y Shape,Asphalt roads,Dry,Daylight,Normal
4117,13:00:00,Friday,Male,Other,Pick up upto 10Q,Two-way (divided with broken lines road marking),Y Shape,Asphalt roads,Dry,Daylight,Normal
4118,13:00:00,Friday,Male,Residential areas,Pick up upto 10Q,Two-way (divided with broken lines road marking),Y Shape,Asphalt roads,Dry,Daylight,Normal
4119,16:15:00,Friday,Male,Other,Automobile,Two-way (divided with broken lines road marking),Y Shape,Asphalt roads,Dry,Daylight,Normal
4120,11:55:00,Wednesday,Male,Other,Other,Two-way (divided with broken lines road marking),No junction,Asphalt roads,Dry,Daylight,Unknown
4122,10:40:00,Wednesday,Female,Other,Automobile,Undivided Two way,No junction,Asphalt roads,Dry,Daylight,Normal
4123,10:40:00,Wednesday,Male, Industrial areas,Motorcycle,Undivided Two way,No junction,Asphalt roads,Dry,Daylight,Normal
4124,0:15:00,Sunday,Female, Industrial areas,Automobile,Undivided Two way,Y Shape,Asphalt roads,Dry,Darkness - lights lit,Normal
4125,0:15:00,Sunday,Female, Church areas,Automobile,Double carriageway (median),Y Shape,Asphalt roads,Dry,Darkness - lights lit,Normal
4126,0:15:00,Sunday,Male,Other,Public (12 seats),Undivided Two way,Y Shape,Asphalt roads,Dry,Darkness - lights lit,Normal
4127,15:20:00,Saturday,Male,Other,Automobile,Undivided Two way,Y Shape,Asphalt roads,Dry,Daylight,Normal
4128,15:20:00,Saturday,Male,Office areas,Public (> 45 seats),Undivided Two way,Y Shape,Asphalt roads,Dry,Daylight,Normal
4129,15:20:00,Saturday,Male,Office areas,Lorry (41?100Q),Undivided Two way,Y Shape,Asphalt roads,Dry,Daylight,Normal
4130,15:20:00,Saturday,Male,Residential areas,Public (> 45 seats),Two-way (divided with broken lines road marking),Y Shape,Asphalt roads,Dry,Daylight,Normal
4133,18:26:00,Thursday,Male,Other,Automobile,Undivided Two way,No junction,Asphalt roads,Dry,Daylight,Normal
4134,11:20:00,Thursday,Male,Other,Automobile,Two-way (divided with broken lines road marking),Y Shape,Asphalt roads,Dry,Daylight,Normal
4135,18:39:00,Monday,Male,Residential areas,Lorry (41?100Q),Undivided Two way,Y Shape,Asphalt roads,Dry,Daylight,Normal
4136,18:39:00,Monday,Male,Office areas,Automobile,Two-way (divided with broken lines road marking),Y Shape,Asphalt roads,Dry,Daylight,Normal
4137,19:30:00,Thursday,Male,Residential areas,Public (13?45 seats),other,Crossing,Asphalt roads,Dry,Daylight,Normal
4138,19:30:00,Thursday,Unknown,Office areas,Automobile,Two-way (divided with broken lines road marking),Crossing,Asphalt roads,Dry,Daylight,Normal
4140,14:55:00,Saturday,Male,Office areas,Lorry (41?100Q),Undivided Two way,Crossing,Asphalt roads,Dry,Daylight,Normal
4141,14:45:00,Sunday,Male,  Recreational areas,Automobile,other,Y Shape,Asphalt roads,Dry,Daylight,Normal
4142,14:45:00,Sunday,Male,Office areas,Lorry (11?40Q),other,Y Shape,Asphalt roads,Dry,Daylight,Normal
4143,8:40:00,Tuesday,Male, Industrial areas,Public (13?45 seats),other,No junction,Asphalt roads,Wet or damp,Daylight,Raining
4146,12:08:00,Saturday,Male,Residential areas,Long lorry,other,No junction,Asphalt roads,Dry,Daylight,Normal
4147,12:08:00,Saturday,Male, Industrial areas,Lorry (41?100Q),other,No junction,Asphalt roads,Dry,Daylight,Normal
4148,12:08:00,Saturday,Male,Residential areas,Lorry (11?40Q),Undivided Two way,No junction,Asphalt roads,Dry,Daylight,Normal
4149,23:21:00,Thursday,Male,Residential areas,Lorry (41?100Q),other,No junction,Asphalt roads,Dry,Darkness - lights lit,Normal
4150,23:21:00,Thursday,Male,Office areas,Public (12 seats),Undivided Two way,No junction,Asphalt roads,Dry,Darkness - lights lit,Normal
4152,8:40:00,Thursday,Male,Office areas,Taxi,other,No junction,Asphalt roads,Dry,Daylight,Normal
4154,8:40:00,Thursday,Male,Office areas,Automobile,One way,No junction,Asphalt roads,Dry,Daylight,Normal
4156,17:40:00,Monday,Male,Office areas,Lorry (41?100Q),other,Crossing,Asphalt roads,Dry,Daylight,Unknown
4157,10:56:00,Friday,Male,Residential areas,Automobile,other,Other,Asphalt roads,Wet or damp,Daylight,Normal
4158,10:56:00,Friday,Male,Residential areas,Automobile,One way,Other,Asphalt roads,Wet or damp,Daylight,Normal
4159,13:00:00,Tuesday,Male,Other,Lorry (41?100Q),One way,O Shape,Asphalt roads,Dry,Daylight,Normal
4160,13:00:00,Tuesday,Male, Church areas,Automobile,Undivided Two way,O Shape,Asphalt roads,Dry,Daylight,Normal
4161,9:30:00,Friday,Male,  Recreational areas,Automobile,other,Y Shape,Asphalt roads,Dry,Daylight,Normal
4162,15:00:00,Wednesday,Male, Industrial areas,Automobile,Undivided Two way,No junction,Asphalt roads,Dry,Daylight,Normal
4163,15:00:00,Wednesday,Male,Residential areas,Taxi,other,No junction,Asphalt roads,Dry,Daylight,Normal
4166,15:04:00,Saturday,Male,  Market areas,Automobile,Undivided Two way,Y Shape,Asphalt roads,Wet or damp,Daylight,Normal
4167,15:04:00,Saturday,Male,Unknown,Pick up upto 10Q,other,Y Shape,Asphalt roads,Wet or damp,Daylight,Normal
4169,15:04:00,Saturday,Male,Residential areas,Automobile,Two-way (divided with solid lines road marking),Y Shape,Asphalt roads with some distress,Wet or damp,Daylight,Normal
4170,15:15:00,Tuesday,Male,Residential areas,Public (12 seats),Undivided Two way,Y Shape,Asphalt roads,Dry,Daylight,Normal
4171,11:27:00,Sunday,Male,Other,Public (13?45 seats),Undivided Two way,Y Shape,Asphalt roads,Dry,Daylight,Normal
4172,11:27:00,Sunday,Male,Residential areas,Lorry (11?40Q),other,Y Shape,Asphalt roads,Dry,Daylight,Normal
4173,10:15:00,Monday,Male,Rural village areas,Stationwagen,Undivided Two way,Y Shape,Asphalt roads,Dry,Daylight,Normal
4174,10:15:00,Monday,Male,Rural village areas,Ridden horse,Undivided Two way,Y Shape,Gravel roads,Dry,Daylight,Normal
4175,22:30:00,Saturday,Male,Office areas,Stationwagen,Double carriageway (median),Y Shape,Asphalt roads,Wet or damp,Darkness - lights lit,Raining
4176,22:30:00,Saturday,Male,Residential areas,Automobile,Undivided Two way,Y Shape,Asphalt roads,Wet or damp,Darkness - lights lit,Raining
4177,14:25:00,Friday,Male,Residential areas,Automobile,other,No junction,Asphalt roads,Dry,Daylight,Normal
4178,14:25:00,Friday,Female, Outside rural areas,Other,other,No junction,Asphalt roads,Dry,Daylight,Normal
4179,22:15:00,Friday,Male,Residential areas,Taxi,other,Crossing,Asphalt roads,Dry,Darkness - lights lit,Normal
4180,22:15:00,Friday,Male, Church areas,Automobile,other,Crossing,Asphalt roads,Dry,Darkness - lights lit,Normal
4181,22:15:00,Friday,Male,Office areas,Stationwagen,Undivided Two way,Crossing,Asphalt roads,Dry,Darkness - lights lit,Normal
4182,14:30:00,Tuesday,Male,Office areas,Automobile,Two-way (divided with broken lines road marking),Y Shape,Asphalt roads,Dry,Daylight,Normal
4183,14:28:00,Saturday,Male,Office areas,Public (12 seats),Two-way (divided with broken lines road marking),Y Shape,Asphalt roads,Wet or damp,Daylight,Raining
4185,22:05:00,Saturday,Male,Other,Automobile,Undivided Two way,Crossing,Asphalt roads,Dry,Darkness - no lighting,Normal
4186,22:05:00,Saturday,Male,Residential areas,Lorry (41?100Q),Two-way (divided with broken lines road marking),Crossing,Asphalt roads,Dry,Darkness - no lighting,Normal
4188,8:45:00,Monday,Male,Other,Public (> 45 seats),Undivided Two way,No junction,Asphalt roads,Dry,Daylight,Normal
4190,9:00:00,Friday,Female,Other,Public (12 seats),Undivided Two way,No junction,Asphalt roads,Dry,Daylight,Normal
4191,10:30:00,Friday,Unknown,Other,Public (12 seats),Double carriageway (median),No junction,Asphalt roads,Wet or damp,Daylight,Raining
4192,10:30:00,Friday,Male,Other,Automobile,Two-way (divided with broken lines road marking),No junction,Asphalt roads,Wet or damp,Daylight,Raining
4194,18:30:00,Friday,Male,Other,Automobile,Undivided Two way,No junction,Asphalt roads,Dry,Daylight,Normal
4195,17:11:00,Wednesday,Male, Industrial areas,Lorry (41?100Q),Two-way (divided with broken lines road marking),Unknown,Earth roads,Dry,Daylight,Normal
4196,13:02:00,Tuesday,Male,Residential areas,Public (12 seats),Double carriageway (median),No junction,Asphalt roads,Dry,Daylight,Normal
4197,13:02:00,Tuesday,Male,Other,Lorry (11?40Q),Two-way (divided with broken lines road marking),No junction,Asphalt roads,Dry,Daylight,Normal
4198,13:02:00,Tuesday,Male,Office areas,Automobile,Two-way (divided with broken lines road marking),No junction,Asphalt roads,Dry,Daylight,Normal
4199,13:02:00,Tuesday,Male, Industrial areas,Automobile,Unknown,No junction,Asphalt roads,Dry,Daylight,Normal
4200,17:10:00,Wednesday,Male, Industrial areas,Automobile,Double carriageway (median),Crossing,Asphalt roads,Dry,Daylight,Unknown
4201,17:10:00,Wednesday,Male,Other,Bajaj,Two-way (divided with broken lines road marking),Crossing,Asphalt roads,Dry,Daylight,Unknown
4202,15:20:00,Wednesday,Male, Hospital areas,Public (12 seats),Two-way (divided with broken lines road marking),No junction,Asphalt roads,Dry,Daylight,Normal
4203,20:25:00,Saturday,Male,Office areas,Lorry (11?40Q),One way,No junction,Asphalt roads,Dry,Daylight,Normal
4206,7:49:00,Thursday,Male,Office areas,Automobile,other,Y Shape,Asphalt roads,Dry,Daylight,Normal
4207,7:49:00,Thursday,Male,Other,Lorry (11?40Q),Two-way (divided with broken lines road marking),Y Shape,Asphalt roads,Dry,Daylight,Normal
4208,7:49:00,Thursday,Male,Office areas,Lorry (41?100Q),Undivided Two way,Y Shape,Asphalt roads,Dry,Daylight,Normal
4209,7:49:00,Thursday,Male,Office areas,Pick up upto 10Q,Two-way (divided with broken lines road marking),Y Shape,Asphalt roads,Dry,Daylight,Normal
4210,14:00:00,Monday,Male,Other,Lorry (11?40Q),Double carriageway (median),Y Shape,Asphalt roads,Dry,Daylight,Normal
4211,14:00:00,Monday,Male,Office areas,Stationwagen,Undivided Two way,Y Shape,Asphalt roads,Dry,Daylight,Normal
4212,8:20:00,Sunday,Male,Residential areas,Other,Undivided Two way,Y Shape,Asphalt roads,Dry,Daylight,Unknown
4213,15:55:00,Monday,Male,Other,Other,Two-way (divided with broken lines road marking),Other,Asphalt roads,Dry,Daylight,Normal
4214,15:55:00,Monday,Male,Office areas,Lorry (11?40Q),Double carriageway (median),Other,Asphalt roads,Dry,Daylight,Normal
4215,13:15:00,Friday,Male,Office areas,Automobile,Undivided Two way,Y Shape,Asphalt roads,Dry,Daylight,Normal
4216,13:15:00,Friday,Male,Office areas,Public (> 45 seats),other,Y Shape,Asphalt roads,Dry,Daylight,Normal
4217,13:15:00,Friday,Male,Other,Lorry (41?100Q),Two-way (divided with broken lines road marking),Y Shape,Asphalt roads,Dry,Daylight,Normal
4218,12:30:00,Friday,Male, Church areas,Public (> 45 seats),Undivided Two way,No junction,Asphalt roads,Dry,Daylight,Normal