,time,Day_of_week,Sex_of_driver,Area_accident,Type_of_vehicle,Lanes_or_Medians,Types_of_Junction,Road_surface_type,Road_surface_conditions,Light_conditions,Weather_conditions
4687,20:08:00,Friday,Male,  Market areas,Public (> 45 seats),Undivided Two way,Crossing,Asphalt roads,Dry,Darkness - lights lit,Normal
4688,15:00:00,Saturday,Male,Office areas,Lorry (41?100Q),other,No junction,Asphalt roads,Dry,Daylight,Normal
4689,12:18:00,Monday,Male, Church areas,Public (> 45 seats),Two-way (divided with broken lines road marking),Y Shape,Asphalt roads,Wet or damp,Daylight,Normal
4690,10:24:00,Wednesday,Male, Church areas,Lorry (41?100Q),Two-way (divided with broken lines road marking),Crossing,Asphalt roads,Dry,Daylight,Normal
4691,10:24:00,Wednesday,Male,Residential areas,Lorry (41?100Q),Double carriageway (median),Crossing,Other,Dry,Daylight,Normal
4692,10:24:00,Wednesday,Male,Residential areas,Lorry (41?100Q),Two-way (divided with broken lines road marking),Crossing,Asphalt roads,Dry,Daylight,Normal
4693,18:38:00,Saturday,Female,Residential areas,Public (12 seats),Double carriageway (median),No junction,Asphalt roads,Dry,Darkness - lights lit,Normal
4694,16:45:00,Thursday,Male,Residential areas,Public (12 seats),Two-way (divided with broken lines road marking),No junction,Asphalt roads,Dry,Daylight,Normal
4695,16:45:00,Thursday,Male,Other,Stationwagen,Double carriageway (median),No junction,Asphalt roads,Dry,Daylight,Normal
4696,13:22:00,Tuesday,Male,Other,Lorry (41?100Q),Two-way (divided with broken lines road marking),Y Shape,Asphalt roads,Dry,Daylight,Normal
4697,13:22:00,Tuesday,Male,Residential areas,Automobile,Two-way (divided with broken lines road marking),Y Shape,Asphalt roads,Dry,Daylight,Normal
4698,3:39:00,Friday,Male,Other,Pick up upto 10Q,other,No junction,Asphalt roads,Dry,Darkness - lights lit,Normal
4699,3:39:00,Friday,Female, Church areas,Automobile,Undivided Two way,No junction,Asphalt roads,Dry,Darkness - lights lit,Normal
4701,3:39:00,Friday,Female,Office areas,Public (> 45 seats),Undivided Two way,No junction,Other,Dry,Darkness - lights lit,Normal
4702,14:50:00,Monday,Male,Office areas,Stationwagen,Two-way (divided with broken lines road marking),Y Shape,Asphalt roads,Wet or damp,Daylight,Raining
4704,14:50:00,Monday,Male,Other,Lorry (41?100Q),Two-way (divided with broken lines road marking),Y Shape,Asphalt roads,Wet or damp,Daylight,Raining
4705,2:55:00,Tuesday,Male, Industrial areas,Stationwagen,Undivided Two way,No junction,Asphalt roads,Dry,Darkness - lights lit,Normal
4706,2:55:00,Tuesday,Male,Office areas,Lorry (41?100Q),Two-way (divided with broken lines road marking),No junction,Asphalt roads with some distress,Dry,Darkness - lights lit,Normal
4708,12:27:00,Saturday,Male,Residential areas,Lorry (41?100Q),Two-way (divided with broken lines road marking),Y Shape,Asphalt roads,Dry,Daylight,Normal
4709,14:20:00,Wednesday,Male,Residential areas,Other,Undivided Two way,Y Shape,Asphalt roads,Dry,Daylight,Normal
4710,20:48:00,Friday,Female, Church areas,Stationwagen,Undivided Two way,No junction,Asphalt roads,Dry,Darkness - lights lit,Normal
4711,20:48:00,Friday,Male,Residential areas,Automobile,Undivided Two way,No junction,Asphalt roads,Dry,Darkness - lights lit,Normal
4713,16:48:00,Sunday,Female,Other,Other,Undivided Two way,No junction,Asphalt roads,Dry,Daylight,Normal
4714,16:48:00,Sunday,Male,Other,Lorry (41?100Q),Two-way (divided with solid lines road marking),No junction,Asphalt roads,Dry,Daylight,Normal
4715,19:15:00,Wednesday,Male, Church areas,Automobile,Two-way (divided with solid lines road marking),Y Shape,Asphalt roads,Dry,Darkness - lights lit,Normal
4716,19:15:00,Wednesday,Male,Other,Public (> 45 seats),Two-way (divided with solid lines road marking),Y Shape,Asphalt roads,Dry,Darkness - lights lit,Normal
4718,18:43:00,Monday,Male, Church areas,Automobile,Two-way (divided with broken lines road marking),Y Shape,Asphalt roads,Wet or damp,Darkness - lights lit,Normal
4719,18:43:00,Monday,Male,Other,Pick up upto 10Q,Undivided Two way,Y Shape,Asphalt roads,Wet or damp,Darkness - lights lit,Normal
4720,18:30:00,Sunday,Female,Other,Public (12 seats),Undivided Two way,Y Shape,Asphalt roads,Wet or damp,Daylight,Raining
4721,18:30:00,Sunday,Female,School areas,Lorry (41?100Q),other,Y Shape,Asphalt roads,Wet or damp,Daylight,Raining
4722,22:35:00,Monday,Female,Residential areas,Lorry (41?100Q),Undivided Two way,Y Shape,Asphalt roads,Wet or damp,Darkness - lights lit,Raining
4723,22:35:00,Monday,Male,Other,Lorry (41?100Q),Two-way (divided with broken lines road marking),Y Shape,Asphalt roads,Wet or damp,Darkness - lights lit,Raining
4724,22:35:00,Monday,Male,Office areas,Public (13?45 seats),Undivided Two way,Y Shape,Gravel roads,Wet or damp,Darkness - lights lit,Raining
4725,8:30:00,Tuesday,Male,Residential areas,Lorry (41?100Q),Undivided Two way,Y Shape,Asphalt roads,Dry,Daylight,Normal
4726,22:44:00,Friday,Male,Other,Lorry (41?100Q),One way,Y Shape,Asphalt roads,Dry,Darkness - lights lit,Normal
4727,16:25:00,Saturday,Male,Residential areas,Motorcycle,Two-way (divided with broken lines road marking),No junction,Asphalt roads,Dry,Daylight,Normal
4728,8:40:00,Friday,Male,Residential areas,Lorry (41?100Q),Undivided Two way,No junction,Asphalt roads,Dry,Daylight,Normal
4729,20:01:00,Friday,Male,Residential areas,Ridden horse,Two-way (divided with broken lines road marking),No junction,Asphalt roads,Dry,Darkness - lights lit,Normal
4730,19:39:00,Thursday,Male,Other,Automobile,other,Y Shape,Asphalt roads,Wet or damp,Darkness - lights lit,Normal
4731,19:39:00,Thursday,Female,Other,Lorry (41?100Q),Undivided Two way,Y Shape,Asphalt roads,Wet or damp,Darkness - lights lit,Normal
4732,19:39:00,Thursday,Male,Other,Pick up upto 10Q,One way,Y Shape,Asphalt roads,Wet or damp,Darkness - lights lit,Normal
4733,13:00:00,Sunday,Male, Hospital areas,Public (> 45 seats),Undivided Two way,Crossing,Asphalt roads,Wet or damp,Daylight,Raining
4734,13:00:00,Sunday,Male,Residential areas,Stationwagen,Undivided Two way,Crossing,Asphalt roads,Wet or damp,Daylight,Raining
4735,19:15:00,Saturday,Male,Residential areas,Automobile,One way,No junction,Asphalt roads,Dry,Darkness - no lighting,Normal
4736,16:50:00,Friday,Female,Residential areas,Public (12 seats),Undivided Two way,Y Shape,Asphalt roads,Dry,Darkness - lights lit,Normal
4737,15:40:00,Monday,Male,Other,Automobile,Two-way (divided with broken lines road marking),Y Shape,Asphalt roads,Dry,Daylight,Unknown
4738,15:40:00,Monday,Male,Office areas,Automobile,Two-way (divided with broken lines road marking),Y Shape,Asphalt roads,Dry,Daylight,Unknown
4739,3:20:00,Sunday,Male,Other,Automobile,other,Y Shape,Asphalt roads,Dry,Darkness - lights lit,Normal
4740,3:20:00,Sunday,Male,Office areas,Lorry (41?100Q),Double carriageway (median),Y Shape,Asphalt roads,Dry,Darkness - lights lit,Normal
4741,16:00:00,Monday,Female,Residential areas,Automobile,Two-way (divided with broken lines road marking),Y Shape,Asphalt roads,Dry,Daylight,Unknown
4742,8:40:00,Friday,Male,Office areas,Automobile,Double carriageway (median),No junction,Asphalt roads,Dry,Daylight,Unknown
4743,8:40:00,Friday,Male,Office areas,Public (12 seats),Double carriageway (median),No junction,Asphalt roads,Dry,Daylight,Unknown
4744,12:32:00,Wednesday,Male,Other,Taxi,Double carriageway (median),No junction,Asphalt roads,Dry,Daylight,Normal
4745,12:32:00,Wednesday,Male,Office areas,Automobile,Two-way (divided with broken lines road marking),No junction,Asphalt roads,Dry,Daylight,Normal
4748,19:57:00,Friday,Male,Other,Stationwagen,Undivided Two way,Crossing,Asphalt roads,Dry,Darkness - lights lit,Normal
4750,19:11:00,Friday,Female,Residential areas,Lorry (41?100Q),Two-way (divided with broken lines road marking),No junction,Asphalt roads,Dry,Daylight,Normal
4751,19:11:00,Friday,Male, Church areas,Automobile,Two-way (divided with broken lines road marking),No junction,Asphalt roads,Dry,Daylight,Normal
4752,8:20:00,Thursday,Male,Other,Public (12 seats),Two-way (divided with broken lines road marking),No junction,Asphalt roads,Dry,Daylight,Normal
4753,8:20:00,Thursday,Male,Residential areas,Automobile,Two-way (divided with broken lines road marking),No junction,Asphalt roads,Dry,Daylight,Normal
4754,4:57:00,Saturday,Female,Other,Automobile,Undivided Two way,Y Shape,Asphalt roads,Wet or damp,Darkness - lights lit,Raining
4755,4:57:00,Saturday,Male,Residential areas,Lorry (41?100Q),Undivided Two way,Y Shape,Asphalt roads,Wet or damp,Darkness - lights lit,Raining
4756,14:30:00,Friday,Male,Residential areas,Automobile,Two-way (divided with broken lines road marking),Y Shape,Asphalt roads,Wet or damp,Daylight,Normal
4757,14:30:00,Friday,Male,Other,Motorcycle,Two-way (divided with broken lines road marking),Y Shape,Asphalt roads,Wet or damp,Daylight,Normal
4759,7:20:00,Wednesday,Male,Other,Automobile,Undivided Two way,No junction,Asphalt roads,Dry,Daylight,Normal
4760,8:45:00,Tuesday,Male,Other,Automobile,Double carriageway (median),Y Shape,Other,Dry,Daylight,Normal
4761,11:50:00,Monday,Male,Residential areas,Automobile,Two-way (divided with broken lines road marking),Y Shape,Asphalt roads,Dry,Daylight,Normal
4762,11:50:00,Monday,Male,  Recreational areas,Public (> 45 seats),Undivided Two way,Y Shape,Asphalt roads,Dry,Daylight,Normal
4764,11:50:00,Monday,Male,Office areas,Automobile,Undivided Two way,Y Shape,Asphalt roads,Dry,Daylight,Normal
4765,11:50:00,Monday,Male,Other,Automobile,Undivided Two way,Y Shape,Asphalt roads,Dry,Daylight,Normal
4766,9:28:00,Wednesday,Male,Office areas,Other,Undivided Two way,Crossing,Asphalt roads,Dry,Daylight,Normal
4767,16:15:00,Sunday,Male,Office areas,Stationwagen,One way,No junction,Asphalt roads,Dry,Daylight,Cloudy
4768,15:30:00,Friday,Male,Office areas,Lorry (41?100Q),Undivided Two way,Crossing,Asphalt roads,Dry,Daylight,Normal
4769,15:40:00,Monday,Male,Other,Taxi,Undivided Two way,No junction,Asphalt roads,Dry,Daylight,Normal
4770,15:40:00,Monday,Male,Other,Other,Double carriageway (median),No junction,Other,Dry,Daylight,Normal
4771,12:30:00,Friday,Male,Office areas,Public (12 seats),Two-way (divided with solid lines road marking),No junction,Asphalt roads,Dry,Daylight,Unknown
4772,12:30:00,Friday,Female,Residential areas,Automobile,other,No junction,Asphalt roads,Dry,Daylight,Unknown
4774,7:51:00,Monday,Male,Other,Public (13?45 seats),other,No junction,Asphalt roads,Dry,Daylight,Normal
4775,22:28:00,Sunday,Male,Residential areas,Lorry (41?100Q),other,No junction,Asphalt roads,Dry,Darkness - no lighting,Normal
4776,22:28:00,Sunday,Male,Other,Lorry (41?100Q),other,No junction,Asphalt roads,Dry,Darkness - no lighting,Normal
4777,21:18:00,Friday,Male,Other,Lorry (11?40Q),other,Crossing,Earth roads,Dry,Darkness - lights lit,Other
4778,21:18:00,Friday,Male,Other,Motorcycle,One way,Crossing,Asphalt roads,Dry,Darkness - lights lit,Other
4779,21:18:00,Friday,Male,Other,Lorry (41?100Q),Two-way (divided with broken lines road marking),Crossing,Asphalt roads,Dry,Darkness - lights lit,Other
4780,19:20:00,Wednesday,Male,Other,Stationwagen,other,No junction,Asphalt roads,Dry,Daylight,Normal
4781,19:20:00,Wednesday,Male,School areas,Automobile,Undivided Two way,No junction,Asphalt roads,Dry,Daylight,Normal
4782,19:20:00,Wednesday,Male,Office areas,Other,Two-way (divided with broken lines road marking),No junction,Asphalt roads,Dry,Daylight,Normal
4783,19:20:00,Wednesday,Female,Office areas,Other,Two-way (divided with broken lines road marking),No junction,Asphalt roads,Dry,Daylight,Normal
4784,12:18:00,Saturday,Male,Office areas,Taxi,Two-way (divided with broken lines road marking),Y Shape,Asphalt roads,Dry,Daylight,Other
4786,9:30:00,Sunday,Female,School areas,Long lorry,Undivided Two way,No junction,Asphalt roads,Dry,Daylight,Unknown
4787,12:45:00,Tuesday,Male,Office areas,Long lorry,Two-way (divided with broken lines road marking),Crossing,Asphalt roads,Dry,Daylight,Normal
4788,17:01:00,Wednesday,Male,Office areas,Lorry (41?100Q),Two-way (divided with broken lines road marking),Crossing,Asphalt roads,Dry,Daylight,Normal
4789,17:01:00,Wednesday,Male,School areas,Lorry (41?100Q),Two-way (divided with broken lines road marking),Crossing,Asphalt roads,Dry,Daylight,Normal
4791,11:20:00,Friday,Male,Other,Automobile,Two-way (divided with broken lines road marking),Y Shape,Asphalt roads,Dry,Daylight,Normal
4792,19:28:00,Wednesday,Male,Other,Taxi,Undivided Two way,Crossing,Asphalt roads,Dry,Daylight,Normal
4793,19:28:00,Wednesday,Male,Other,Other,Two-way (divided with broken lines road marking),Crossing,Asphalt roads,Dry,Daylight,Normal
4794,19:28:00,Wednesday,Male,Residential areas,Automobile,Undivided Two way,Crossing,Asphalt roads,Dry,Daylight,Normal
4795,18:10:00,Thursday,Male,Other,Automobile,Undivided Two way,Y Shape,Earth roads,Wet or damp,Darkness - no lighting,Raining
4796,17:21:00,Sunday,Male,Other,Automobile,Undivided Two way,Crossing,Asphalt roads,Dry,Daylight,Normal
4797,17:21:00,Sunday,Male, Industrial areas,Automobile,Undivided Two way,Crossing,Asphalt roads,Dry,Daylight,Normal
4798,17:21:00,Sunday,Male,  Recreational areas,Public (> 45 seats),Undivided Two way,Crossing,Asphalt roads,Dry,Daylight,Normal
4799,14:45:00,Saturday,Male, Church areas,Lorry (11?40Q),Two-way (divided with broken lines road marking),No junction,Asphalt roads,Dry,Daylight,Normal
4800,14:45:00,Saturday,Male,Office areas,Lorry (41?100Q),Two-way (divided with broken lines road marking),No junction,Asphalt roads,Dry,Daylight,Normal
4801,8:00:00,Monday,Male,Other,Lorry (41?100Q),Two-way (divided with broken lines road marking),Y Shape,Asphalt roads,Dry,Daylight,Normal
4802,19:00:00,Tuesday,Male,Office areas,Stationwagen,Undivided Two way,Y Shape,Asphalt roads,Dry,Daylight,Normal
4803,19:00:00,Tuesday,Male,Office areas,Other,Two-way (divided with broken lines road marking),Y Shape,Asphalt roads,Dry,Daylight,Normal
4804,17:30:00,Sunday,Male,Other,Automobile,Two-way (divided with broken lines road marking),Y Shape,Asphalt roads,Wet or damp,Daylight,Normal
4805,17:30:00,Sunday,Male,Residential areas,Pick up upto 10Q,Undivided Two way,Y Shape,Asphalt roads,Wet or damp,Daylight,Normal
4806,18:10:00,Sunday,Male,Office areas,Motorcycle,other,Crossing,Earth roads,Dry,Daylight,Normal
4807,9:42:00,Friday,Male,Residential areas,Automobile,other,No junction,Asphalt roads,Dry,Daylight,Normal
4808,9:42:00,Friday,Male,School areas,Pick up upto 10Q,Two-way (divided with broken lines road marking),No junction,Asphalt roads,Dry,Daylight,Normal
4809,17:10:00,Tuesday,Male,Office areas,Motorcycle,Two-way (divided with broken lines road marking),Y Shape,Asphalt roads,Dry,Daylight,Normal
4810,17:10:00,Tuesday,Male,Other,Stationwagen,other,Y Shape,Asphalt roads,Dry,Daylight,Normal
4811,8:15:00,Wednesday,Male,Other,Lorry (41?100Q),Undivided Two way,Crossing,Asphalt roads,Wet or damp,Daylight,Normal
4812,8:15:00,Wednesday,Male, Church areas,Taxi,other,Crossing,Asphalt roads,Wet or damp,Daylight,Normal
4813,9:04:00,Monday,Male,Office areas,Automobile,Two-way (divided with broken lines road marking),T Shape,Asphalt roads,Dry,Daylight,Normal
4814,9:04:00,Monday,Male,Other,Long lorry,Two-way (divided with broken lines road marking),T Shape,Asphalt roads,Dry,Daylight,Normal
4815,19:15:00,Thursday,Male,Office areas,Automobile,Two-way (divided with broken lines road marking),No junction,Gravel roads,Dry,Daylight,Normal
4816,19:15:00,Thursday,Female,Office areas,Public (12 seats),Two-way (divided with broken lines road marking),No junction,Asphalt roads,Dry,Daylight,Normal
4817,21:26:00,Tuesday,Female,Office areas,Lorry (11?40Q),Two-way (divided with broken lines road marking),Y Shape,Asphalt roads,Wet or damp,Darkness - lights lit,Normal
4818,21:26:00,Tuesday,Male, Church areas,Pick up upto 10Q,Undivided Two way,Y Shape,Asphalt roads,Wet or damp,Darkness - lights lit,Normal
4819,23:50:00,Saturday,Male,Office areas,Lorry (41?100Q),Undivided Two way,No junction,Asphalt roads,Wet or damp,Darkness - lights lit,Raining
4820,23:50:00,Saturday,Male,Other,Other,Double carriageway (median),No junction,Asphalt roads,Wet or damp,Darkness - lights lit,Raining
4821,23:50:00,Saturday,Male,Other,Automobile,Two-way (divided with broken lines road marking),No junction,Asphalt roads,Wet or damp,Darkness - lights lit,Raining
4822,20:50:00,Monday,Male, Church areas,Long lorry,Unknown,Crossing,Asphalt roads,Dry,Darkness - lights lit,Normal
4823,20:50:00,Monday,Male,School areas,Lorry (11?40Q),Undivided Two way,Crossing,Asphalt roads,Dry,Darkness - lights lit,Normal
4824,20:50:00,Monday,Male, Church areas,Long lorry,Two-way (divided with broken lines road marking),Crossing,Asphalt roads,Dry,Darkness - lights lit,Normal
4825,17:00:00,Thursday,Male,Office areas,Automobile,Undivided Two way,Y Shape,Asphalt roads,Dry,Darkness - lights lit,Unknown
4826,17:00:00,Thursday,Male,Other,Taxi,other,Y Shape,Asphalt roads,Dry,Darkness - lights lit,Unknown
4827,13:19:00,Monday,Male, Church areas,Taxi,Two-way (divided with broken lines road marking),Y Shape,Asphalt roads,Dry,Daylight,Normal
4828,13:19:00,Monday,Male,Other,Long lorry,Double carriageway (median),Y Shape,Asphalt roads,Dry,Daylight,Normal
4829,13:19:00,Monday,Male,Other,Lorry (11?40Q),Double carriageway (median),Y Shape,Asphalt roads,Dry,Daylight,Normal
4830,13:19:00,Monday,Male,Office areas,Lorry (11?40Q),Two-way (divided with broken lines road marking),Y Shape,Asphalt roads,Dry,Daylight,Normal
4831,12:00:00,Sunday,Male,Other,Long lorry,Two-way (divided with broken lines road marking),Y Shape,Asphalt roads,Dry,Daylight,Normal
4832,12:00:00,Sunday,Male,Other,Turbo,Two-way (divided with broken lines road marking),Y Shape,Asphalt roads,Dry,Daylight,Normal
4833,18:01:00,Tuesday,Male,Residential areas,Long lorry,Two-way (divided with broken lines road marking),Y Shape,Asphalt roads,Dry,Daylight,Windy
4834,18:01:00,Tuesday,Male,Office areas,Long lorry,Two-way (divided with broken lines road marking),Y Shape,Asphalt roads,Dry,Daylight,Windy
4835,8:00:00,Friday,Male, Church areas,Public (13?45 seats),One way,Other,Asphalt roads,Dry,Daylight,Normal
4837,13:16:00,Thursday,Male,  Market areas,Automobile,other,Y Shape,Asphalt roads,Dry,Daylight,Normal
4838,13:16:00,Thursday,Male,Other,Pick up upto 10Q,Two-way (divided with broken lines road marking),Y Shape,Asphalt roads,Dry,Daylight,Normal
4840,20:20:00,Wednesday,Female, Church areas,Stationwagen,Undivided Two way,Y Shape,Asphalt roads,Dry,Daylight,Normal
4842,8:00:00,Thursday,Male,Other,Automobile,Undivided Two way,Crossing,Asphalt roads,Dry,Daylight,Normal
4843,8:00:00,Thursday,Male,Other,Automobile,Two-way (divided with broken lines road marking),Crossing,Asphalt roads,Dry,Daylight,Normal
4844,8:06:00,Thursday,Male,Other,Long lorry,Double carriageway (median),No junction,Gravel roads,Dry,Daylight,Normal
4845,8:06:00,Thursday,Male,  Recreational areas,Public (13?45 seats),Two-way (divided with broken lines road marking),No junction,Asphalt roads,Dry,Daylight,Normal
4846,8:10:00,Thursday,Male,  Recreational areas,Public (13?45 seats),One way,Crossing,Asphalt roads,Dry,Daylight,Normal
4847,16:04:00,Thursday,Male,Other,Lorry (11?40Q),Two-way (divided with broken lines road marking),Y Shape,Asphalt roads,Wet or damp,Daylight,Raining
4848,16:04:00,Thursday,Male,Office areas,Lorry (11?40Q),Two-way (divided with broken lines road marking),Y Shape,Other,Wet or damp,Daylight,Raining
4849,21:15:00,Sunday,Unknown,Residential areas,Pick up upto 10Q,Two-way (divided with broken lines road marking),No junction,Asphalt roads,Dry,Darkness - lights lit,Normal
4850,21:15:00,Sunday,Female,Other,Automobile,Two-way (divided with broken lines road marking),No junction,Asphalt roads,Dry,Darkness - lights lit,Normal
4851,15:43:00,Wednesday,Male,Residential areas,Automobile,Undivided Two way,No junction,Asphalt roads,Dry,Daylight,Normal
4852,15:02:00,Wednesday,Female, Church areas,Automobile,Double carriageway (median),No junction,Asphalt roads,Dry,Daylight,Normal
4853,14:39:00,Saturday,Male,Other,Long lorry,One way,Y Shape,Asphalt roads,Wet or damp,Daylight,Raining
4854,14:39:00,Saturday,Male,Office areas,Long lorry,Two-way (divided with broken lines road marking),Y Shape,Asphalt roads,Wet or damp,Daylight,Raining
4855,13:03:00,Wednesday,Male,Other,Automobile,Undivided Two way,No junction,Asphalt roads,Dry,Daylight,Normal
4856,13:03:00,Wednesday,Male,  Recreational areas,Stationwagen,Two-way (divided with broken lines road marking),No junction,Asphalt roads,Dry,Daylight,Normal
4858,16:57:00,Friday,Male,Office areas,Other,Two-way (divided with broken lines road marking),T Shape,Asphalt roads,Dry,Daylight,Normal
4859,16:00:00,Thursday,Male,Residential areas,Special vehicle,Undivided Two way,No junction,Asphalt roads,Dry,Daylight,Normal
4860,16:00:00,Thursday,Male,Office areas,Lorry (41?100Q),One way,No junction,Asphalt roads,Dry,Daylight,Normal
4861,16:00:00,Thursday,Male,Office areas,Pick up upto 10Q,Two-way (divided with broken lines road marking),No junction,Asphalt roads,Dry,Daylight,Normal
4862,22:15:00,Sunday,Male, Church areas,Lorry (11?40Q),Double carriageway (median),Y Shape,Asphalt roads,Dry,Darkness - lights lit,Normal
4863,22:15:00,Sunday,Male, Church areas,Lorry (41?100Q),Undivided Two way,Y Shape,Gravel roads,Dry,Darkness - lights lit,Normal
4864,7:28:00,Tuesday,Male,Residential areas,Motorcycle,Undivided Two way,Crossing,Asphalt roads,Dry,Daylight,Normal
4865,7:28:00,Tuesday,Male,Other,Automobile,Undivided Two way,Crossing,Asphalt roads,Dry,Daylight,Normal
4866,15:39:00,Tuesday,Male,Other,Automobile,other,Y Shape,Asphalt roads,Dry,Daylight,Normal
4868,22:48:00,Saturday,Male,Residential areas,Stationwagen,Undivided Two way,No junction,Asphalt roads,Dry,Darkness - lights lit,Normal
4870,22:48:00,Saturday,Male,Residential areas,Public (> 45 seats),Undivided Two way,No junction,Asphalt roads,Dry,Darkness - lights lit,Normal
4871,16:05:00,Sunday,Male,Other,Public (> 45 seats),Two-way (divided with broken lines road marking),No junction,Asphalt roads,Dry,Daylight,Normal
4872,16:05:00,Sunday,Male,Other,Stationwagen,Two-way (divided with broken lines road marking),No junction,Asphalt roads,Dry,Daylight,Normal
4873,17:10:00,Thursday,Male,  Recreational areas,Automobile,Two-way (divided with broken lines road marking),Y Shape,Asphalt roads,Dry,Daylight,Normal
4874,17:10:00,Thursday,Male, Church areas,Bicycle,One way,Y Shape,Asphalt roads,Dry,Daylight,Normal
4875,20:06:00,Friday,Male,School areas,Automobile,Two-way (divided with broken lines road marking),Y Shape,Asphalt roads,Wet or damp,Darkness - lights lit,Raining
4876,8:15:00,Tuesday,Male,Office areas,Lorry (41?100Q),Undivided Two way,Y Shape,Asphalt roads,Dry,Daylight,Normal
4878,11:05:00,Friday,Female,Residential areas,Public (13?45 seats),Undivided Two way,No junction,Asphalt roads,Dry,Daylight,Normal
4879,17:36:00,Friday,Male,Other,Special vehicle,Undivided Two way,No junction,Asphalt roads,Dry,Daylight,Normal
4880,17:36:00,Friday,Male,Other,Automobile,other,No junction,Asphalt roads,Dry,Daylight,Normal
4881,19:40:00,Wednesday,Male,Office areas,Public (13?45 seats),One way,No junction,Asphalt roads,Dry,Daylight,Normal
4883,19:40:00,Wednesday,Male,Other,Lorry (41?100Q),Two-way (divided with broken lines road marking),No junction,Asphalt roads,Dry,Daylight,Normal
4884,20:40:00,Wednesday,Male,Residential areas,Lorry (41?100Q),Undivided Two way,Crossing,Asphalt roads,Dry,Daylight,Normal
4885,20:40:00,Wednesday,Male, Church areas,Public (12 seats),Two-way (divided with broken lines road marking),Crossing,Asphalt roads,Dry,Daylight,Normal
4886,20:40:00,Wednesday,Male,Residential areas,Lorry (41?100Q),Two-way (divided with broken lines road marking),Crossing,Asphalt roads,Dry,Daylight,Normal
4887,20:40:00,Wednesday,Male,Office areas,Lorry (41?100Q),One way,Crossing,Asphalt roads,Dry,Daylight,Normal
4888,18:09:00,Monday,Male,Residential areas,Public (12 seats),Two-way (divided with broken lines road marking),No junction,Asphalt roads,Wet or damp,Daylight,Raining
4889,18:09:00,Monday,Male,Other,Public (> 45 seats),One way,No junction,Asphalt roads,Wet or damp,Daylight,Raining
4890,18:09:00,Monday,Male, Industrial areas,Automobile,Two-way (divided with broken lines road marking),No junction,Asphalt roads,Wet or damp,Daylight,Raining
4891,13:07:00,Tuesday,Male, Church areas,Pick up upto 10Q,Two-way (divided with broken lines road marking),Other,Earth roads,Wet or damp,Daylight,Normal
4892,13:07:00,Tuesday,Male,Residential areas,Stationwagen,Undivided Two way,Other,Asphalt roads,Wet or damp,Daylight,Normal
4895,10:15:00,Thursday,Male,Office areas,Automobile,Undivided Two way,No junction,Asphalt roads,Dry,Daylight,Normal
4896,10:15:00,Thursday,Male, Outside rural areas,Stationwagen,Two-way (divided with broken lines road marking),No junction,Asphalt roads,Dry,Daylight,Normal
4897,14:04:00,Monday,Male, Church areas,Pick up upto 10Q,Two-way (divided with broken lines road marking),Unknown,Asphalt roads,Dry,Daylight,Normal
4898,14:04:00,Monday,Male,Office areas,Lorry (41?100Q),other,Unknown,Asphalt roads,Dry,Daylight,Normal
4899,18:30:00,Monday,Male, Church areas,Automobile,Two-way (divided with broken lines road marking),Y Shape,Asphalt roads,Wet or damp,Darkness - lights lit,Raining
4901,20:12:00,Tuesday,Male,Office areas,Lorry (41?100Q),Undivided Two way,Crossing,Asphalt roads,Wet or damp,Darkness - lights lit,Raining
4902,20:12:00,Tuesday,Male,School areas,Lorry (41?100Q),Two-way (divided with broken lines road marking),Crossing,Gravel roads,Wet or damp,Darkness - lights lit,Raining
4903,18:50:00,Monday,Female,Residential areas,Lorry (41?100Q),Two-way (divided with broken lines road marking),Y Shape,Asphalt roads,Dry,Darkness - lights lit,Unknown
4904,18:50:00,Monday,Male,Office areas,Pick up upto 10Q,other,Y Shape,Earth roads,Dry,Darkness - lights lit,Unknown
4905,18:50:00,Monday,Male,Rural village areasOffice areas,Pick up upto 10Q,other,Y Shape,Asphalt roads,Dry,Darkness - lights lit,Unknown
4906,11:15:00,Monday,Female,Other,Automobile,Two-way (divided with broken lines road marking),No junction,Asphalt roads,Dry,Daylight,Normal
4907,11:15:00,Monday,Male,Residential areas,Other,Undivided Two way,No junction,Asphalt roads,Dry,Daylight,Normal
4909,11:38:00,Friday,Male,Office areas,Automobile,Undivided Two way,Y Shape,Asphalt roads,Dry,Daylight,Normal
4910,9:40:00,Monday,Male,Residential areas,Motorcycle,Undivided Two way,Y Shape,Asphalt roads,Dry,Daylight,Other
4911,9:40:00,Monday,Male,Office areas,Automobile,Undivided Two way,Y Shape,Asphalt roads,Dry,Daylight,Other
4912,18:40:00,Friday,Female,Office areas,Automobile,Undivided Two way,Y Shape,Asphalt roads,Dry,Daylight,Unknown