,time,Day_of_week,Sex_of_driver,Area_accident,Type_of_vehicle,Lanes_or_Medians,Types_of_Junction,Road_surface_type,Road_surface_conditions,Light_conditions,Weather_conditions
4914,19:32:00,Wednesday,Male,Office areas,Long lorry,Two-way (divided with broken lines road marking),Y Shape,Asphalt roads,Dry,Daylight,Normal
4916,15:09:00,Monday,Female,Other,Automobile,Two-way (divided with broken lines road marking),No junction,Asphalt roads,Dry,Daylight,Normal
4917,20:30:00,Friday,Male,Other,Public (> 45 seats),Two-way (divided with broken lines road marking),No junction,Asphalt roads,Dry,Darkness - lights lit,Normal
4918,20:30:00,Friday,Male,Residential areas,Pick up upto 10Q,One way,No junction,Asphalt roads,Dry,Darkness - lights lit,Normal
4919,16:25:00,Tuesday,Male,School areas,Lorry (41?100Q),Undivided Two way,Y Shape,Asphalt roads,Dry,Daylight,Unknown
4920,16:25:00,Tuesday,Male,Residential areas,Automobile,Undivided Two way,Y Shape,Asphalt roads,Dry,Daylight,Unknown
4921,16:25:00,Tuesday,Male,Office areas,Public (13?45 seats),Two-way (divided with broken lines road marking),Y Shape,Asphalt roads,Dry,Daylight,Unknown
4922,16:25:00,Tuesday,Male, Church areas,Automobile,One way,Y Shape,Asphalt roads,Dry,Daylight,Unknown
4923,15:00:00,Friday,Male,Other,Public (> 45 seats),Undivided Two way,Y Shape,Asphalt roads,Dry,Daylight,Normal
4924,8:38:00,Thursday,Male,Other,Public (12 seats),One way,No junction,Asphalt roads,Dry,Daylight,Normal
4925,8:38:00,Thursday,Male,Other,Automobile,Two-way (divided with broken lines road marking),No junction,Asphalt roads,Dry,Daylight,Normal
4926,18:30:00,Wednesday,Male,Other,Lorry (41?100Q),Two-way (divided with broken lines road marking),No junction,Asphalt roads,Dry,Daylight,Normal
4927,18:30:00,Wednesday,Male,Office areas,Automobile,Undivided Two way,No junction,Asphalt roads,Dry,Daylight,Normal
4928,9:09:00,Monday,Male,Office areas,Pick up upto 10Q,Two-way (divided with solid lines road marking),Y Shape,Asphalt roads,Dry,Daylight,Raining
4929,9:09:00,Monday,Male,Residential areas,Public (12 seats),Undivided Two way,Y Shape,Earth roads,Dry,Daylight,Raining
4930,9:09:00,Monday,Male,Office areas,Automobile,One way,Y Shape,Asphalt roads,Dry,Daylight,Raining
4931,9:09:00,Monday,Female,Residential areas,Automobile,Two-way (divided with broken lines road marking),Y Shape,Asphalt roads,Dry,Daylight,Raining
4932,9:17:00,Tuesday,Male,Office areas,Automobile,Undivided Two way,Y Shape,Other,Wet or damp,Daylight,Raining
4933,9:17:00,Tuesday,Male,Other,Stationwagen,Two-way (divided with broken lines road marking),Y Shape,Asphalt roads,Wet or damp,Daylight,Raining
4934,15:00:00,Monday,Male,Office areas,Other,One way,Y Shape,Asphalt roads,Dry,Daylight,Normal
4935,15:00:00,Monday,Male,School areas,Other,Undivided Two way,Y Shape,Asphalt roads,Dry,Daylight,Normal
4936,15:00:00,Monday,Male,Residential areas,Other,One way,Y Shape,Asphalt roads,Dry,Daylight,Normal
4937,12:28:00,Sunday,Male,Office areas,Public (13?45 seats),Undivided Two way,Y Shape,Asphalt roads,Dry,Daylight,Normal
4938,12:28:00,Sunday,Male,Residential areas,Lorry (41?100Q),Undivided Two way,Y Shape,Asphalt roads,Dry,Daylight,Normal
4939,14:04:00,Thursday,Male,Office areas,Public (12 seats),Undivided Two way,Y Shape,Asphalt roads,Dry,Daylight,Normal
4940,14:04:00,Thursday,Male,Residential areas,Automobile,One way,Y Shape,Asphalt roads,Dry,Daylight,Normal
4941,14:04:00,Thursday,Male,Other,Automobile,other,Y Shape,Asphalt roads,Dry,Daylight,Normal
4942,14:04:00,Thursday,Male,Other,Stationwagen,Two-way (divided with broken lines road marking),Y Shape,Asphalt roads,Dry,Daylight,Normal
4943,14:25:00,Tuesday,Female,Office areas,Lorry (41?100Q),Two-way (divided with broken lines road marking),Crossing,Asphalt roads,Dry,Daylight,Normal
4944,14:25:00,Tuesday,Male,Office areas,Lorry (41?100Q),Two-way (divided with broken lines road marking),Crossing,Asphalt roads,Dry,Daylight,Normal
4945,18:20:00,Wednesday,Male,Residential areas,Lorry (41?100Q),Two-way (divided with broken lines road marking),Y Shape,Asphalt roads,Dry,Daylight,Unknown
4946,18:20:00,Wednesday,Male,Other,Public (> 45 seats),Two-way (divided with broken lines road marking),Y Shape,Asphalt roads,Dry,Daylight,Unknown
4947,8:55:00,Thursday,Male,Other,Public (12 seats),Undivided Two way,No junction,Asphalt roads,Dry,Daylight,Normal
4948,7:45:00,Thursday,Male,Office areas,Other,Two-way (divided with broken lines road marking),Unknown,Asphalt roads,Dry,Daylight,Normal
4949,7:45:00,Thursday,Male,Office areas,Public (12 seats),Two-way (divided with broken lines road marking),Unknown,Asphalt roads,Dry,Daylight,Normal
4950,13:59:00,Tuesday,Unknown, Church areas,Other,Undivided Two way,No junction,Asphalt roads,Dry,Daylight,Normal
4951,19:25:00,Wednesday,Male,Other,Public (12 seats),One way,No junction,Asphalt roads,Dry,Daylight,Normal
4952,19:25:00,Wednesday,Male,Office areas,Stationwagen,Undivided Two way,No junction,Asphalt roads,Dry,Daylight,Normal
4953,19:25:00,Wednesday,Male,Office areas,Automobile,Two-way (divided with broken lines road marking),No junction,Gravel roads,Dry,Daylight,Normal
4954,11:27:00,Thursday,Male,Residential areas,Lorry (41?100Q),Two-way (divided with broken lines road marking),Y Shape,Asphalt roads,Dry,Daylight,Normal
4955,11:27:00,Thursday,Male,Other,Special vehicle,Undivided Two way,Y Shape,Asphalt roads,Dry,Daylight,Normal
4956,17:23:00,Tuesday,Male,Residential areas,Lorry (41?100Q),Two-way (divided with broken lines road marking),Y Shape,Asphalt roads,Dry,Daylight,Normal
4957,17:23:00,Tuesday,Male,Office areas,Lorry (41?100Q),Two-way (divided with broken lines road marking),Y Shape,Asphalt roads,Dry,Daylight,Normal
4958,7:55:00,Wednesday,Male,Office areas,Public (> 45 seats),Undivided Two way,Crossing,Asphalt roads,Dry,Daylight,Normal
4959,18:48:00,Wednesday,Male,Other,Automobile,Undivided Two way,Y Shape,Asphalt roads,Dry,Daylight,Cloudy
4960,12:20:00,Wednesday,Male,Other,Automobile,other,No junction,Asphalt roads,Dry,Daylight,Cloudy
4961,12:20:00,Wednesday,Male,Office areas,Automobile,One way,No junction,Asphalt roads,Dry,Daylight,Cloudy
4962,12:20:00,Wednesday,Male,Residential areas,Public (> 45 seats),Two-way (divided with broken lines road marking),No junction,Asphalt roads,Dry,Daylight,Cloudy
4963,12:20:00,Wednesday,Male,Other,Lorry (11?40Q),Two-way (divided with broken lines road marking),No junction,Asphalt roads,Dry,Daylight,Cloudy
4964,8:40:00,Thursday,Male,Residential areas,Pick up upto 10Q,Undivided Two way,No junction,Asphalt roads,Dry,Daylight,Normal
4965,8:40:00,Thursday,Female, Church areas,Lorry (11?40Q),Two-way (divided with broken lines road marking),No junction,Asphalt roads,Dry,Daylight,Normal
4966,6:46:00,Tuesday,Male,Residential areas,Pick up upto 10Q,Two-way (divided with broken lines road marking),Crossing,Asphalt roads,Wet or damp,Daylight,Raining
4967,6:46:00,Tuesday,Male,Office areas,Special vehicle,One way,Crossing,Asphalt roads,Wet or damp,Daylight,Raining
4968,17:55:00,Thursday,Male,Residential areas,Lorry (11?40Q),Two-way (divided with broken lines road marking),Y Shape,Asphalt roads,Dry,Daylight,Normal
4971,11:41:00,Tuesday,Male, Church areas,Lorry (41?100Q),Two-way (divided with broken lines road marking),Y Shape,Gravel roads,Dry,Daylight,Normal
4972,14:30:00,Wednesday,Male,Residential areas,Other,Undivided Two way,Y Shape,Asphalt roads,Dry,Daylight,Unknown
4975,15:20:00,Friday,Female,Office areas,Other,Undivided Two way,No junction,Asphalt roads,Dry,Daylight,Unknown
4976,8:05:00,Monday,Male, Outside rural areas,Automobile,Two-way (divided with broken lines road marking),No junction,Asphalt roads,Dry,Daylight,Normal
4977,18:47:00,Friday,Male, Church areas,Public (13?45 seats),Two-way (divided with broken lines road marking),Y Shape,Asphalt roads,Dry,Daylight,Normal
4978,18:47:00,Friday,Male,Office areas,Lorry (41?100Q),other,Y Shape,Asphalt roads,Dry,Daylight,Normal
4980,22:15:00,Monday,Male,Office areas,Automobile,other,No junction,Asphalt roads,Dry,Darkness - lights lit,Normal
4982,11:30:00,Thursday,Male,School areas,Lorry (41?100Q),Two-way (divided with broken lines road marking),Crossing,Asphalt roads,Dry,Daylight,Normal
4984,11:26:00,Monday,Male,Office areas,Lorry (41?100Q),other,O Shape,Asphalt roads,Dry,Daylight,Normal
4985,17:50:00,Friday,Male,Rural village areasOffice areas,Taxi,other,No junction,Asphalt roads,Dry,Daylight,Normal
4986,17:50:00,Friday,Male,Other,Lorry (41?100Q),Two-way (divided with broken lines road marking),No junction,Asphalt roads,Dry,Daylight,Normal
4987,18:40:00,Tuesday,Male,Residential areas,Lorry (41?100Q),Undivided Two way,No junction,Asphalt roads,Dry,Daylight,Unknown
4988,18:40:00,Tuesday,Male,Office areas,Other,Undivided Two way,No junction,Asphalt roads,Dry,Daylight,Unknown
4989,5:50:00,Friday,Female,Office areas,Stationwagen,Undivided Two way,No junction,Asphalt roads,Dry,Daylight,Normal
4990,5:50:00,Friday,Male,Residential areas,Stationwagen,Undivided Two way,No junction,Asphalt roads,Dry,Daylight,Normal
4991,19:21:00,Thursday,Male,Office areas,Lorry (41?100Q),Undivided Two way,No junction,Asphalt roads,Dry,Daylight,Normal
4992,19:21:00,Thursday,Male,Office areas,Lorry (41?100Q),Undivided Two way,No junction,Asphalt roads,Dry,Daylight,Normal
4994,22:05:00,Wednesday,Female,Office areas,Automobile,Two-way (divided with broken lines road marking),Crossing,Asphalt roads,Dry,Darkness - lights lit,Normal
4996,8:30:00,Tuesday,Male,Other,Taxi,Two-way (divided with broken lines road marking),Y Shape,Asphalt roads,Dry,Daylight,Normal
4997,8:30:00,Tuesday,Male,Other,Lorry (41?100Q),Two-way (divided with broken lines road marking),Y Shape,Asphalt roads,Dry,Daylight,Normal
4998,12:00:00,Tuesday,Male,Residential areas,Other,One way,No junction,Asphalt roads,Dry,Daylight,Normal
4999,12:00:00,Tuesday,Male,School areas,Automobile,Undivided Two way,No junction,Asphalt roads,Dry,Daylight,Normal
5000,10:35:00,Saturday,Male,Residential areas,Public (> 45 seats),Undivided Two way,No junction,Asphalt roads,Wet or damp,Daylight,Raining
5001,23:01:00,Friday,Male,Office areas,Stationwagen,Two-way (divided with broken lines road marking),Y Shape,Asphalt roads,Wet or damp,Darkness - lights lit,Raining
5002,23:01:00,Friday,Female, Church areas,Automobile,One way,Y Shape,Asphalt roads,Wet or damp,Darkness - lights lit,Raining
5003,6:58:00,Tuesday,Male,Other,Lorry (41?100Q),Undivided Two way,No junction,Asphalt roads,Dry,Daylight,Normal
5004,6:58:00,Tuesday,Male,Other,Other,One way,No junction,Asphalt roads,Dry,Daylight,Normal
5005,21:00:00,Monday,Male,Other,Public (13?45 seats),Two-way (divided with broken lines road marking),Y Shape,Asphalt roads,Dry,Daylight,Normal
5006,21:00:00,Monday,Female,Other,Other,Two-way (divided with broken lines road marking),Y Shape,Asphalt roads,Dry,Daylight,Normal
5007,18:02:00,Monday,Male,Office areas,Other,Undivided Two way,No junction,Asphalt roads,Dry,Daylight,Normal
5008,11:25:00,Thursday,Male,Office areas,Ridden horse,Two-way (divided with solid lines road marking),Y Shape,Asphalt roads,Dry,Daylight,Normal
5009,11:25:00,Thursday,Male,Residential areas,Lorry (41?100Q),Undivided Two way,Y Shape,Asphalt roads,Dry,Daylight,Normal
5010,5:46:00,Friday,Male,Office areas,Lorry (41?100Q),One way,Y Shape,Asphalt roads,Dry,Daylight,Normal
5011,5:46:00,Friday,Male,Residential areas,Pick up upto 10Q,Two-way (divided with broken lines road marking),Y Shape,Asphalt roads,Dry,Daylight,Normal
5012,0:34:00,Saturday,Male,Office areas,Lorry (11?40Q),Undivided Two way,Crossing,Asphalt roads,Dry,Darkness - lights lit,Normal
5013,0:34:00,Saturday,Male,Other,Automobile,Two-way (divided with broken lines road marking),Crossing,Asphalt roads,Dry,Darkness - lights lit,Normal
5014,14:50:00,Sunday,Female,Office areas,Automobile,One way,Crossing,Asphalt roads,Dry,Daylight,Normal
5015,14:50:00,Sunday,Male,School areas,Pick up upto 10Q,Undivided Two way,Crossing,Asphalt roads,Dry,Daylight,Normal
5016,13:32:00,Thursday,Male,Residential areas,Automobile,One way,No junction,Asphalt roads,Dry,Daylight,Unknown
5017,13:32:00,Thursday,Male,Office areas,Other,Undivided Two way,No junction,Asphalt roads,Dry,Daylight,Unknown
5018,13:32:00,Thursday,Male,Residential areas,Lorry (41?100Q),Undivided Two way,No junction,Asphalt roads,Dry,Daylight,Unknown
5019,16:00:00,Tuesday,Male,Office areas,Public (13?45 seats),Undivided Two way,Unknown,Asphalt roads,Dry,Daylight,Normal
5020,16:00:00,Tuesday,Male,Office areas,Pick up upto 10Q,Two-way (divided with broken lines road marking),Unknown,Asphalt roads,Dry,Daylight,Normal
5021,16:00:00,Tuesday,Male,Residential areas,Stationwagen,Undivided Two way,Unknown,Asphalt roads,Dry,Daylight,Normal
5022,20:53:00,Sunday,Male,Other,Other,Two-way (divided with broken lines road marking),Y Shape,Asphalt roads,Dry,Daylight,Normal
5023,20:53:00,Sunday,Male, Industrial areas,Pick up upto 10Q,Undivided Two way,Y Shape,Asphalt roads,Dry,Daylight,Normal
5024,15:39:00,Thursday,Male,Office areas,Public (13?45 seats),Two-way (divided with broken lines road marking),Y Shape,Asphalt roads,Dry,Daylight,Normal
5025,15:39:00,Thursday,Male,  Recreational areas,Public (12 seats),Two-way (divided with broken lines road marking),Y Shape,Asphalt roads,Dry,Daylight,Normal
5026,13:20:00,Monday,Male,Residential areas,Lorry (41?100Q),Two-way (divided with broken lines road marking),Crossing,Asphalt roads,Dry,Daylight,Normal
5027,13:20:00,Monday,Male,Residential areas,Pick up upto 10Q,Undivided Two way,Crossing,Asphalt roads,Dry,Daylight,Normal
5028,12:16:00,Saturday,Male, Church areas,Lorry (41?100Q),Undivided Two way,Y Shape,Asphalt roads,Dry,Daylight,Unknown
5029,12:16:00,Saturday,Male,Residential areas,Pick up upto 10Q,Undivided Two way,Y Shape,Asphalt roads,Dry,Daylight,Unknown
5032,18:18:00,Saturday,Male,Other,Other,Two-way (divided with solid lines road marking),Y Shape,Asphalt roads,Dry,Daylight,Normal
5034,8:30:00,Monday,Male,Other,Public (13?45 seats),Two-way (divided with solid lines road marking),Y Shape,Asphalt roads,Dry,Daylight,Normal
5035,12:35:00,Monday,Male, Church areas,Special vehicle,Two-way (divided with solid lines road marking),Y Shape,Asphalt roads,Dry,Daylight,Normal
5036,12:35:00,Monday,Male, Church areas,Lorry (41?100Q),Two-way (divided with broken lines road marking),Y Shape,Asphalt roads,Dry,Daylight,Normal
5037,8:27:00,Thursday,Male,Other,Lorry (41?100Q),Undivided Two way,Y Shape,Asphalt roads,Dry,Daylight,Normal
5038,8:27:00,Thursday,Male,Other,Public (> 45 seats),Undivided Two way,Y Shape,Asphalt roads,Dry,Daylight,Normal
5039,21:30:00,Saturday,Male,School areas,Automobile,other,Y Shape,Asphalt roads,Dry,Daylight,Normal
5040,21:30:00,Saturday,Male,Residential areas,Automobile,Undivided Two way,Y Shape,Asphalt roads,Dry,Daylight,Normal
5041,16:00:00,Friday,Male,Other,Automobile,Two-way (divided with broken lines road marking),Y Shape,Asphalt roads,Wet or damp,Daylight,Raining
5042,16:00:00,Friday,Male,Office areas,Public (> 45 seats),Undivided Two way,Y Shape,Asphalt roads,Wet or damp,Daylight,Raining
5043,17:23:00,Wednesday,Male,Residential areas,Lorry (11?40Q),Undivided Two way,No junction,Asphalt roads,Wet or damp,Daylight,Raining
5044,17:23:00,Wednesday,Male,Other,Pick up upto 10Q,One way,No junction,Asphalt roads,Wet or damp,Daylight,Raining
5045,17:50:00,Friday,Male,Residential areas,Lorry (11?40Q),Two-way (divided with broken lines road marking),Y Shape,Asphalt roads,Wet or damp,Daylight,Normal
5046,17:50:00,Friday,Male,Residential areas,Pick up upto 10Q,Undivided Two way,Y Shape,Asphalt roads,Wet or damp,Daylight,Normal
5047,19:35:00,Thursday,Male,Residential areas,Special vehicle,Two-way (divided with broken lines road marking),No junction,Asphalt roads,Dry,Daylight,Normal
5048,19:35:00,Thursday,Male,Other,Lorry (11?40Q),other,No junction,Asphalt roads,Dry,Daylight,Normal
5051,19:35:00,Thursday,Male, Hospital areas,Lorry (41?100Q),Undivided Two way,No junction,Asphalt roads,Dry,Daylight,Normal
5052,19:35:00,Thursday,Male,Residential areas,Other,Undivided Two way,No junction,Asphalt roads,Dry,Daylight,Normal
5053,13:38:00,Sunday,Male,Residential areas,Other,One way,Y Shape,Asphalt roads,Dry,Daylight,Normal
5054,13:38:00,Sunday,Male,Residential areas,Automobile,Undivided Two way,Y Shape,Asphalt roads,Dry,Daylight,Normal
5055,13:38:00,Sunday,Female,Other,Other,Two-way (divided with broken lines road marking),Y Shape,Asphalt roads,Dry,Daylight,Normal
5056,13:38:00,Sunday,Male,Office areas,Automobile,Two-way (divided with broken lines road marking),Y Shape,Asphalt roads,Dry,Daylight,Normal
5057,17:14:00,Saturday,Female,Other,Public (13?45 seats),other,Crossing,Asphalt roads,Dry,Daylight,Normal
5058,17:14:00,Saturday,Male,Office areas,Lorry (41?100Q),Double carriageway (median),Crossing,Asphalt roads,Dry,Daylight,Normal
5060,17:14:00,Saturday,Male,Office areas,Automobile,Double carriageway (median),Crossing,Asphalt roads,Dry,Daylight,Normal
5062,18:57:00,Tuesday,Male,Other,Lorry (41?100Q),Double carriageway (median),Y Shape,Asphalt roads,Dry,Daylight,Normal
5065,16:58:00,Thursday,Male,Office areas,Taxi,One way,No junction,Asphalt roads,Dry,Daylight,Normal
5066,21:25:00,Sunday,Male,Other,Lorry (41?100Q),Undivided Two way,T Shape,Asphalt roads,Dry,Darkness - lights lit,Normal
5068,21:25:00,Sunday,Male,Residential areas,Other,Two-way (divided with broken lines road marking),T Shape,Asphalt roads,Dry,Darkness - lights lit,Normal
5069,21:25:00,Sunday,Male, Church areas,Stationwagen,Two-way (divided with broken lines road marking),T Shape,Asphalt roads,Dry,Darkness - lights lit,Normal
5070,21:25:00,Sunday,Male,Other,Stationwagen,Two-way (divided with broken lines road marking),T Shape,Asphalt roads,Dry,Darkness - lights lit,Normal
5071,4:50:00,Thursday,Male,Residential areas,Lorry (41?100Q),Two-way (divided with broken lines road marking),No junction,Asphalt roads,Dry,Darkness - lights lit,Normal
5072,3:26:00,Thursday,Female,Other,Lorry (41?100Q),Undivided Two way,No junction,Asphalt roads,Dry,Darkness - lights lit,Normal
5073,3:26:00,Thursday,Male,Residential areas,Other,Undivided Two way,No junction,Asphalt roads,Dry,Darkness - lights lit,Normal
5074,15:25:00,Thursday,Male,Residential areas,Automobile,Two-way (divided with broken lines road marking),No junction,Asphalt roads,Dry,Daylight,Normal
5076,12:45:00,Sunday,Male,Other,Taxi,Two-way (divided with broken lines road marking),Y Shape,Asphalt roads,Dry,Daylight,Normal
5077,22:39:00,Monday,Male,Other,Lorry (41?100Q),Undivided Two way,No junction,Asphalt roads,Dry,Darkness - lights lit,Normal
5079,7:56:00,Thursday,Male,Residential areas,Automobile,Two-way (divided with broken lines road marking),No junction,Asphalt roads,Dry,Daylight,Normal
5080,20:08:00,Thursday,Male,  Recreational areas,Public (> 45 seats),Undivided Two way,No junction,Asphalt roads,Dry,Daylight,Normal
5081,20:08:00,Thursday,Male,Other,Stationwagen,other,No junction,Asphalt roads,Dry,Daylight,Normal
5082,20:08:00,Thursday,Male,Office areas,Automobile,Undivided Two way,No junction,Asphalt roads,Dry,Daylight,Normal
5083,20:40:00,Thursday,Male,Other,Lorry (41?100Q),Undivided Two way,No junction,Asphalt roads,Dry,Daylight,Normal
5084,20:40:00,Thursday,Male,Office areas,Other,Undivided Two way,No junction,Asphalt roads,Dry,Daylight,Normal
5085,20:40:00,Thursday,Male,Office areas,Public (13?45 seats),One way,No junction,Asphalt roads,Dry,Daylight,Normal
5086,13:28:00,Saturday,Male,Office areas,Other,Undivided Two way,No junction,Asphalt roads,Dry,Daylight,Normal
5087,13:28:00,Saturday,Male,Other,Other,Undivided Two way,No junction,Asphalt roads,Dry,Daylight,Normal
5088,0:44:00,Sunday,Male,Other,Ridden horse,Double carriageway (median),Y Shape,Asphalt roads,Dry,Darkness - lights lit,Normal
5089,9:28:00,Friday,Male,Office areas,Lorry (41?100Q),Two-way (divided with solid lines road marking),No junction,Asphalt roads,Dry,Daylight,Normal
5090,9:28:00,Friday,Male,Residential areas,Lorry (41?100Q),other,No junction,Asphalt roads,Dry,Daylight,Normal
5091,9:28:00,Friday,Male,  Recreational areas,Pick up upto 10Q,Undivided Two way,No junction,Asphalt roads,Dry,Daylight,Normal
5092,9:28:00,Friday,Male,Other,Lorry (11?40Q),other,No junction,Asphalt roads,Dry,Daylight,Normal
5093,19:41:00,Thursday,Male,Residential areas,Automobile,other,No junction,Asphalt roads,Dry,Daylight,Normal
5094,20:26:00,Sunday,Male,Other,Automobile,other,No junction,Asphalt roads,Dry,Daylight,Normal
5095,20:26:00,Sunday,Male,Other,Lorry (11?40Q),other,No junction,Asphalt roads,Dry,Daylight,Normal
5096,18:17:00,Friday,Male,Other,Motorcycle,One way,Y Shape,Asphalt roads,Dry,Daylight,Normal
5097,7:55:00,Wednesday,Female,Other,Lorry (41?100Q),Two-way (divided with broken lines road marking),No junction,Asphalt roads,Dry,Daylight,Normal
5098,7:55:00,Wednesday,Male,Other,Stationwagen,other,No junction,Asphalt roads,Dry,Daylight,Normal
5099,15:40:00,Tuesday,Male,School areas,Automobile,Undivided Two way,No junction,Asphalt roads,Dry,Daylight,Normal
5100,15:40:00,Tuesday,Male,Office areas,Other,Two-way (divided with broken lines road marking),No junction,Asphalt roads,Dry,Daylight,Normal
5101,19:00:00,Monday,Male,Office areas,Other,Two-way (divided with broken lines road marking),No junction,Asphalt roads,Dry,Daylight,Normal
5102,19:00:00,Monday,Male,Office areas,Taxi,Two-way (divided with broken lines road marking),No junction,Asphalt roads,Dry,Daylight,Normal
5104,12:04:00,Monday,Male,School areas,Long lorry,Undivided Two way,Other,Asphalt roads,Dry,Daylight,Normal
5105,12:04:00,Monday,Male,Office areas,Long lorry,Two-way (divided with broken lines road marking),Other,Asphalt roads,Dry,Daylight,Normal
5106,12:04:00,Monday,Male,Office areas,Lorry (41?100Q),Two-way (divided with broken lines road marking),Other,Asphalt roads,Dry,Daylight,Normal
5107,12:04:00,Monday,Male,School areas,Lorry (41?100Q),Two-way (divided with broken lines road marking),Other,Gravel roads,Dry,Daylight,Normal
5109,8:40:00,Wednesday,Male,Other,Automobile,Two-way (divided with broken lines road marking),Other,Asphalt roads,Dry,Daylight,Normal
5110,8:40:00,Wednesday,Male,Other,Taxi,Undivided Two way,Other,Asphalt roads,Dry,Daylight,Normal
5111,17:00:00,Friday,Male,Other,Other,Two-way (divided with broken lines road marking),Y Shape,Asphalt roads,Dry,Daylight,Normal
5112,17:00:00,Friday,Male,Residential areas,Automobile,Undivided Two way,Y Shape,Asphalt roads,Dry,Daylight,Normal
5113,17:07:00,Saturday,Female,Other,Automobile,Undivided Two way,Y Shape,Asphalt roads,Dry,Daylight,Normal
5114,17:07:00,Saturday,Male,Other,Automobile,Undivided Two way,Y Shape,Asphalt roads,Dry,Daylight,Normal
5115,17:07:00,Saturday,Male, Industrial areas,Automobile,Undivided Two way,Y Shape,Asphalt roads,Dry,Daylight,Normal
5116,12:30:00,Monday,Male,  Recreational areas,Public (> 45 seats),Undivided Two way,Crossing,Asphalt roads,Dry,Daylight,Normal
5117,12:30:00,Monday,Female, Church areas,Lorry (11?40Q),Two-way (divided with broken lines road marking),Crossing,Asphalt roads with some distress,Dry,Daylight,Normal
5118,16:34:00,Monday,Male,Office areas,Lorry (41?100Q),Two-way (divided with broken lines road marking),Y Shape,Asphalt roads,Dry,Daylight,Normal
5119,22:20:00,Monday,Male,Other,Lorry (41?100Q),Two-way (divided with broken lines road marking),No junction,Asphalt roads,Dry,Darkness - lights lit,Normal
5120,10:10:00,Sunday,Male,Office areas,Stationwagen,Undivided Two way,Other,Asphalt roads,Dry,Daylight,Normal
5121,10:10:00,Sunday,Male,Office areas,Other,Two-way (divided with broken lines road marking),Other,Asphalt roads,Dry,Daylight,Normal
5122,10:10:00,Sunday,Male,Other,Automobile,Two-way (divided with broken lines road marking),Other,Asphalt roads,Dry,Daylight,Normal
5123,7:50:00,Monday,Male,Residential areas,Pick up upto 10Q,Undivided Two way,No junction,Asphalt roads,Dry,Daylight,Normal
5124,7:50:00,Monday,Male,Office areas,Motorcycle,other,No junction,Asphalt roads,Dry,Daylight,Normal
5125,7:50:00,Monday,Male,Residential areas,Automobile,other,No junction,Asphalt roads,Dry,Daylight,Normal
5127,6:52:00,Wednesday,Male,Office areas,Motorcycle,Undivided Two way,No junction,Asphalt roads,Dry,Daylight,Normal
5128,21:17:00,Saturday,Female,  Recreational areas,Stationwagen,other,No junction,Asphalt roads,Dry,Darkness - lights lit,Normal
5129,14:01:00,Monday,Male,Office areas,Lorry (41?100Q),other,No junction,Asphalt roads,Wet or damp,Daylight,Raining
5130,12:26:00,Monday,Male, Industrial areas,Taxi,other,No junction,Asphalt roads,Wet or damp,Daylight,Raining
5132,10:35:00,Tuesday,Male,Residential areas,Long lorry,Undivided Two way,No junction,Asphalt roads,Dry,Daylight,Normal
5133,10:35:00,Tuesday,Male,Residential areas,Automobile,other,No junction,Asphalt roads,Dry,Daylight,Normal
5134,19:50:00,Monday,Male, Industrial areas,Public (12 seats),other,No junction,Asphalt roads,Dry,Daylight,Normal
5135,19:50:00,Monday,Male,Residential areas,Lorry (11?40Q),Undivided Two way,No junction,Asphalt roads,Dry,Daylight,Normal
5136,10:30:00,Sunday,Male,Residential areas,Pick up upto 10Q,other,No junction,Asphalt roads,Dry,Daylight,Normal
5137,10:30:00,Sunday,Male,Office areas,Lorry (41?100Q),Undivided Two way,No junction,Asphalt roads,Dry,Daylight,Normal
5138,16:55:00,Thursday,Male,Office areas,Other,Double carriageway (median),Other,Asphalt roads,Dry,Daylight,Normal
5139,16:55:00,Thursday,Male,Office areas,Automobile,other,Other,Asphalt roads,Dry,Daylight,Normal
5140,16:30:00,Monday,Male,Office areas,Long lorry,Undivided Two way,No junction,Asphalt roads,Dry,Daylight,Normal
5141,16:30:00,Monday,Male,Office areas,Lorry (11?40Q),One way,No junction,Asphalt roads,Dry,Daylight,Normal
5142,16:30:00,Monday,Male,Office areas,Long lorry,Undivided Two way,No junction,Asphalt roads,Dry,Daylight,Normal
5143,17:10:00,Thursday,Male,Office areas,Automobile,other,No junction,Asphalt roads,Wet or damp,Daylight,Raining
5144,17:10:00,Thursday,Male,Residential areas,Taxi,other,No junction,Asphalt roads,Wet or damp,Daylight,Raining
5145,21:12:00,Wednesday,Male,Residential areas,Taxi,One way,No junction,Asphalt roads,Dry,Daylight,Normal
5146,21:12:00,Wednesday,Male,Other,Long lorry,One way,No junction,Asphalt roads,Dry,Daylight,Normal
5147,8:39:00,Monday,Male, Church areas,Lorry (11?40Q),Undivided Two way,No junction,Asphalt roads,Dry,Daylight,Normal
5148,15:30:00,Tuesday,Male,  Recreational areas,Lorry (11?40Q),other,No junction,Asphalt roads,Dry,Daylight,Cloudy
5149,23:45:00,Tuesday,Male, Industrial areas,Long lorry,Undivided Two way,Y Shape,Asphalt roads,Dry,Darkness - lights lit,Normal