,time,Day_of_week,Sex_of_driver,Area_accident,Type_of_vehicle,Lanes_or_Medians,Types_of_Junction,Road_surface_type,Road_surface_conditions,Light_conditions,Weather_conditions
5150,23:45:00,Tuesday,Male,Residential areas,Turbo,other,Y Shape,Asphalt roads,Dry,Darkness - lights lit,Normal
5151,23:45:00,Tuesday,Male,Residential areas,Long lorry,other,Y Shape,Asphalt roads,Dry,Darkness - lights lit,Normal
5152,23:45:00,Tuesday,Male,Office areas,Long lorry,Double carriageway (median),Y Shape,Asphalt roads,Dry,Darkness - lights lit,Normal
5153,14:35:00,Saturday,Male,  Market areas,Public (13?45 seats),Undivided Two way,No junction,Asphalt roads,Dry,Daylight,Normal
5154,14:35:00,Saturday,Male,Unknown,Automobile,other,No junction,Asphalt roads,Dry,Daylight,Normal
5155,14:35:00,Saturday,Unknown, Industrial areas,Automobile,other,No junction,Asphalt roads,Dry,Daylight,Normal
5156,14:35:00,Saturday,Male,Residential areas,Pick up upto 10Q,Two-way (divided with solid lines road marking),No junction,Asphalt roads,Dry,Daylight,Normal
5158,13:15:00,Saturday,Male,Other,Stationwagen,Undivided Two way,Crossing,Asphalt roads,Dry,Daylight,Normal
5160,15:10:00,Saturday,Male,Rural village areas,Automobile,Undivided Two way,No junction,Asphalt roads,Dry,Daylight,Normal
5161,15:10:00,Saturday,Male,Rural village areas,Automobile,Undivided Two way,No junction,Asphalt roads,Dry,Daylight,Normal
5162,9:30:00,Monday,Male,Office areas,Long lorry,Double carriageway (median),No junction,Asphalt roads,Wet or damp,Daylight,Raining
5163,9:30:00,Monday,Female,Residential areas,Public (13?45 seats),Undivided Two way,No junction,Asphalt roads,Wet or damp,Daylight,Raining
5164,13:56:00,Sunday,Male,Residential areas,Public (13?45 seats),other,Unknown,Asphalt roads,Dry,Daylight,Normal
5165,13:56:00,Sunday,Male, Outside rural areas,Lorry (11?40Q),other,Unknown,Asphalt roads,Dry,Daylight,Normal
5166,13:56:00,Sunday,Male,Residential areas,Lorry (11?40Q),other,Unknown,Asphalt roads,Dry,Daylight,Normal
5167,13:56:00,Sunday,Male, Church areas,Pick up upto 10Q,other,Unknown,Asphalt roads,Dry,Daylight,Normal
5168,13:56:00,Sunday,Male,Office areas,Automobile,Undivided Two way,Unknown,Asphalt roads,Dry,Daylight,Normal
5169,12:10:00,Monday,Male,Office areas,Automobile,Two-way (divided with broken lines road marking),No junction,Asphalt roads,Dry,Daylight,Normal
5170,12:10:00,Monday,Male,Office areas,Automobile,Two-way (divided with broken lines road marking),No junction,Asphalt roads,Dry,Daylight,Normal
5171,16:05:00,Friday,Male,Other,Long lorry,Undivided Two way,No junction,Asphalt roads,Dry,Daylight,Normal
5172,16:05:00,Friday,Male,Other,Long lorry,Undivided Two way,No junction,Asphalt roads,Dry,Daylight,Normal
5173,16:55:00,Thursday,Male,Residential areas,Automobile,Two-way (divided with broken lines road marking),Y Shape,Asphalt roads,Dry,Daylight,Normal
5174,16:55:00,Thursday,Male,Other,Stationwagen,Two-way (divided with broken lines road marking),Y Shape,Asphalt roads,Dry,Daylight,Normal
5176,0:30:00,Wednesday,Female,Other,Other,Two-way (divided with broken lines road marking),No junction,Asphalt roads,Dry,Darkness - lights lit,Normal
5177,8:50:00,Wednesday,Male,Other,Special vehicle,Undivided Two way,Crossing,Asphalt roads,Dry,Daylight,Normal
5178,11:15:00,Wednesday,Female,Other,Lorry (41?100Q),Double carriageway (median),No junction,Asphalt roads,Dry,Daylight,Normal
5179,4:55:00,Saturday,Male,Other,Pick up upto 10Q,Two-way (divided with broken lines road marking),Y Shape,Asphalt roads,Dry,Daylight,Normal
5180,4:55:00,Saturday,Male, Church areas,Lorry (11?40Q),Two-way (divided with broken lines road marking),Y Shape,Asphalt roads,Dry,Daylight,Normal
5181,12:34:00,Wednesday,Male,Other,Lorry (41?100Q),Undivided Two way,Other,Asphalt roads,Wet or damp,Daylight,Raining
5182,12:34:00,Wednesday,Male, Industrial areas,Motorcycle,Two-way (divided with broken lines road marking),Other,Asphalt roads with some distress,Wet or damp,Daylight,Raining
5183,12:34:00,Wednesday,Male,Residential areas,Automobile,Double carriageway (median),Other,Asphalt roads,Wet or damp,Daylight,Raining
5184,18:11:00,Thursday,Male,Other,Automobile,Two-way (divided with broken lines road marking),No junction,Asphalt roads,Dry,Daylight,Normal
5185,18:11:00,Thursday,Male,Office areas,Automobile,Two-way (divided with broken lines road marking),No junction,Asphalt roads,Dry,Daylight,Normal
5186,18:11:00,Thursday,Male, Industrial areas,Stationwagen,Unknown,No junction,Asphalt roads,Dry,Daylight,Normal
5188,20:52:00,Tuesday,Male,Other,Public (> 45 seats),Two-way (divided with broken lines road marking),Crossing,Asphalt roads,Dry,Daylight,Normal
5189,15:30:00,Sunday,Male, Hospital areas,Public (> 45 seats),Two-way (divided with broken lines road marking),Crossing,Asphalt roads,Wet or damp,Daylight,Raining
5190,15:30:00,Sunday,Female,Office areas,Stationwagen,One way,Crossing,Asphalt roads,Wet or damp,Daylight,Raining
5191,17:17:00,Wednesday,Male, Church areas,Automobile,Undivided Two way,Crossing,Asphalt roads,Dry,Daylight,Normal
5192,17:17:00,Wednesday,Male, Hospital areas,Bicycle,Undivided Two way,Crossing,Asphalt roads,Dry,Daylight,Normal
5193,17:15:00,Wednesday,Male,Office areas,Automobile,other,No junction,Asphalt roads,Dry,Daylight,Normal
5194,13:30:00,Tuesday,Male,Other,Lorry (41?100Q),Two-way (divided with broken lines road marking),No junction,Asphalt roads,Dry,Daylight,Normal
5195,13:30:00,Tuesday,Male,Office areas,Automobile,Undivided Two way,No junction,Asphalt roads,Dry,Daylight,Normal
5196,7:11:00,Sunday,Male,Office areas,Public (13?45 seats),Two-way (divided with broken lines road marking),Y Shape,Asphalt roads,Dry,Daylight,Normal
5197,7:11:00,Sunday,Male,Other,Special vehicle,Double carriageway (median),Y Shape,Asphalt roads,Dry,Daylight,Normal
5198,16:51:00,Saturday,Male,Office areas,Automobile,Undivided Two way,Y Shape,Asphalt roads,Dry,Daylight,Normal
5199,16:51:00,Saturday,Male,Residential areas,Public (13?45 seats),Undivided Two way,Y Shape,Asphalt roads,Dry,Daylight,Normal
5201,7:25:00,Friday,Male,Office areas,Lorry (41?100Q),Double carriageway (median),Y Shape,Asphalt roads,Dry,Daylight,Normal
5202,23:53:00,Thursday,Female,Office areas,Lorry (41?100Q),Undivided Two way,No junction,Asphalt roads,Dry,Darkness - lights lit,Normal
5203,19:39:00,Sunday,Male,Office areas,Public (12 seats),other,No junction,Asphalt roads,Wet or damp,Darkness - lights lit,Raining
5204,14:30:00,Tuesday,Male,Other,Lorry (41?100Q),Two-way (divided with broken lines road marking),No junction,Asphalt roads,Dry,Daylight,Normal
5205,14:30:00,Tuesday,Male, Church areas,Lorry (41?100Q),Undivided Two way,No junction,Asphalt roads,Dry,Daylight,Normal
5206,14:30:00,Tuesday,Male, Industrial areas,Public (12 seats),Undivided Two way,No junction,Asphalt roads,Dry,Daylight,Normal
5207,14:30:00,Tuesday,Male,Office areas,Public (> 45 seats),Double carriageway (median),No junction,Asphalt roads,Dry,Daylight,Normal
5208,14:20:00,Saturday,Male, Church areas,Automobile,Undivided Two way,No junction,Earth roads,Dry,Daylight,Normal
5209,14:20:00,Saturday,Unknown,Office areas,Pick up upto 10Q,Undivided Two way,No junction,Asphalt roads,Dry,Daylight,Normal
5210,7:45:00,Friday,Male,Office areas,Stationwagen,other,No junction,Asphalt roads,Dry,Daylight,Normal
5211,7:45:00,Friday,Male,Residential areas,Other,Two-way (divided with broken lines road marking),No junction,Asphalt roads,Dry,Daylight,Normal
5213,7:46:00,Tuesday,Male,Residential areas,Automobile,Undivided Two way,Y Shape,Asphalt roads,Dry,Daylight,Normal
5214,20:15:00,Saturday,Male,Office areas,Stationwagen,Double carriageway (median),Crossing,Asphalt roads,Dry,Darkness - lights lit,Normal
5215,20:15:00,Saturday,Male,Office areas,Pick up upto 10Q,Double carriageway (median),Crossing,Asphalt roads,Dry,Darkness - lights lit,Normal
5216,16:14:00,Monday,Male,Other,Lorry (41?100Q),Two-way (divided with broken lines road marking),Crossing,Asphalt roads,Dry,Daylight,Normal
5217,16:25:00,Tuesday,Male,Other,Automobile,Two-way (divided with broken lines road marking),Crossing,Asphalt roads,Dry,Daylight,Normal
5219,21:34:00,Sunday,Female, Church areas,Lorry (41?100Q),Two-way (divided with broken lines road marking),No junction,Asphalt roads,Dry,Darkness - lights lit,Normal
5220,21:34:00,Sunday,Male, Church areas,Lorry (41?100Q),Double carriageway (median),No junction,Asphalt roads,Dry,Darkness - lights lit,Normal
5221,14:00:00,Saturday,Male,Residential areas,Lorry (41?100Q),Double carriageway (median),Y Shape,Asphalt roads,Dry,Daylight,Normal
5222,14:00:00,Saturday,Male,Office areas,Pick up upto 10Q,Two-way (divided with broken lines road marking),Y Shape,Asphalt roads,Dry,Daylight,Normal
5223,12:19:00,Monday,Male,Office areas,Pick up upto 10Q,Two-way (divided with broken lines road marking),Y Shape,Asphalt roads,Dry,Daylight,Normal
5224,12:19:00,Monday,Male,Residential areas,Automobile,Two-way (divided with broken lines road marking),Y Shape,Asphalt roads,Dry,Daylight,Normal
5225,11:49:00,Wednesday,Male, Church areas,Other,other,No junction,Asphalt roads,Dry,Daylight,Normal
5227,10:40:00,Monday,Male,Office areas,Automobile,Two-way (divided with broken lines road marking),Y Shape,Asphalt roads,Dry,Daylight,Normal
5228,10:40:00,Monday,Male,Other,Motorcycle,Two-way (divided with broken lines road marking),Y Shape,Asphalt roads,Dry,Daylight,Normal
5229,16:54:00,Sunday,Male,Other,Automobile,Two-way (divided with broken lines road marking),Y Shape,Asphalt roads,Dry,Daylight,Normal
5231,11:33:00,Sunday,Male,Residential areas,Public (12 seats),Two-way (divided with broken lines road marking),No junction,Asphalt roads,Dry,Daylight,Normal
5232,11:33:00,Sunday,Male, Church areas,Automobile,Undivided Two way,No junction,Asphalt roads,Dry,Daylight,Normal
5234,13:34:00,Friday,Male,Office areas,Lorry (41?100Q),Undivided Two way,No junction,Asphalt roads,Wet or damp,Daylight,Raining
5235,13:34:00,Friday,Male,  Recreational areas,Public (> 45 seats),other,No junction,Asphalt roads,Wet or damp,Daylight,Raining
5239,15:59:00,Tuesday,Male,Residential areas,Automobile,Undivided Two way,Crossing,Asphalt roads,Dry,Daylight,Normal
5240,19:14:00,Monday,Male,Residential areas,Lorry (41?100Q),other,Y Shape,Asphalt roads,Dry,Daylight,Normal
5241,19:14:00,Monday,Male, Industrial areas,Automobile,other,Y Shape,Asphalt roads,Dry,Daylight,Normal
5242,18:20:00,Thursday,Male,Residential areas,Public (13?45 seats),Undivided Two way,No junction,Asphalt roads,Dry,Daylight,Normal
5243,22:00:00,Friday,Male,Residential areas,Automobile,other,No junction,Asphalt roads,Dry,Daylight,Normal
5244,22:00:00,Friday,Male,Office areas,Public (> 45 seats),Undivided Two way,No junction,Asphalt roads,Dry,Daylight,Normal
5245,15:34:00,Wednesday,Male,Office areas,Lorry (41?100Q),Double carriageway (median),Crossing,Asphalt roads,Dry,Daylight,Normal
5246,19:29:00,Friday,Male,Office areas,Automobile,other,Y Shape,Asphalt roads,Wet or damp,Daylight,Raining
5247,19:29:00,Friday,Male,Office areas,Lorry (11?40Q),Undivided Two way,Y Shape,Asphalt roads,Wet or damp,Daylight,Raining
5248,19:29:00,Friday,Male,Office areas,Public (13?45 seats),One way,Y Shape,Asphalt roads,Wet or damp,Daylight,Raining
5249,19:29:00,Friday,Male,Office areas,Public (13?45 seats),Undivided Two way,Y Shape,Asphalt roads,Wet or damp,Daylight,Raining
5251,16:18:00,Saturday,Male,Residential areas,Long lorry,other,No junction,Asphalt roads,Dry,Daylight,Normal
5252,13:58:00,Sunday,Male,Residential areas,Lorry (41?100Q),One way,Y Shape,Asphalt roads,Wet or damp,Daylight,Raining
5253,13:58:00,Sunday,Male,Other,Lorry (11?40Q),One way,Y Shape,Asphalt roads,Wet or damp,Daylight,Raining
5254,13:58:00,Sunday,Male, Church areas,Lorry (41?100Q),Undivided Two way,Y Shape,Asphalt roads,Wet or damp,Daylight,Raining
5255,17:03:00,Tuesday,Male,  Recreational areas,Public (12 seats),other,Y Shape,Asphalt roads,Wet or damp,Daylight,Raining
5257,20:00:00,Monday,Male,Residential areas,Taxi,other,Crossing,Asphalt roads,Dry,Daylight,Normal
5259,15:00:00,Wednesday,Male,Office areas,Automobile,Double carriageway (median),No junction,Asphalt roads,Dry,Daylight,Normal
5261,19:32:00,Friday,Male,Unknown,Lorry (41?100Q),other,No junction,Asphalt roads,Dry,Daylight,Normal
5262,19:32:00,Friday,Male, Industrial areas,Automobile,other,No junction,Asphalt roads,Dry,Daylight,Normal
5263,9:45:00,Thursday,Male,Residential areas,Automobile,Two-way (divided with solid lines road marking),Y Shape,Asphalt roads,Dry,Daylight,Normal
5264,9:45:00,Thursday,Male,Residential areas,Lorry (41?100Q),Undivided Two way,Y Shape,Asphalt roads,Dry,Daylight,Normal
5265,14:51:00,Thursday,Female,Other,Automobile,Undivided Two way,Y Shape,Asphalt roads,Dry,Daylight,Normal
5266,14:51:00,Thursday,Male,Residential areas,Automobile,other,Y Shape,Asphalt roads,Dry,Daylight,Normal
5267,22:02:00,Saturday,Male,Rural village areas,Automobile,Undivided Two way,Y Shape,Asphalt roads,Dry,Darkness - lights lit,Normal
5268,22:02:00,Saturday,Male,Rural village areas,Taxi,Undivided Two way,Y Shape,Asphalt roads,Dry,Darkness - lights lit,Normal
5271,7:50:00,Thursday,Female,Residential areas,Automobile,other,Y Shape,Asphalt roads,Dry,Daylight,Raining
5272,7:50:00,Thursday,Male, Outside rural areas,Pick up upto 10Q,other,Y Shape,Asphalt roads,Dry,Daylight,Raining
5274,17:10:00,Wednesday,Male, Church areas,Automobile,other,Other,Asphalt roads,Wet or damp,Daylight,Normal
5275,17:10:00,Wednesday,Male,Office areas,Public (12 seats),Undivided Two way,Other,Asphalt roads,Wet or damp,Daylight,Normal
5276,7:55:00,Wednesday,Male,Office areas,Public (13?45 seats),Two-way (divided with broken lines road marking),Y Shape,Asphalt roads,Dry,Daylight,Normal
5277,7:55:00,Wednesday,Male,Office areas,Lorry (11?40Q),Two-way (divided with broken lines road marking),Y Shape,Asphalt roads,Dry,Daylight,Normal
5278,8:42:00,Monday,Male,Other,Stationwagen,Undivided Two way,No junction,Asphalt roads,Wet or damp,Daylight,Normal
5279,8:42:00,Monday,Female,Other,Ridden horse,Undivided Two way,No junction,Asphalt roads,Wet or damp,Daylight,Normal
5280,15:36:00,Monday,Female,Residential areas,Stationwagen,Two-way (divided with broken lines road marking),No junction,Asphalt roads,Wet or damp,Daylight,Unknown
5281,15:36:00,Monday,Male,Other,Automobile,Two-way (divided with broken lines road marking),No junction,Asphalt roads,Wet or damp,Daylight,Unknown
5282,15:36:00,Monday,Male,Other,Automobile,Undivided Two way,No junction,Asphalt roads,Wet or damp,Daylight,Unknown
5283,13:46:00,Tuesday,Male,Other,Other,Two-way (divided with broken lines road marking),Other,Asphalt roads,Dry,Daylight,Normal
5284,13:46:00,Tuesday,Male,Other,Taxi,Undivided Two way,Other,Asphalt roads,Dry,Daylight,Normal
5285,5:54:00,Wednesday,Male,Other,Automobile,Double carriageway (median),Other,Asphalt roads,Dry,Darkness - lights lit,Normal
5286,5:54:00,Wednesday,Male,Other,Stationwagen,Two-way (divided with broken lines road marking),Other,Asphalt roads,Dry,Darkness - lights lit,Normal
5287,11:00:00,Friday,Male, Church areas,Automobile,Two-way (divided with broken lines road marking),No junction,Asphalt roads,Dry,Daylight,Normal
5288,11:00:00,Friday,Male,Other,Public (12 seats),Undivided Two way,No junction,Asphalt roads,Dry,Daylight,Normal
5290,11:30:00,Tuesday,Male,Residential areas,Automobile,Double carriageway (median),Crossing,Asphalt roads,Dry,Daylight,Normal
5291,10:40:00,Tuesday,Male,Other,Lorry (41?100Q),Two-way (divided with broken lines road marking),Y Shape,Asphalt roads,Dry,Daylight,Normal
5293,12:54:00,Saturday,Male, Industrial areas,Public (> 45 seats),Unknown,Y Shape,Asphalt roads,Dry,Daylight,Normal
5295,2:00:00,Thursday,Female,Other,Public (12 seats),Two-way (divided with broken lines road marking),No junction,Asphalt roads,Dry,Darkness - lights lit,Unknown
5296,18:23:00,Friday,Male, Hospital areas,Public (12 seats),Two-way (divided with broken lines road marking),No junction,Asphalt roads,Dry,Daylight,Normal
5297,7:40:00,Friday,Male,Office areas,Automobile,One way,Y Shape,Asphalt roads,Dry,Daylight,Normal
5299,15:59:00,Monday,Male, Hospital areas,Automobile,Undivided Two way,Crossing,Asphalt roads,Wet or damp,Daylight,Raining
5300,15:59:00,Monday,Male,Office areas,Lorry (41?100Q),other,Crossing,Asphalt roads,Wet or damp,Daylight,Raining
5301,17:35:00,Thursday,Male,Other,Public (12 seats),Two-way (divided with broken lines road marking),No junction,Asphalt roads,Dry,Daylight,Normal
5302,17:35:00,Thursday,Male,Office areas,Lorry (11?40Q),Undivided Two way,No junction,Asphalt roads,Dry,Daylight,Normal
5303,19:00:00,Sunday,Male,Office areas,Automobile,Two-way (divided with broken lines road marking),No junction,Asphalt roads,Dry,Daylight,Normal
5304,19:00:00,Sunday,Male,Other,Automobile,Double carriageway (median),No junction,Asphalt roads,Dry,Daylight,Normal
5305,19:00:00,Sunday,Male,Office areas,Automobile,Undivided Two way,No junction,Asphalt roads,Dry,Daylight,Normal
5306,11:30:00,Thursday,Male,Residential areas,Bajaj,Undivided Two way,Y Shape,Asphalt roads,Dry,Daylight,Normal
5307,11:30:00,Thursday,Male,Other,Public (12 seats),Two-way (divided with broken lines road marking),Y Shape,Asphalt roads,Dry,Daylight,Normal
5308,22:15:00,Wednesday,Male,Office areas,Lorry (11?40Q),Double carriageway (median),Y Shape,Asphalt roads,Dry,Darkness - lights lit,Normal
5311,11:39:00,Tuesday,Male,Other,Automobile,Two-way (divided with broken lines road marking),Crossing,Earth roads,Wet or damp,Daylight,Raining
5312,16:58:00,Monday,Male, Church areas,Lorry (11?40Q),Undivided Two way,Y Shape,Asphalt roads,Wet or damp,Daylight,Raining
5313,16:58:00,Monday,Male, Industrial areas,Lorry (41?100Q),Undivided Two way,Y Shape,Asphalt roads,Wet or damp,Daylight,Raining
5314,9:35:00,Wednesday,Male,Office areas,Pick up upto 10Q,Double carriageway (median),Other,Asphalt roads,Dry,Daylight,Unknown
5315,17:50:00,Friday,Male, Church areas,Lorry (11?40Q),Undivided Two way,Crossing,Asphalt roads,Dry,Daylight,Normal
5316,17:50:00,Friday,Male,Office areas,Stationwagen,Undivided Two way,Crossing,Asphalt roads,Dry,Daylight,Normal
5317,17:50:00,Friday,Male,Office areas,Other,other,Crossing,Asphalt roads,Dry,Daylight,Normal
5318,4:56:00,Saturday,Male,Residential areas,Other,Two-way (divided with broken lines road marking),Crossing,Asphalt roads,Wet or damp,Darkness - lights lit,Raining
5319,8:00:00,Friday,Male,Office areas,Lorry (11?40Q),Two-way (divided with broken lines road marking),Y Shape,Asphalt roads,Dry,Daylight,Normal
5321,16:07:00,Friday,Male,Office areas,Automobile,Double carriageway (median),Y Shape,Asphalt roads,Dry,Daylight,Normal
5322,16:07:00,Friday,Male,Office areas,Lorry (41?100Q),Double carriageway (median),Y Shape,Asphalt roads,Dry,Daylight,Normal
5323,16:10:00,Friday,Male,Other,Other,Two-way (divided with broken lines road marking),Crossing,Asphalt roads,Dry,Daylight,Normal
5324,16:10:00,Friday,Male,Other,Lorry (41?100Q),Two-way (divided with broken lines road marking),Crossing,Asphalt roads,Dry,Daylight,Normal
5325,16:10:00,Friday,Male,Residential areas,Automobile,Two-way (divided with broken lines road marking),Crossing,Asphalt roads,Dry,Daylight,Normal
5326,16:10:00,Friday,Male, Church areas,Pick up upto 10Q,Two-way (divided with broken lines road marking),Crossing,Asphalt roads,Dry,Daylight,Normal
5327,10:00:00,Wednesday,Male, Church areas,Lorry (41?100Q),Double carriageway (median),Crossing,Asphalt roads,Dry,Daylight,Normal
5328,21:17:00,Saturday,Male,Residential areas,Public (13?45 seats),Double carriageway (median),No junction,Asphalt roads,Dry,Darkness - lights lit,Normal
5329,21:17:00,Saturday,Male,Office areas,Long lorry,Two-way (divided with broken lines road marking),No junction,Asphalt roads,Dry,Darkness - lights lit,Normal
5330,21:17:00,Saturday,Male,Office areas,Automobile,Two-way (divided with broken lines road marking),No junction,Asphalt roads,Dry,Darkness - lights lit,Normal
5331,21:17:00,Saturday,Male,Residential areas,Automobile,Two-way (divided with broken lines road marking),No junction,Asphalt roads,Dry,Darkness - lights lit,Normal
5332,17:01:00,Friday,Male, Church areas,Other,other,No junction,Asphalt roads,Dry,Daylight,Normal
5334,1:56:00,Saturday,Male,Office areas,Long lorry,Two-way (divided with broken lines road marking),Y Shape,Asphalt roads,Wet or damp,Darkness - lights lit,Raining
5335,1:56:00,Saturday,Male,Other,Public (12 seats),Two-way (divided with broken lines road marking),Y Shape,Asphalt roads,Wet or damp,Darkness - lights lit,Raining
5336,19:20:00,Friday,Male,Other,Public (12 seats),Two-way (divided with broken lines road marking),Other,Asphalt roads,Dry,Daylight,Normal
5338,19:20:00,Friday,Male,Residential areas,Other,Two-way (divided with broken lines road marking),Other,Asphalt roads,Dry,Daylight,Normal
5339,19:08:00,Monday,Male, Church areas,Other,Undivided Two way,Y Shape,Asphalt roads,Dry,Darkness - lights lit,Other
5340,19:08:00,Monday,Male,Other,Public (12 seats),Undivided Two way,Y Shape,Asphalt roads,Dry,Darkness - lights lit,Other
5341,19:08:00,Monday,Male,Other,Lorry (41?100Q),One way,Y Shape,Asphalt roads,Dry,Darkness - lights lit,Other
5342,19:08:00,Monday,Female,Residential areas,Other,Two-way (divided with broken lines road marking),Y Shape,Asphalt roads,Dry,Darkness - lights lit,Other
5343,19:08:00,Monday,Female,Office areas,Public (12 seats),One way,Y Shape,Asphalt roads,Dry,Darkness - lights lit,Other
5344,19:08:00,Monday,Female, Industrial areas,Other,Two-way (divided with broken lines road marking),Y Shape,Asphalt roads,Dry,Darkness - lights lit,Other
5345,9:45:00,Monday,Male,Residential areas,Lorry (11?40Q),Double carriageway (median),No junction,Asphalt roads,Dry,Daylight,Unknown
5346,16:27:00,Saturday,Male,Office areas,Other,Unknown,Y Shape,Asphalt roads,Dry,Daylight,Normal
5348,13:44:00,Saturday,Male, Church areas,Other,other,Y Shape,Asphalt roads,Dry,Daylight,Normal
5350,21:11:00,Thursday,Male,  Recreational areas,Automobile,One way,No junction,Asphalt roads,Dry,Darkness - lights lit,Normal
5351,21:11:00,Thursday,Male,  Market areas,Other,Undivided Two way,No junction,Asphalt roads,Dry,Darkness - lights lit,Normal
5352,21:11:00,Thursday,Male,Other,Lorry (41?100Q),Two-way (divided with broken lines road marking),No junction,Asphalt roads,Dry,Darkness - lights lit,Normal
5353,22:48:00,Monday,Male,Other,Public (13?45 seats),Two-way (divided with broken lines road marking),Y Shape,Asphalt roads,Wet or damp,Darkness - lights lit,Raining
5354,22:48:00,Monday,Unknown, Industrial areas,Automobile,Two-way (divided with broken lines road marking),Y Shape,Asphalt roads,Wet or damp,Darkness - lights lit,Raining
5355,13:10:00,Thursday,Male,Other,Pick up upto 10Q,Two-way (divided with broken lines road marking),No junction,Asphalt roads,Dry,Daylight,Normal
5356,13:10:00,Thursday,Male,Office areas,Lorry (41?100Q),other,No junction,Asphalt roads,Dry,Daylight,Normal
5358,8:40:00,Thursday,Male,Office areas,Other,Two-way (divided with broken lines road marking),No junction,Asphalt roads,Dry,Daylight,Normal
5359,8:40:00,Thursday,Male,Office areas,Lorry (41?100Q),Undivided Two way,No junction,Asphalt roads,Dry,Daylight,Normal
5360,8:40:00,Thursday,Male,Other,Pick up upto 10Q,other,No junction,Asphalt roads,Dry,Daylight,Normal
5361,18:00:00,Thursday,Male,Other,Other,other,No junction,Asphalt roads,Dry,Daylight,Other
5362,18:00:00,Thursday,Male,Other,Lorry (41?100Q),Undivided Two way,No junction,Asphalt roads,Dry,Daylight,Other
5363,11:50:00,Wednesday,Male,Other,Ridden horse,other,Y Shape,Asphalt roads,Dry,Daylight,Normal
5364,11:50:00,Wednesday,Male,Residential areas,Automobile,Undivided Two way,Y Shape,Asphalt roads,Dry,Daylight,Normal
5365,7:15:00,Tuesday,Female, Church areas,Automobile,Undivided Two way,No junction,Asphalt roads,Dry,Daylight,Normal
5366,15:59:00,Wednesday,Male,Office areas,Stationwagen,Double carriageway (median),Y Shape,Asphalt roads,Dry,Daylight,Normal
5367,15:59:00,Wednesday,Male, Church areas,Other,other,Y Shape,Asphalt roads,Dry,Daylight,Normal
5368,15:59:00,Wednesday,Male,Other,Lorry (41?100Q),Two-way (divided with broken lines road marking),Y Shape,Asphalt roads,Dry,Daylight,Normal
5370,21:20:00,Wednesday,Male,School areas,Long lorry,other,Crossing,Asphalt roads,Dry,Darkness - lights lit,Normal
5371,21:20:00,Wednesday,Male,Office areas,Stationwagen,Two-way (divided with broken lines road marking),Crossing,Asphalt roads,Dry,Darkness - lights lit,Normal
5372,21:20:00,Wednesday,Male,Other,Public (12 seats),other,Crossing,Asphalt roads,Dry,Darkness - lights lit,Normal
5373,23:35:00,Thursday,Female,Office areas,Automobile,Undivided Two way,Crossing,Asphalt roads,Dry,Darkness - lights lit,Unknown
5374,23:35:00,Thursday,Male,Other,Public (12 seats),Undivided Two way,Crossing,Asphalt roads,Dry,Darkness - lights lit,Unknown
5375,10:49:00,Monday,Male,Other,Lorry (41?100Q),Two-way (divided with broken lines road marking),Y Shape,Asphalt roads,Dry,Daylight,Normal
5376,10:49:00,Monday,Male,Office areas,Automobile,Undivided Two way,Y Shape,Asphalt roads,Dry,Daylight,Normal
5377,10:44:00,Tuesday,Male,Other,Lorry (41?100Q),Double carriageway (median),No junction,Asphalt roads,Wet or damp,Daylight,Normal
5378,0:30:00,Sunday,Female, Church areas,Lorry (41?100Q),other,Y Shape,Asphalt roads,Dry,Darkness - lights lit,Normal
5379,0:30:00,Sunday,Male,Office areas,Pick up upto 10Q,Two-way (divided with broken lines road marking),Y Shape,Asphalt roads,Dry,Darkness - lights lit,Normal
5380,0:30:00,Sunday,Male,Office areas,Other,Two-way (divided with broken lines road marking),Y Shape,Asphalt roads,Dry,Darkness - lights lit,Normal
5381,0:30:00,Sunday,Male,Other,Automobile,Undivided Two way,Y Shape,Asphalt roads,Dry,Darkness - lights lit,Normal
5382,18:30:00,Saturday,Male,Residential areas,Automobile,Undivided Two way,Y Shape,Asphalt roads,Dry,Daylight,Normal
5383,18:30:00,Saturday,Male,Residential areas,Lorry (11?40Q),Undivided Two way,Y Shape,Asphalt roads,Dry,Daylight,Normal
5385,17:00:00,Wednesday,Male,Other,Automobile,other,Other,Asphalt roads,Dry,Daylight,Normal
5387,7:23:00,Wednesday,Male,School areas,Lorry (11?40Q),Double carriageway (median),Y Shape,Asphalt roads,Dry,Daylight,Normal
5388,15:26:00,Tuesday,Male,Other,Lorry (11?40Q),Two-way (divided with broken lines road marking),Crossing,Asphalt roads,Dry,Daylight,Normal
5389,12:19:00,Wednesday,Male,Other,Automobile,Two-way (divided with broken lines road marking),No junction,Asphalt roads,Dry,Daylight,Normal
5392,8:44:00,Wednesday,Male,Other,Public (13?45 seats),Two-way (divided with broken lines road marking),Y Shape,Asphalt roads,Dry,Daylight,Unknown
5393,8:44:00,Wednesday,Male,Residential areas,Public (12 seats),Double carriageway (median),Y Shape,Asphalt roads,Dry,Daylight,Unknown