,time,Day_of_week,Sex_of_driver,Area_accident,Type_of_vehicle,Lanes_or_Medians,Types_of_Junction,Road_surface_type,Road_surface_conditions,Light_conditions,Weather_conditions
5394,8:44:00,Wednesday,Male,Office areas,Other,Two-way (divided with broken lines road marking),Y Shape,Asphalt roads,Dry,Daylight,Unknown
5395,8:44:00,Wednesday,Male,Office areas,Automobile,Undivided Two way,Y Shape,Asphalt roads,Dry,Daylight,Unknown
5398,15:25:00,Tuesday,Male,Office areas,Public (13?45 seats),Two-way (divided with broken lines road marking),No junction,Asphalt roads,Dry,Daylight,Normal
5399,6:40:00,Thursday,Male,Office areas,Automobile,Two-way (divided with broken lines road marking),No junction,Asphalt roads,Wet or damp,Daylight,Normal
5400,6:40:00,Thursday,Male,Office areas,Other,Two-way (divided with broken lines road marking),No junction,Asphalt roads,Wet or damp,Daylight,Normal
5401,18:00:00,Monday,Female,Office areas,Pick up upto 10Q,Two-way (divided with broken lines road marking),Other,Asphalt roads,Dry,Daylight,Unknown
5402,18:00:00,Thursday,Male,Other,Lorry (41?100Q),Two-way (divided with broken lines road marking),No junction,Asphalt roads,Dry,Daylight,Normal
5403,18:00:00,Thursday,Male,Residential areas,Automobile,Double carriageway (median),No junction,Asphalt roads,Dry,Daylight,Normal
5404,15:05:00,Thursday,Female, Church areas,Automobile,Undivided Two way,Y Shape,Asphalt roads,Dry,Daylight,Normal
5405,13:40:00,Monday,Male,Other,Lorry (41?100Q),Two-way (divided with broken lines road marking),Y Shape,Asphalt roads,Dry,Daylight,Unknown
5408,22:50:00,Saturday,Male, Industrial areas,Automobile,Undivided Two way,Other,Asphalt roads,Dry,Darkness - lights lit,Normal
5409,15:50:00,Saturday,Male,Other,Automobile,Two-way (divided with broken lines road marking),Y Shape,Asphalt roads,Dry,Daylight,Normal
5410,7:53:00,Friday,Male,Other,Automobile,other,Y Shape,Asphalt roads,Dry,Daylight,Normal
5411,7:53:00,Friday,Male, Church areas,Automobile,other,Y Shape,Asphalt roads,Dry,Daylight,Normal
5412,22:00:00,Sunday,Male, Church areas,Lorry (41?100Q),Undivided Two way,No junction,Asphalt roads,Dry,Darkness - lights lit,Normal
5413,22:00:00,Sunday,Male,Other,Other,Two-way (divided with broken lines road marking),No junction,Asphalt roads,Dry,Darkness - lights lit,Normal
5414,15:23:00,Saturday,Male,Other,Pick up upto 10Q,One way,No junction,Asphalt roads,Dry,Daylight,Normal
5415,15:23:00,Saturday,Male,  Recreational areas,Stationwagen,Two-way (divided with broken lines road marking),No junction,Asphalt roads,Dry,Daylight,Normal
5416,18:00:00,Wednesday,Male,Other,Other,Undivided Two way,Y Shape,Asphalt roads,Dry,Daylight,Normal
5417,18:00:00,Wednesday,Male,Office areas,Pick up upto 10Q,Undivided Two way,Y Shape,Asphalt roads,Dry,Daylight,Normal
5418,17:43:00,Monday,Male, Church areas,Stationwagen,Two-way (divided with broken lines road marking),T Shape,Asphalt roads,Dry,Daylight,Normal
5419,17:43:00,Monday,Female,Office areas,Lorry (41?100Q),Two-way (divided with broken lines road marking),T Shape,Asphalt roads,Dry,Daylight,Normal
5420,15:40:00,Tuesday,Male,Office areas,Automobile,Undivided Two way,No junction,Asphalt roads,Wet or damp,Daylight,Raining
5422,8:43:00,Friday,Male,Residential areas,Automobile,Two-way (divided with broken lines road marking),No junction,Asphalt roads,Wet or damp,Daylight,Normal
5423,10:00:00,Tuesday,Male,Office areas,Automobile,Two-way (divided with broken lines road marking),Y Shape,Asphalt roads,Dry,Daylight,Normal
5424,14:25:00,Saturday,Male,Residential areas,Turbo,other,Unknown,Asphalt roads,Dry,Daylight,Normal
5426,14:25:00,Saturday,Male,Other,Stationwagen,Double carriageway (median),Unknown,Asphalt roads,Dry,Daylight,Normal
5427,14:25:00,Saturday,Male, Hospital areas,Automobile,One way,Unknown,Asphalt roads,Dry,Daylight,Normal
5428,9:30:00,Saturday,Male,Other,Automobile,Undivided Two way,No junction,Asphalt roads,Dry,Darkness - lights lit,Normal
5429,9:30:00,Saturday,Male,Other,Automobile,Undivided Two way,No junction,Asphalt roads,Dry,Darkness - lights lit,Normal
5430,10:50:00,Saturday,Male,  Recreational areas,Pick up upto 10Q,One way,Y Shape,Asphalt roads,Dry,Daylight,Normal
5431,10:50:00,Saturday,Male,Other,Lorry (41?100Q),Undivided Two way,Y Shape,Asphalt roads,Dry,Daylight,Normal
5432,19:15:00,Monday,Male,Other,Lorry (41?100Q),Undivided Two way,Y Shape,Asphalt roads,Wet or damp,Daylight,Raining
5433,19:15:00,Monday,Male,Other,Automobile,Undivided Two way,Y Shape,Asphalt roads,Wet or damp,Daylight,Raining
5434,13:57:00,Sunday,Male,Office areas,Lorry (41?100Q),Two-way (divided with broken lines road marking),Crossing,Asphalt roads,Dry,Daylight,Normal
5435,13:57:00,Sunday,Male,Other,Lorry (41?100Q),Two-way (divided with broken lines road marking),Crossing,Asphalt roads with some distress,Dry,Daylight,Normal
5436,19:00:00,Tuesday,Male,Residential areas,Lorry (41?100Q),Two-way (divided with broken lines road marking),No junction,Asphalt roads,Dry,Daylight,Normal
5437,19:00:00,Tuesday,Male,Other,Lorry (41?100Q),Undivided Two way,No junction,Asphalt roads,Dry,Daylight,Normal
5438,19:00:00,Tuesday,Male,Other,Automobile,Undivided Two way,No junction,Asphalt roads,Dry,Daylight,Normal
5439,19:00:00,Tuesday,Male, Church areas,Automobile,Undivided Two way,No junction,Asphalt roads,Dry,Daylight,Normal
5440,19:00:00,Tuesday,Male,Office areas,Automobile,Undivided Two way,No junction,Asphalt roads,Dry,Daylight,Normal
5441,19:00:00,Tuesday,Male,School areas,Public (13?45 seats),other,No junction,Asphalt roads,Dry,Daylight,Normal
5442,21:15:00,Sunday,Male,Other,Automobile,Undivided Two way,No junction,Asphalt roads,Wet or damp,Darkness - lights lit,Normal
5443,21:15:00,Sunday,Male,Office areas,Public (13?45 seats),Undivided Two way,No junction,Asphalt roads,Wet or damp,Darkness - lights lit,Normal
5444,21:25:00,Tuesday,Male,Residential areas,Public (13?45 seats),other,No junction,Asphalt roads,Wet or damp,Darkness - no lighting,Raining
5445,17:21:00,Friday,Male, Industrial areas,Automobile,One way,Y Shape,Asphalt roads,Dry,Daylight,Normal
5446,17:21:00,Friday,Male,Other,Lorry (11?40Q),Undivided Two way,Y Shape,Asphalt roads,Dry,Daylight,Normal
5447,6:45:00,Friday,Male,Residential areas,Automobile,Undivided Two way,Unknown,Asphalt roads,Dry,Daylight,Normal
5448,6:45:00,Friday,Male,  Recreational areas,Lorry (41?100Q),Two-way (divided with broken lines road marking),Unknown,Asphalt roads,Dry,Daylight,Normal
5449,15:18:00,Monday,Male,Office areas,Other,other,Crossing,Asphalt roads,Dry,Daylight,Normal
5450,14:45:00,Saturday,Male, Outside rural areas,Pick up upto 10Q,Two-way (divided with broken lines road marking),Y Shape,Asphalt roads,Dry,Daylight,Normal
5451,14:45:00,Saturday,Male, Outside rural areas,Lorry (11?40Q),Two-way (divided with broken lines road marking),Y Shape,Asphalt roads,Dry,Daylight,Normal
5452,15:47:00,Sunday,Male, Outside rural areas,Motorcycle,Undivided Two way,Y Shape,Asphalt roads,Dry,Daylight,Normal
5453,15:47:00,Sunday,Male, Outside rural areas,Pick up upto 10Q,Undivided Two way,Y Shape,Asphalt roads,Dry,Daylight,Normal
5454,8:00:00,Wednesday,Male, Outside rural areas,Lorry (11?40Q),other,Y Shape,Asphalt roads,Dry,Daylight,Normal
5455,8:00:00,Wednesday,Male,School areas,Lorry (11?40Q),other,Y Shape,Asphalt roads,Dry,Daylight,Normal
5456,8:50:00,Tuesday,Male, Outside rural areas,Automobile,Two-way (divided with broken lines road marking),Y Shape,Asphalt roads,Dry,Daylight,Normal
5457,8:50:00,Tuesday,Male, Outside rural areas,Automobile,Undivided Two way,Y Shape,Asphalt roads,Dry,Daylight,Normal
5458,8:50:00,Tuesday,Male, Outside rural areas,Other,Two-way (divided with broken lines road marking),Y Shape,Asphalt roads,Dry,Daylight,Normal
5459,9:00:00,Wednesday,Male, Outside rural areas,Other,Two-way (divided with broken lines road marking),No junction,Asphalt roads,Wet or damp,Daylight,Raining
5460,9:00:00,Wednesday,Male,Office areas,Automobile,Undivided Two way,No junction,Asphalt roads,Wet or damp,Daylight,Raining
5461,8:47:00,Wednesday,Male, Outside rural areas,Taxi,Undivided Two way,Y Shape,Asphalt roads,Wet or damp,Daylight,Raining
5462,6:45:00,Tuesday,Male, Outside rural areas,Other,Undivided Two way,Y Shape,Asphalt roads,Dry,Daylight,Normal
5463,6:45:00,Tuesday,Male, Outside rural areas,Taxi,Undivided Two way,Y Shape,Asphalt roads,Dry,Daylight,Normal
5464,8:36:00,Tuesday,Male,Office areas,Lorry (11?40Q),Undivided Two way,Y Shape,Asphalt roads,Dry,Daylight,Normal
5465,8:36:00,Tuesday,Male,  Recreational areas,Automobile,Undivided Two way,Y Shape,Asphalt roads,Dry,Daylight,Normal
5466,18:05:00,Sunday,Male,Office areas,Other,Undivided Two way,No junction,Asphalt roads,Dry,Daylight,Normal
5467,18:05:00,Sunday,Female,Other,Automobile,Two-way (divided with broken lines road marking),No junction,Asphalt roads,Dry,Daylight,Normal
5468,16:00:00,Saturday,Male,Residential areas,Automobile,Two-way (divided with broken lines road marking),Y Shape,Asphalt roads,Dry,Daylight,Normal
5469,16:00:00,Saturday,Male,Residential areas,Automobile,other,Y Shape,Asphalt roads,Dry,Daylight,Normal
5470,8:45:00,Wednesday,Male,Residential areas,Automobile,Undivided Two way,Y Shape,Asphalt roads,Dry,Daylight,Normal
5471,8:45:00,Wednesday,Male,Other,Lorry (41?100Q),Undivided Two way,Y Shape,Asphalt roads,Dry,Daylight,Normal
5472,14:53:00,Wednesday,Male,Office areas,Other,Two-way (divided with broken lines road marking),O Shape,Asphalt roads,Wet or damp,Daylight,Raining
5473,14:53:00,Wednesday,Male,Other,Pick up upto 10Q,Two-way (divided with broken lines road marking),O Shape,Asphalt roads,Wet or damp,Daylight,Raining
5474,14:53:00,Wednesday,Male,Other,Pick up upto 10Q,other,O Shape,Asphalt roads,Wet or damp,Daylight,Raining
5475,13:30:00,Saturday,Unknown,Office areas,Automobile,Two-way (divided with broken lines road marking),No junction,Asphalt roads,Dry,Daylight,Normal
5476,13:30:00,Saturday,Male, Church areas,Long lorry,other,No junction,Asphalt roads,Dry,Daylight,Normal
5477,13:30:00,Saturday,Female,Other,Automobile,Two-way (divided with broken lines road marking),No junction,Asphalt roads,Dry,Daylight,Normal
5478,12:15:00,Wednesday,Male,Other,Public (13?45 seats),One way,No junction,Asphalt roads,Wet or damp,Daylight,Raining
5479,12:15:00,Wednesday,Male,Office areas,Lorry (41?100Q),Double carriageway (median),No junction,Asphalt roads,Wet or damp,Daylight,Raining
5480,12:15:00,Wednesday,Male,Office areas,Public (13?45 seats),One way,No junction,Asphalt roads,Wet or damp,Daylight,Raining
5481,12:15:00,Wednesday,Male,Office areas,Other,Undivided Two way,No junction,Asphalt roads,Wet or damp,Daylight,Raining
5482,12:15:00,Wednesday,Male,Office areas,Lorry (41?100Q),Double carriageway (median),No junction,Asphalt roads,Wet or damp,Daylight,Raining
5484,17:42:00,Thursday,Male,Office areas,Long lorry,Undivided Two way,No junction,Asphalt roads,Dry,Daylight,Normal
5486,17:42:00,Thursday,Male,Other,Pick up upto 10Q,Double carriageway (median),No junction,Asphalt roads,Dry,Daylight,Normal
5487,17:42:00,Thursday,Male,Other,Lorry (41?100Q),Two-way (divided with broken lines road marking),No junction,Asphalt roads,Dry,Daylight,Normal
5490,13:17:00,Saturday,Male,Office areas,Other,Two-way (divided with broken lines road marking),Y Shape,Asphalt roads,Dry,Daylight,Normal
5492,18:55:00,Saturday,Male, Church areas,Other,Undivided Two way,Y Shape,Asphalt roads,Dry,Darkness - lights lit,Normal
5493,18:55:00,Saturday,Male,Office areas,Automobile,Two-way (divided with broken lines road marking),Y Shape,Asphalt roads,Dry,Darkness - lights lit,Normal
5494,16:12:00,Saturday,Male,Residential areas,Pick up upto 10Q,Two-way (divided with broken lines road marking),Crossing,Asphalt roads,Wet or damp,Daylight,Other
5495,16:12:00,Saturday,Male,School areas,Automobile,Two-way (divided with broken lines road marking),Crossing,Asphalt roads,Wet or damp,Daylight,Other
5496,10:29:00,Wednesday,Male,Office areas,Public (12 seats),Undivided Two way,Unknown,Asphalt roads,Wet or damp,Daylight,Normal
5497,10:29:00,Wednesday,Male,Other,Automobile,Undivided Two way,Unknown,Asphalt roads,Wet or damp,Daylight,Normal
5498,10:55:00,Sunday,Male,Other,Other,Double carriageway (median),No junction,Asphalt roads,Dry,Daylight,Normal
5499,10:55:00,Sunday,Male,Other,Public (12 seats),Double carriageway (median),No junction,Asphalt roads,Dry,Daylight,Normal
5500,10:55:00,Sunday,Male,Other,Stationwagen,Two-way (divided with broken lines road marking),No junction,Asphalt roads with some distress,Dry,Daylight,Normal
5501,20:57:00,Sunday,Male,Office areas,Lorry (41?100Q),Double carriageway (median),Y Shape,Asphalt roads,Dry,Darkness - lights lit,Normal
5502,20:57:00,Sunday,Male,Office areas,Lorry (41?100Q),Two-way (divided with broken lines road marking),Y Shape,Asphalt roads,Dry,Darkness - lights lit,Normal
5505,13:30:00,Tuesday,Male,Office areas,Lorry (41?100Q),One way,Y Shape,Gravel roads,Dry,Daylight,Normal
5508,7:25:00,Thursday,Male,Other,Automobile,Undivided Two way,T Shape,Asphalt roads,Dry,Daylight,Normal
5509,21:54:00,Thursday,Male,Other,Stationwagen,Two-way (divided with broken lines road marking),No junction,Asphalt roads,Dry,Darkness - lights lit,Normal
5510,21:54:00,Thursday,Female,Residential areas,Automobile,Two-way (divided with broken lines road marking),No junction,Asphalt roads,Dry,Darkness - lights lit,Normal
5511,12:46:00,Friday,Male,Other,Lorry (41?100Q),Two-way (divided with broken lines road marking),Y Shape,Asphalt roads,Wet or damp,Daylight,Raining
5512,19:47:00,Friday,Male,Other,Other,Two-way (divided with broken lines road marking),Y Shape,Asphalt roads,Wet or damp,Darkness - lights lit,Normal
5513,19:47:00,Friday,Male,Other,Pick up upto 10Q,Two-way (divided with broken lines road marking),Y Shape,Asphalt roads,Wet or damp,Darkness - lights lit,Normal
5515,19:47:00,Friday,Male, Industrial areas,Lorry (41?100Q),Undivided Two way,Y Shape,Asphalt roads,Wet or damp,Darkness - lights lit,Normal
5516,19:47:00,Friday,Female, Industrial areas,Automobile,Undivided Two way,Y Shape,Asphalt roads,Wet or damp,Darkness - lights lit,Normal
5517,19:47:00,Friday,Female, Church areas,Public (13?45 seats),Double carriageway (median),Y Shape,Asphalt roads,Wet or damp,Darkness - lights lit,Normal
5518,17:21:00,Tuesday,Male,Other,Automobile,Undivided Two way,No junction,Asphalt roads,Dry,Daylight,Normal
5519,17:21:00,Tuesday,Male,Other,Lorry (41?100Q),Undivided Two way,No junction,Earth roads,Dry,Daylight,Normal
5520,17:25:00,Friday,Male,Office areas,Public (12 seats),Undivided Two way,No junction,Asphalt roads,Dry,Daylight,Unknown
5523,17:25:00,Friday,Male, Industrial areas,Lorry (41?100Q),Undivided Two way,No junction,Asphalt roads,Dry,Daylight,Unknown
5524,17:25:00,Friday,Male,Office areas,Automobile,Undivided Two way,No junction,Earth roads,Dry,Daylight,Unknown
5525,7:35:00,Wednesday,Male,Other,Lorry (41?100Q),Undivided Two way,No junction,Asphalt roads,Wet or damp,Daylight,Raining
5526,7:35:00,Wednesday,Male,Other,Stationwagen,Two-way (divided with broken lines road marking),No junction,Asphalt roads,Wet or damp,Daylight,Raining
5527,7:35:00,Wednesday,Male,Residential areas,Pick up upto 10Q,Undivided Two way,No junction,Earth roads,Wet or damp,Daylight,Raining
5528,15:20:00,Wednesday,Male,Office areas,Automobile,Two-way (divided with broken lines road marking),No junction,Asphalt roads,Dry,Daylight,Normal
5529,6:40:00,Thursday,Male,Residential areas,Automobile,other,Crossing,Asphalt roads,Dry,Darkness - lights lit,Normal
5531,14:33:00,Sunday,Male, Church areas,Other,Two-way (divided with broken lines road marking),Y Shape,Asphalt roads,Dry,Daylight,Normal
5532,14:33:00,Sunday,Male,Residential areas,Automobile,Two-way (divided with broken lines road marking),Y Shape,Asphalt roads,Dry,Daylight,Normal
5533,14:33:00,Sunday,Male,School areas,Public (13?45 seats),other,Y Shape,Asphalt roads,Dry,Daylight,Normal
5534,14:33:00,Sunday,Male, Hospital areas,Public (13?45 seats),other,Y Shape,Asphalt roads,Dry,Daylight,Normal
5535,14:33:00,Sunday,Male,Other,Automobile,Undivided Two way,Y Shape,Asphalt roads,Dry,Daylight,Normal
5536,14:33:00,Sunday,Male,School areas,Public (12 seats),Double carriageway (median),Y Shape,Asphalt roads,Dry,Daylight,Normal
5537,7:20:00,Wednesday,Male,Other,Public (12 seats),other,Y Shape,Asphalt roads,Wet or damp,Daylight,Normal
5538,10:04:00,Thursday,Male, Industrial areas,Lorry (41?100Q),Undivided Two way,Unknown,Asphalt roads,Dry,Daylight,Normal
5539,14:20:00,Saturday,Male, Church areas,Automobile,Two-way (divided with broken lines road marking),Other,Asphalt roads,Wet or damp,Daylight,Other
5540,14:20:00,Saturday,Female,Office areas,Pick up upto 10Q,Two-way (divided with broken lines road marking),Other,Asphalt roads with some distress,Wet or damp,Daylight,Other
5541,19:50:00,Monday,Female,Other,Pick up upto 10Q,Two-way (divided with broken lines road marking),No junction,Asphalt roads,Wet or damp,Darkness - lights lit,Raining
5542,19:50:00,Monday,Male,Office areas,Lorry (41?100Q),Double carriageway (median),No junction,Asphalt roads,Wet or damp,Darkness - lights lit,Raining
5543,19:50:00,Monday,Male,Office areas,Automobile,Double carriageway (median),No junction,Asphalt roads,Wet or damp,Darkness - lights lit,Raining
5544,10:20:00,Tuesday,Male,Office areas,Stationwagen,Double carriageway (median),No junction,Asphalt roads,Dry,Daylight,Normal
5545,10:20:00,Tuesday,Male,Residential areas,Motorcycle,Double carriageway (median),No junction,Asphalt roads,Dry,Daylight,Normal
5547,11:53:00,Saturday,Male,Other,Other,Undivided Two way,No junction,Asphalt roads,Dry,Daylight,Normal
5548,6:46:00,Tuesday,Male, Industrial areas,Automobile,One way,Other,Asphalt roads,Dry,Daylight,Normal
5549,6:46:00,Tuesday,Male,Other,Automobile,One way,Other,Asphalt roads,Dry,Daylight,Normal
5551,1:10:00,Wednesday,Male,Office areas,Public (> 45 seats),Two-way (divided with broken lines road marking),Y Shape,Asphalt roads,Wet or damp,Darkness - lights lit,Normal
5554,12:38:00,Thursday,Male,Office areas,Automobile,Double carriageway (median),Crossing,Asphalt roads,Dry,Daylight,Normal
5555,12:38:00,Thursday,Male,Office areas,Other,Two-way (divided with broken lines road marking),Crossing,Asphalt roads,Dry,Daylight,Normal
5556,12:38:00,Thursday,Male,Office areas,Lorry (41?100Q),Undivided Two way,Crossing,Asphalt roads,Dry,Daylight,Normal
5557,16:30:00,Thursday,Male,Other,Pick up upto 10Q,Undivided Two way,No junction,Asphalt roads,Wet or damp,Daylight,Raining
5558,16:30:00,Thursday,Male,Other,Public (13?45 seats),Undivided Two way,No junction,Asphalt roads,Wet or damp,Daylight,Raining
5559,16:30:00,Thursday,Male,  Recreational areas,Automobile,Undivided Two way,No junction,Asphalt roads,Wet or damp,Daylight,Raining
5560,17:40:00,Wednesday,Female, Church areas,Pick up upto 10Q,Undivided Two way,No junction,Gravel roads,Dry,Daylight,Unknown
5561,17:40:00,Wednesday,Male,  Recreational areas,Automobile,other,No junction,Asphalt roads,Dry,Daylight,Unknown
5562,5:50:00,Tuesday,Male,School areas,Lorry (41?100Q),other,No junction,Asphalt roads,Wet or damp,Darkness - lights lit,Other
5563,5:50:00,Tuesday,Female, Church areas,Automobile,Double carriageway (median),No junction,Asphalt roads,Wet or damp,Darkness - lights lit,Other
5565,6:53:00,Wednesday,Male,Residential areas,Lorry (41?100Q),One way,Other,Asphalt roads,Wet or damp,Darkness - lights lit,Normal
5566,9:59:00,Tuesday,Male,Other,Lorry (41?100Q),One way,No junction,Asphalt roads,Dry,Daylight,Cloudy
5567,9:59:00,Tuesday,Male,Other,Public (13?45 seats),Undivided Two way,No junction,Asphalt roads,Dry,Daylight,Cloudy
5568,14:30:00,Saturday,Male, Industrial areas,Automobile,One way,Crossing,Asphalt roads,Wet or damp,Daylight,Normal
5569,14:30:00,Saturday,Male, Church areas,Other,other,Crossing,Asphalt roads,Wet or damp,Daylight,Normal
5570,17:50:00,Thursday,Male,Office areas,Other,other,Y Shape,Asphalt roads,Wet or damp,Darkness - lights lit,Other
5571,17:50:00,Thursday,Male,Office areas,Other,Undivided Two way,Y Shape,Asphalt roads,Wet or damp,Darkness - lights lit,Other
5572,17:50:00,Thursday,Male,Office areas,Automobile,Double carriageway (median),Y Shape,Asphalt roads,Wet or damp,Darkness - lights lit,Other
5573,17:50:00,Thursday,Male,Other,Other,Two-way (divided with broken lines road marking),Y Shape,Asphalt roads,Wet or damp,Darkness - lights lit,Other
5574,19:08:00,Friday,Male,Office areas,Lorry (41?100Q),Undivided Two way,No junction,Asphalt roads,Wet or damp,Darkness - lights lit,Normal
5575,13:11:00,Monday,Male,Other,Public (12 seats),Double carriageway (median),No junction,Gravel roads,Dry,Daylight,Normal
5576,13:11:00,Monday,Male, Industrial areas,Lorry (41?100Q),Two-way (divided with broken lines road marking),No junction,Asphalt roads,Dry,Daylight,Normal
5577,13:11:00,Monday,Male,Residential areas,Public (12 seats),other,No junction,Asphalt roads,Dry,Daylight,Normal
5578,12:43:00,Monday,Male,Other,Lorry (41?100Q),Two-way (divided with broken lines road marking),T Shape,Asphalt roads,Dry,Daylight,Normal
5579,12:43:00,Monday,Male,Other,Other,One way,T Shape,Asphalt roads,Dry,Daylight,Normal
5580,8:49:00,Monday,Male,Other,Lorry (41?100Q),One way,No junction,Earth roads,Dry,Daylight,Unknown
5582,18:27:00,Sunday,Male,Other,Public (> 45 seats),Two-way (divided with broken lines road marking),No junction,Asphalt roads,Dry,Darkness - lights lit,Normal
5584,11:00:00,Saturday,Male,Office areas,Other,Two-way (divided with broken lines road marking),Crossing,Gravel roads,Dry,Daylight,Normal
5585,12:30:00,Friday,Male,Office areas,Other,Two-way (divided with broken lines road marking),No junction,Asphalt roads,Dry,Daylight,Normal
5587,12:30:00,Friday,Male,Other,Lorry (41?100Q),One way,No junction,Asphalt roads,Dry,Daylight,Normal
5588,15:52:00,Saturday,Male,Office areas,Pick up upto 10Q,Two-way (divided with broken lines road marking),Y Shape,Earth roads,Dry,Daylight,Normal
5589,7:55:00,Monday,Male,Office areas,Automobile,Undivided Two way,Y Shape,Asphalt roads,Dry,Daylight,Normal
5591,7:55:00,Monday,Male,Other,Other,Two-way (divided with broken lines road marking),Y Shape,Asphalt roads,Dry,Daylight,Normal
5592,18:10:00,Thursday,Male,Residential areas,Automobile,Two-way (divided with broken lines road marking),Other,Asphalt roads,Dry,Darkness - lights lit,Other
5593,6:50:00,Saturday,Male,Other,Stationwagen,Undivided Two way,No junction,Asphalt roads,Wet or damp,Darkness - no lighting,Raining
5594,20:20:00,Thursday,Male,Office areas,Other,Undivided Two way,Y Shape,Earth roads,Wet or damp,Darkness - lights lit,Raining
5596,20:20:00,Thursday,Male,Other,Ridden horse,Undivided Two way,Y Shape,Asphalt roads,Wet or damp,Darkness - lights lit,Raining
5598,11:15:00,Thursday,Male,Other,Other,Undivided Two way,No junction,Asphalt roads,Wet or damp,Daylight,Raining
5600,20:45:00,Monday,Male,Office areas,Lorry (41?100Q),Two-way (divided with broken lines road marking),Y Shape,Asphalt roads,Dry,Darkness - lights lit,Normal
5601,8:40:00,Friday,Male,Other,Lorry (41?100Q),Two-way (divided with broken lines road marking),Y Shape,Asphalt roads,Wet or damp,Daylight,Other
5602,18:00:00,Friday,Male, Church areas,Stationwagen,other,No junction,Asphalt roads,Dry,Darkness - lights lit,Normal
5603,18:00:00,Friday,Male, Industrial areas,Lorry (41?100Q),Undivided Two way,No junction,Asphalt roads,Dry,Darkness - lights lit,Normal
5604,9:40:00,Monday,Male,Other,Automobile,Undivided Two way,No junction,Asphalt roads,Dry,Daylight,Other
5605,9:40:00,Monday,Male,Other,Automobile,Two-way (divided with broken lines road marking),No junction,Asphalt roads,Dry,Daylight,Other
5606,16:48:00,Wednesday,Female,Office areas,Pick up upto 10Q,Undivided Two way,No junction,Earth roads,Dry,Daylight,Normal
5607,16:48:00,Wednesday,Male,Other,Taxi,One way,No junction,Asphalt roads,Dry,Daylight,Normal
5609,16:30:00,Thursday,Male,Other,Automobile,Two-way (divided with broken lines road marking),No junction,Asphalt roads,Dry,Daylight,Normal
5611,17:40:00,Friday,Male,Residential areas,Long lorry,Undivided Two way,No junction,Other,Dry,Darkness - lights lit,Normal
5612,17:20:00,Monday,Male,Office areas,Public (12 seats),Two-way (divided with broken lines road marking),Y Shape,Gravel roads,Wet or damp,Darkness - lights lit,Raining
5613,9:17:00,Tuesday,Male,Other,Pick up upto 10Q,Two-way (divided with broken lines road marking),No junction,Gravel roads,Dry,Daylight,Normal
5615,3:59:00,Monday,Male,Office areas,Other,other,Y Shape,Asphalt roads,Wet or damp,Darkness - lights lit,Raining
5616,16:00:00,Tuesday,Male,Other,Lorry (41?100Q),One way,No junction,Earth roads,Dry,Daylight,Normal
5617,16:00:00,Tuesday,Male,Residential areas,Automobile,Undivided Two way,No junction,Asphalt roads,Dry,Daylight,Normal
5618,15:19:00,Sunday,Male,  Recreational areas,Pick up upto 10Q,One way,No junction,Asphalt roads,Dry,Daylight,Normal
5619,15:19:00,Sunday,Male, Church areas,Lorry (41?100Q),Undivided Two way,No junction,Asphalt roads,Dry,Daylight,Normal
5620,8:00:00,Monday,Male,Other,Lorry (41?100Q),One way,No junction,Asphalt roads,Wet or damp,Daylight,Other
5621,8:00:00,Monday,Male,Other,Long lorry,Undivided Two way,No junction,Earth roads,Wet or damp,Daylight,Other
5622,13:24:00,Monday,Male,Other,Public (> 45 seats),Two-way (divided with broken lines road marking),Y Shape,Asphalt roads,Wet or damp,Daylight,Normal
5623,13:24:00,Monday,Male,Residential areas,Public (> 45 seats),other,Y Shape,Asphalt roads,Wet or damp,Daylight,Normal
5624,17:06:00,Thursday,Male,School areas,Automobile,other,No junction,Asphalt roads,Wet or damp,Darkness - lights lit,Raining
5625,19:55:00,Wednesday,Male, Church areas,Automobile,Two-way (divided with broken lines road marking),No junction,Asphalt roads,Wet or damp,Darkness - lights lit,Unknown
5626,19:55:00,Wednesday,Female,Other,Automobile,other,No junction,Asphalt roads,Wet or damp,Darkness - lights lit,Unknown
5627,17:30:00,Friday,Male,Other,Other,Two-way (divided with broken lines road marking),Y Shape,Asphalt roads,Dry,Darkness - lights lit,Unknown
5628,17:30:00,Friday,Male,Office areas,Public (12 seats),Undivided Two way,Y Shape,Asphalt roads,Dry,Darkness - lights lit,Unknown
5629,8:42:00,Wednesday,Male,Office areas,Automobile,Two-way (divided with broken lines road marking),Y Shape,Asphalt roads,Wet or damp,Daylight,Normal
5630,8:42:00,Wednesday,Male,Other,Stationwagen,Undivided Two way,Y Shape,Asphalt roads,Wet or damp,Daylight,Normal
5631,0:29:00,Saturday,Female, Hospital areas,Automobile,Undivided Two way,No junction,Asphalt roads,Dry,Darkness - lights lit,Normal