,time,Day_of_week,Sex_of_driver,Area_accident,Type_of_vehicle,Lanes_or_Medians,Types_of_Junction,Road_surface_type,Road_surface_conditions,Light_conditions,Weather_conditions
6553,10:30:00,Wednesday,Male,School areas,Pick up upto 10Q,Double carriageway (median),Y Shape,Asphalt roads with some distress,Dry,Daylight,Normal
6554,10:30:00,Wednesday,Male,Other,Pick up upto 10Q,other,Y Shape,Asphalt roads,Dry,Daylight,Normal
6555,18:43:00,Saturday,Male, Industrial areas,Lorry (41?100Q),Undivided Two way,Y Shape,Asphalt roads,Dry,Daylight,Normal
6556,18:43:00,Saturday,Male, Church areas,Automobile,Two-way (divided with broken lines road marking),Y Shape,Asphalt roads,Dry,Daylight,Normal
6557,16:17:00,Tuesday,Male,Office areas,Stationwagen,Two-way (divided with broken lines road marking),No junction,Asphalt roads,Wet or damp,Daylight,Raining
6558,11:10:00,Sunday,Male,Other,Motorcycle,Two-way (divided with broken lines road marking),No junction,Asphalt roads,Dry,Daylight,Normal
6560,11:10:00,Sunday,Male,Office areas,Other,Double carriageway (median),No junction,Asphalt roads,Dry,Daylight,Normal
6561,15:20:00,Sunday,Male,Office areas,Automobile,Double carriageway (median),Y Shape,Asphalt roads,Dry,Daylight,Normal
6562,15:20:00,Sunday,Male,Residential areas,Automobile,Double carriageway (median),Y Shape,Asphalt roads,Dry,Daylight,Normal
6564,9:15:00,Tuesday,Male,Other,Public (> 45 seats),Undivided Two way,No junction,Asphalt roads,Dry,Daylight,Normal
6565,8:45:00,Thursday,Male, Industrial areas,Automobile,One way,Y Shape,Asphalt roads,Dry,Daylight,Normal
6566,8:45:00,Thursday,Male,Other,Other,One way,Y Shape,Asphalt roads,Dry,Daylight,Normal
6567,8:45:00,Thursday,Male,Office areas,Automobile,Double carriageway (median),Y Shape,Asphalt roads,Dry,Daylight,Normal
6568,17:00:00,Monday,Male,Office areas,Other,Two-way (divided with broken lines road marking),No junction,Asphalt roads,Dry,Daylight,Normal
6571,17:19:00,Thursday,Male,Office areas,Public (13?45 seats),Double carriageway (median),No junction,Asphalt roads,Dry,Daylight,Normal
6572,17:19:00,Thursday,Female,Office areas,Automobile,Two-way (divided with broken lines road marking),No junction,Asphalt roads,Dry,Daylight,Normal
6573,17:19:00,Thursday,Male,Office areas,Pick up upto 10Q,Undivided Two way,No junction,Gravel roads,Dry,Daylight,Normal
6574,17:19:00,Thursday,Male,Other,Automobile,Undivided Two way,No junction,Asphalt roads,Dry,Daylight,Normal
6575,17:19:00,Thursday,Male,Other,Lorry (41?100Q),Undivided Two way,No junction,Asphalt roads,Dry,Daylight,Normal
6576,17:19:00,Thursday,Male,  Recreational areas,Automobile,Undivided Two way,No junction,Asphalt roads,Dry,Daylight,Normal
6577,10:30:00,Monday,Male, Church areas,Lorry (41?100Q),Undivided Two way,Other,Asphalt roads,Dry,Daylight,Normal
6578,10:30:00,Monday,Male,  Recreational areas,Lorry (41?100Q),other,Other,Asphalt roads,Dry,Daylight,Normal
6579,9:53:00,Monday,Male,School areas,Lorry (41?100Q),other,Y Shape,Asphalt roads,Dry,Daylight,Normal
6580,9:53:00,Monday,Male, Church areas,Public (13?45 seats),Double carriageway (median),Y Shape,Asphalt roads,Dry,Daylight,Normal
6582,17:10:00,Thursday,Male,Residential areas,Other,One way,Other,Asphalt roads,Dry,Daylight,Normal
6583,14:06:00,Wednesday,Male,Other,Other,One way,Y Shape,Asphalt roads,Dry,Daylight,Normal
6584,14:06:00,Wednesday,Male,Other,Other,Undivided Two way,Y Shape,Asphalt roads,Dry,Daylight,Normal
6585,21:09:00,Saturday,Male, Industrial areas,Automobile,One way,Y Shape,Asphalt roads,Dry,Daylight,Normal
6586,19:21:00,Saturday,Male, Church areas,Other,other,Crossing,Asphalt roads,Dry,Daylight,Normal
6587,19:21:00,Saturday,Male,Office areas,Lorry (41?100Q),other,Crossing,Asphalt roads,Dry,Daylight,Normal
6588,19:21:00,Saturday,Male,Office areas,Public (12 seats),Undivided Two way,Crossing,Gravel roads,Dry,Daylight,Normal
6589,19:52:00,Wednesday,Male,Office areas,Lorry (41?100Q),Double carriageway (median),No junction,Asphalt roads,Dry,Daylight,Normal
6590,19:52:00,Wednesday,Male,Other,Public (12 seats),Two-way (divided with broken lines road marking),No junction,Asphalt roads,Dry,Daylight,Normal
6591,3:19:00,Saturday,Male,Office areas,Lorry (41?100Q),Undivided Two way,No junction,Asphalt roads,Wet or damp,Darkness - lights lit,Normal
6592,3:19:00,Saturday,Male,Other,Other,Double carriageway (median),No junction,Asphalt roads,Wet or damp,Darkness - lights lit,Normal
6593,13:05:00,Thursday,Female, Industrial areas,Lorry (41?100Q),Two-way (divided with broken lines road marking),Y Shape,Earth roads,Dry,Daylight,Unknown
6595,7:10:00,Tuesday,Male,Other,Public (> 45 seats),Two-way (divided with broken lines road marking),Crossing,Asphalt roads,Dry,Daylight,Normal
6597,11:45:00,Sunday,Male,Other,Other,One way,No junction,Gravel roads,Dry,Daylight,Normal
6598,11:45:00,Sunday,Male,Other,Other,Undivided Two way,No junction,Asphalt roads,Dry,Daylight,Normal
6600,11:45:00,Sunday,Male,Residential areas,Lorry (41?100Q),other,No junction,Asphalt roads,Dry,Daylight,Normal
6601,22:10:00,Monday,Male,Office areas,Pick up upto 10Q,Two-way (divided with broken lines road marking),Y Shape,Earth roads,Dry,Darkness - lights lit,Normal
6602,22:10:00,Monday,Male,Office areas,Automobile,Two-way (divided with broken lines road marking),Y Shape,Asphalt roads,Dry,Darkness - lights lit,Normal
6604,23:44:00,Monday,Male,Other,Other,One way,Y Shape,Asphalt roads,Dry,Darkness - lights lit,Normal
6605,8:05:00,Tuesday,Male,Office areas,Automobile,Two-way (divided with broken lines road marking),Y Shape,Asphalt roads,Dry,Daylight,Normal
6606,8:05:00,Tuesday,Male,Office areas,Stationwagen,Undivided Two way,Y Shape,Asphalt roads,Dry,Daylight,Normal
6607,8:05:00,Tuesday,Male,Other,Other,Two-way (divided with broken lines road marking),Y Shape,Earth roads,Dry,Daylight,Normal
6609,17:31:00,Thursday,Male,Residential areas,Ridden horse,Two-way (divided with broken lines road marking),Y Shape,Asphalt roads,Dry,Daylight,Normal
6611,8:39:00,Thursday,Male,Office areas,Other,Undivided Two way,No junction,Asphalt roads,Dry,Daylight,Normal
6612,8:39:00,Thursday,Male,Office areas,Lorry (41?100Q),Undivided Two way,No junction,Asphalt roads,Dry,Daylight,Normal
6613,11:14:00,Friday,Male,Other,Lorry (41?100Q),Undivided Two way,Crossing,Asphalt roads,Dry,Daylight,Normal
6615,12:58:00,Friday,Male,Other,Stationwagen,Undivided Two way,Other,Asphalt roads,Dry,Daylight,Normal
6617,2:05:00,Sunday,Male,Office areas,Automobile,Two-way (divided with broken lines road marking),Y Shape,Asphalt roads,Dry,Darkness - lights lit,Normal
6618,2:05:00,Sunday,Male,Other,Automobile,Two-way (divided with broken lines road marking),Y Shape,Asphalt roads,Dry,Darkness - lights lit,Normal
6619,16:00:00,Thursday,Male, Church areas,Pick up upto 10Q,other,No junction,Earth roads,Dry,Daylight,Normal
6620,15:15:00,Monday,Male, Industrial areas,Taxi,Undivided Two way,No junction,Asphalt roads,Dry,Daylight,Normal
6622,17:34:00,Saturday,Male,Other,Automobile,Two-way (divided with broken lines road marking),Y Shape,Asphalt roads,Dry,Daylight,Normal
6624,18:40:00,Saturday,Male,Other,Long lorry,One way,No junction,Other,Dry,Daylight,Normal
6625,14:26:00,Wednesday,Male,  Recreational areas,Public (12 seats),Undivided Two way,Crossing,Gravel roads,Dry,Daylight,Normal
6626,14:26:00,Wednesday,Male,Other,Pick up upto 10Q,Two-way (divided with broken lines road marking),Crossing,Gravel roads,Dry,Daylight,Normal
6628,14:05:00,Thursday,Male,Residential areas,Other,Undivided Two way,Y Shape,Asphalt roads,Dry,Daylight,Other
6629,17:23:00,Thursday,Female,Office areas,Lorry (41?100Q),Two-way (divided with broken lines road marking),Y Shape,Earth roads,Dry,Daylight,Normal
6630,17:23:00,Thursday,Male,Other,Automobile,Two-way (divided with broken lines road marking),Y Shape,Asphalt roads,Dry,Daylight,Normal
6631,12:05:00,Tuesday,Male,Office areas,Pick up upto 10Q,Undivided Two way,Y Shape,Asphalt roads,Dry,Daylight,Normal
6632,12:05:00,Tuesday,Male,Office areas,Lorry (41?100Q),other,Y Shape,Asphalt roads,Dry,Daylight,Normal
6633,15:40:00,Friday,Male,Other,Lorry (41?100Q),One way,Y Shape,Asphalt roads,Dry,Daylight,Normal
6634,15:40:00,Friday,Male,Residential areas,Long lorry,Undivided Two way,Y Shape,Earth roads,Dry,Daylight,Normal
6635,22:40:00,Tuesday,Male,  Recreational areas,Public (> 45 seats),One way,No junction,Asphalt roads,Dry,Darkness - lights lit,Normal
6636,22:40:00,Tuesday,Female, Church areas,Public (> 45 seats),Undivided Two way,No junction,Asphalt roads,Dry,Darkness - lights lit,Normal
6637,22:40:00,Tuesday,Male,Other,Automobile,One way,No junction,Asphalt roads,Dry,Darkness - lights lit,Normal
6638,22:40:00,Tuesday,Male,Other,Automobile,Undivided Two way,No junction,Asphalt roads,Dry,Darkness - lights lit,Normal
6639,22:40:00,Tuesday,Male,Other,Automobile,Two-way (divided with broken lines road marking),No junction,Asphalt roads,Dry,Darkness - lights lit,Normal
6640,22:40:00,Tuesday,Male,Residential areas,Other,other,No junction,Asphalt roads,Dry,Darkness - lights lit,Normal
6641,22:40:00,Tuesday,Female,School areas,Public (12 seats),other,No junction,Asphalt roads,Dry,Darkness - lights lit,Normal
6642,18:35:00,Monday,Male, Church areas,Automobile,Two-way (divided with broken lines road marking),Other,Asphalt roads,Dry,Daylight,Normal
6643,18:35:00,Monday,Male,Other,Stationwagen,other,Other,Asphalt roads,Dry,Daylight,Normal
6644,16:00:00,Tuesday,Male,Other,Automobile,Two-way (divided with broken lines road marking),No junction,Asphalt roads,Dry,Daylight,Normal
6645,16:00:00,Tuesday,Male,Office areas,Automobile,Undivided Two way,No junction,Earth roads,Dry,Daylight,Normal
6646,16:00:00,Tuesday,Male,Office areas,Automobile,Two-way (divided with broken lines road marking),No junction,Asphalt roads,Dry,Daylight,Normal
6649,8:15:00,Monday,Male,Other,Pick up upto 10Q,Undivided Two way,No junction,Asphalt roads,Dry,Daylight,Normal
6650,8:15:00,Monday,Male,Other,Turbo,Two-way (divided with broken lines road marking),No junction,Earth roads,Dry,Daylight,Normal
6651,12:30:00,Thursday,Male,Other,Pick up upto 10Q,Undivided Two way,No junction,Asphalt roads,Dry,Daylight,Normal
6652,12:30:00,Thursday,Male,Other,Other,Double carriageway (median),No junction,Asphalt roads,Dry,Daylight,Normal
6653,17:35:00,Friday,Male,Other,Stationwagen,Two-way (divided with broken lines road marking),No junction,Asphalt roads,Dry,Daylight,Normal
6654,17:35:00,Friday,Male, Hospital areas,Pick up upto 10Q,Two-way (divided with broken lines road marking),No junction,Asphalt roads,Dry,Daylight,Normal
6655,15:00:00,Saturday,Male,Other,Lorry (41?100Q),Two-way (divided with broken lines road marking),Y Shape,Asphalt roads,Dry,Daylight,Normal
6656,15:00:00,Saturday,Male,Other,Lorry (41?100Q),One way,Y Shape,Asphalt roads,Dry,Daylight,Normal
6657,15:00:00,Saturday,Male,Other,Automobile,Two-way (divided with broken lines road marking),Y Shape,Asphalt roads,Dry,Daylight,Normal
6658,18:15:00,Friday,Male,Office areas,Automobile,Two-way (divided with broken lines road marking),Unknown,Asphalt roads,Dry,Daylight,Normal
6659,12:59:00,Tuesday,Male,Residential areas,Pick up upto 10Q,Two-way (divided with broken lines road marking),Other,Other,Dry,Daylight,Normal
6660,12:59:00,Tuesday,Male,Other,Pick up upto 10Q,Two-way (divided with broken lines road marking),Other,Asphalt roads,Dry,Daylight,Normal
6661,12:59:00,Tuesday,Male,Residential areas,Lorry (41?100Q),Two-way (divided with broken lines road marking),Other,Asphalt roads,Dry,Daylight,Normal
6662,12:59:00,Tuesday,Male,Other,Public (12 seats),Undivided Two way,Other,Asphalt roads,Dry,Daylight,Normal
6663,12:59:00,Tuesday,Male,Residential areas,Other,Double carriageway (median),Other,Asphalt roads,Dry,Daylight,Normal
6664,16:15:00,Wednesday,Male,Office areas,Stationwagen,Two-way (divided with broken lines road marking),No junction,Asphalt roads,Dry,Daylight,Normal
6665,16:15:00,Wednesday,Male,Office areas,Automobile,Two-way (divided with broken lines road marking),No junction,Asphalt roads,Dry,Daylight,Normal
6666,22:35:00,Saturday,Male,Office areas,Automobile,Double carriageway (median),Y Shape,Asphalt roads,Dry,Darkness - lights lit,Normal
6667,22:35:00,Saturday,Male,  Recreational areas,Lorry (41?100Q),Two-way (divided with broken lines road marking),Y Shape,Earth roads,Dry,Darkness - lights lit,Normal
6668,7:00:00,Friday,Male,Other,Stationwagen,Two-way (divided with broken lines road marking),Y Shape,Asphalt roads,Dry,Daylight,Normal
6669,7:00:00,Friday,Male,Other,Lorry (41?100Q),other,Y Shape,Asphalt roads,Dry,Daylight,Normal
6670,15:20:00,Tuesday,Male,Other,Public (> 45 seats),Two-way (divided with broken lines road marking),Crossing,Asphalt roads,Dry,Daylight,Normal
6671,15:20:00,Tuesday,Male,Other,Automobile,Double carriageway (median),Crossing,Asphalt roads,Dry,Daylight,Normal
6672,13:03:00,Thursday,Male,Other,Automobile,Undivided Two way,No junction,Asphalt roads,Dry,Daylight,Normal
6673,13:03:00,Thursday,Male,Office areas,Automobile,Two-way (divided with broken lines road marking),No junction,Asphalt roads,Dry,Daylight,Normal
6675,21:43:00,Sunday,Male,Office areas,Lorry (41?100Q),One way,Y Shape,Asphalt roads,Dry,Darkness - lights lit,Normal
6676,21:43:00,Sunday,Male,Residential areas,Lorry (41?100Q),Double carriageway (median),Y Shape,Asphalt roads,Dry,Darkness - lights lit,Normal
6677,15:10:00,Saturday,Male,  Recreational areas,Automobile,Two-way (divided with broken lines road marking),Y Shape,Asphalt roads,Dry,Daylight,Normal
6678,15:10:00,Saturday,Male, Church areas,Stationwagen,Double carriageway (median),Y Shape,Asphalt roads,Dry,Daylight,Normal
6679,8:46:00,Friday,Male,Office areas,Public (12 seats),Undivided Two way,No junction,Asphalt roads,Dry,Daylight,Normal
6680,8:46:00,Friday,Male,Other,Public (12 seats),Two-way (divided with broken lines road marking),No junction,Asphalt roads,Dry,Daylight,Normal
6681,10:29:00,Friday,Male,Residential areas,Automobile,other,Y Shape,Asphalt roads,Dry,Daylight,Normal
6682,10:29:00,Friday,Male,School areas,Public (12 seats),other,Y Shape,Asphalt roads,Dry,Daylight,Normal
6683,20:20:00,Thursday,Male,Office areas,Public (12 seats),Two-way (divided with broken lines road marking),Other,Earth roads,Dry,Daylight,Normal
6684,20:20:00,Thursday,Male,Other,Lorry (41?100Q),other,Other,Asphalt roads,Dry,Daylight,Normal
6686,16:10:00,Sunday,Male,Office areas,Lorry (41?100Q),Two-way (divided with broken lines road marking),No junction,Asphalt roads,Dry,Daylight,Normal
6688,16:10:00,Sunday,Male,Other,Automobile,Undivided Two way,No junction,Asphalt roads,Dry,Daylight,Normal
6689,16:10:00,Sunday,Male,Office areas,Stationwagen,Two-way (divided with broken lines road marking),No junction,Asphalt roads,Dry,Daylight,Normal
6692,16:30:00,Tuesday,Male,Other,Automobile,Undivided Two way,Y Shape,Asphalt roads,Dry,Daylight,Normal
6693,20:35:00,Tuesday,Male,Other,Stationwagen,Two-way (divided with broken lines road marking),No junction,Asphalt roads,Wet or damp,Daylight,Raining
6694,11:37:00,Monday,Male,Office areas,Automobile,Two-way (divided with broken lines road marking),T Shape,Asphalt roads,Wet or damp,Daylight,Raining
6696,8:52:00,Wednesday,Male,Office areas,Other,other,No junction,Asphalt roads,Wet or damp,Daylight,Other
6697,8:52:00,Wednesday,Male,Residential areas,Automobile,other,No junction,Asphalt roads,Wet or damp,Daylight,Other
6698,16:50:00,Thursday,Male,  Recreational areas,Lorry (41?100Q),Two-way (divided with broken lines road marking),T Shape,Asphalt roads,Dry,Daylight,Normal
6699,16:50:00,Thursday,Male,Other,Lorry (41?100Q),other,T Shape,Asphalt roads,Dry,Daylight,Normal
6700,20:30:00,Saturday,Male, Church areas,Lorry (41?100Q),Undivided Two way,No junction,Asphalt roads,Dry,Daylight,Normal
6701,20:30:00,Saturday,Male,Other,Automobile,One way,No junction,Asphalt roads,Dry,Daylight,Normal
6702,20:30:00,Saturday,Male,Other,Automobile,Two-way (divided with broken lines road marking),No junction,Asphalt roads,Dry,Daylight,Normal
6703,20:30:00,Saturday,Male, Church areas,Public (13?45 seats),Undivided Two way,No junction,Asphalt roads,Dry,Daylight,Normal
6704,20:30:00,Saturday,Male,Office areas,Public (13?45 seats),Two-way (divided with broken lines road marking),No junction,Asphalt roads,Dry,Daylight,Normal
6705,9:35:00,Tuesday,Male,Office areas,Lorry (41?100Q),Double carriageway (median),No junction,Asphalt roads,Wet or damp,Daylight,Other
6706,9:35:00,Tuesday,Male, Church areas,Lorry (41?100Q),Two-way (divided with broken lines road marking),No junction,Asphalt roads,Wet or damp,Daylight,Other
6707,14:11:00,Wednesday,Male,Other,Public (12 seats),Undivided Two way,No junction,Asphalt roads,Dry,Daylight,Normal
6708,14:45:00,Thursday,Male,Other,Other,Undivided Two way,Y Shape,Asphalt roads,Dry,Daylight,Normal
6709,14:45:00,Thursday,Male, Church areas,Lorry (41?100Q),Undivided Two way,Y Shape,Asphalt roads,Dry,Daylight,Normal
6710,14:45:00,Thursday,Male, Industrial areas,Automobile,Two-way (divided with broken lines road marking),Y Shape,Asphalt roads,Dry,Daylight,Normal
6711,1:50:00,Sunday,Female,Office areas,Other,Undivided Two way,No junction,Asphalt roads,Dry,Darkness - lights lit,Normal
6712,22:45:00,Saturday,Male,School areas,Motorcycle,Undivided Two way,No junction,Asphalt roads,Dry,Darkness - lights lit,Normal
6713,22:45:00,Saturday,Male,Other,Automobile,Undivided Two way,No junction,Other,Dry,Darkness - lights lit,Normal
6714,22:45:00,Saturday,Male, Church areas,Automobile,One way,No junction,Asphalt roads,Dry,Darkness - lights lit,Normal
6715,22:45:00,Saturday,Male,Office areas,Lorry (41?100Q),Undivided Two way,No junction,Asphalt roads,Dry,Darkness - lights lit,Normal
6716,21:10:00,Friday,Male,Other,Automobile,other,No junction,Asphalt roads,Dry,Darkness - lights lit,Normal
6717,21:10:00,Friday,Female,Other,Public (> 45 seats),other,No junction,Asphalt roads,Dry,Darkness - lights lit,Normal
6718,21:10:00,Friday,Female,Other,Lorry (41?100Q),Two-way (divided with broken lines road marking),No junction,Asphalt roads,Dry,Darkness - lights lit,Normal
6719,21:10:00,Friday,Female,Other,Public (> 45 seats),One way,No junction,Asphalt roads,Dry,Darkness - lights lit,Normal
6720,9:51:00,Saturday,Male, Church areas,Lorry (41?100Q),Two-way (divided with broken lines road marking),No junction,Asphalt roads,Dry,Daylight,Normal
6721,9:51:00,Saturday,Male,Residential areas,Lorry (41?100Q),Two-way (divided with broken lines road marking),No junction,Asphalt roads,Dry,Daylight,Normal
6722,21:25:00,Thursday,Male,Office areas,Lorry (41?100Q),Two-way (divided with broken lines road marking),No junction,Asphalt roads,Dry,Darkness - lights lit,Other
6723,21:25:00,Thursday,Male,Other,Public (12 seats),Two-way (divided with broken lines road marking),No junction,Asphalt roads,Dry,Darkness - lights lit,Other
6724,16:48:00,Sunday,Male,Office areas,Public (12 seats),Two-way (divided with broken lines road marking),Crossing,Earth roads,Dry,Daylight,Normal
6725,16:48:00,Sunday,Male,Other,Stationwagen,Two-way (divided with broken lines road marking),Crossing,Asphalt roads,Dry,Daylight,Normal
6728,0:29:00,Wednesday,Male,Other,Pick up upto 10Q,Two-way (divided with broken lines road marking),No junction,Asphalt roads,Dry,Darkness - lights lit,Normal
6729,0:29:00,Wednesday,Male,Other,Automobile,Two-way (divided with broken lines road marking),No junction,Earth roads,Dry,Darkness - lights lit,Normal
6730,20:05:00,Monday,Male,School areas,Public (13?45 seats),Two-way (divided with broken lines road marking),Crossing,Asphalt roads,Dry,Daylight,Normal
6731,20:05:00,Monday,Male, Church areas,Public (> 45 seats),Double carriageway (median),Crossing,Asphalt roads,Dry,Daylight,Normal
6732,8:04:00,Monday,Male,School areas,Stationwagen,Undivided Two way,No junction,Earth roads,Wet or damp,Daylight,Raining
6734,20:04:00,Wednesday,Male,Office areas,Lorry (41?100Q),Two-way (divided with broken lines road marking),No junction,Asphalt roads,Dry,Daylight,Normal
6735,20:40:00,Saturday,Male,Office areas,Stationwagen,Undivided Two way,Other,Asphalt roads,Dry,Daylight,Normal
6736,20:40:00,Saturday,Male, Church areas,Lorry (41?100Q),Two-way (divided with broken lines road marking),Other,Asphalt roads,Dry,Daylight,Normal
6737,7:36:00,Thursday,Male,Residential areas,Public (12 seats),Undivided Two way,No junction,Asphalt roads,Dry,Daylight,Normal
6738,7:36:00,Thursday,Male,Office areas,Lorry (41?100Q),other,No junction,Asphalt roads,Dry,Daylight,Normal
6739,11:50:00,Friday,Male,Residential areas,Other,One way,No junction,Asphalt roads,Dry,Daylight,Normal
6740,11:50:00,Friday,Male,Other,Stationwagen,Two-way (divided with broken lines road marking),No junction,Asphalt roads,Dry,Daylight,Normal
6741,17:35:00,Friday,Male,Other,Automobile,Two-way (divided with broken lines road marking),Y Shape,Asphalt roads,Dry,Daylight,Normal
6742,17:35:00,Friday,Male,Residential areas,Public (> 45 seats),Two-way (divided with broken lines road marking),Y Shape,Asphalt roads,Dry,Daylight,Normal
6743,17:35:00,Friday,Female, Industrial areas,Other,Undivided Two way,Y Shape,Asphalt roads,Dry,Daylight,Normal
6744,17:24:00,Tuesday,Male,Other,Lorry (41?100Q),Undivided Two way,Y Shape,Asphalt roads,Dry,Daylight,Normal
6745,22:30:00,Sunday,Male,Office areas,Automobile,Undivided Two way,No junction,Asphalt roads with some distress,Wet or damp,Darkness - lights lit,Raining
6746,22:30:00,Sunday,Male,Other,Public (> 45 seats),Two-way (divided with broken lines road marking),No junction,Asphalt roads,Wet or damp,Darkness - lights lit,Raining
6748,9:34:00,Wednesday,Male,Other,Automobile,Two-way (divided with broken lines road marking),No junction,Asphalt roads,Dry,Daylight,Normal
6749,9:34:00,Wednesday,Male,Other,Pick up upto 10Q,Double carriageway (median),No junction,Asphalt roads,Dry,Daylight,Normal
6750,9:34:00,Wednesday,Male,Office areas,Public (12 seats),Undivided Two way,No junction,Asphalt roads,Dry,Daylight,Normal
6751,21:40:00,Saturday,Male,Other,Lorry (41?100Q),Two-way (divided with broken lines road marking),Y Shape,Asphalt roads,Dry,Darkness - lights lit,Normal
6753,16:10:00,Friday,Male,Other,Lorry (41?100Q),Two-way (divided with broken lines road marking),Other,Asphalt roads,Dry,Daylight,Normal
6754,16:45:00,Wednesday,Male,Other,Public (13?45 seats),other,Y Shape,Asphalt roads,Dry,Daylight,Normal
6755,16:45:00,Wednesday,Male,Office areas,Lorry (41?100Q),Undivided Two way,Y Shape,Asphalt roads,Dry,Daylight,Normal
6756,17:20:00,Saturday,Male,Office areas,Lorry (41?100Q),One way,No junction,Asphalt roads,Wet or damp,Daylight,Raining
6757,17:20:00,Saturday,Male, Church areas,Motorcycle,other,No junction,Asphalt roads,Wet or damp,Daylight,Raining
6758,17:20:00,Saturday,Male,Office areas,Lorry (41?100Q),Double carriageway (median),No junction,Asphalt roads,Wet or damp,Daylight,Raining
6759,17:20:00,Saturday,Male,Office areas,Ridden horse,other,No junction,Asphalt roads,Wet or damp,Daylight,Raining
6760,23:20:00,Sunday,Female,Office areas,Automobile,Two-way (divided with broken lines road marking),No junction,Asphalt roads,Dry,Darkness - lights lit,Normal
6761,23:20:00,Sunday,Male,Office areas,Lorry (41?100Q),One way,No junction,Asphalt roads,Dry,Darkness - lights lit,Normal
6762,15:48:00,Tuesday,Male,Residential areas,Pick up upto 10Q,Undivided Two way,No junction,Asphalt roads,Dry,Daylight,Normal
6763,15:48:00,Tuesday,Male,Residential areas,Public (> 45 seats),other,No junction,Asphalt roads,Dry,Daylight,Normal
6764,0:55:00,Sunday,Female,Residential areas,Stationwagen,Undivided Two way,No junction,Asphalt roads,Wet or damp,Darkness - lights lit,Raining
6765,0:55:00,Sunday,Male,Office areas,Automobile,Double carriageway (median),No junction,Gravel roads,Wet or damp,Darkness - lights lit,Raining
6766,15:50:00,Saturday,Male,Residential areas,Public (12 seats),Two-way (divided with broken lines road marking),Other,Asphalt roads,Dry,Daylight,Normal
6767,15:50:00,Saturday,Male,Other,Automobile,Two-way (divided with broken lines road marking),Other,Asphalt roads,Dry,Daylight,Normal
6768,19:10:00,Friday,Male,Other,Automobile,Two-way (divided with broken lines road marking),No junction,Asphalt roads,Wet or damp,Daylight,Other
6769,11:04:00,Sunday,Male,Other,Automobile,Two-way (divided with broken lines road marking),Crossing,Asphalt roads,Wet or damp,Daylight,Raining
6770,11:04:00,Sunday,Male,School areas,Lorry (41?100Q),Double carriageway (median),Crossing,Asphalt roads,Wet or damp,Daylight,Raining
6771,7:20:00,Monday,Male,School areas,Automobile,Double carriageway (median),No junction,Asphalt roads,Dry,Daylight,Normal
6772,7:20:00,Monday,Male,School areas,Automobile,Undivided Two way,No junction,Asphalt roads,Dry,Daylight,Normal
6773,13:57:00,Tuesday,Male,Residential areas,Public (12 seats),One way,Y Shape,Asphalt roads,Dry,Daylight,Normal
6774,13:57:00,Tuesday,Male,Other,Taxi,Undivided Two way,Y Shape,Asphalt roads,Dry,Daylight,Normal
6775,13:57:00,Tuesday,Male,Office areas,Automobile,Two-way (divided with broken lines road marking),Y Shape,Asphalt roads,Dry,Daylight,Normal
6776,18:14:00,Thursday,Male,Other,Public (12 seats),Two-way (divided with broken lines road marking),Unknown,Asphalt roads,Dry,Daylight,Normal
6777,18:14:00,Thursday,Male,School areas,Stationwagen,Undivided Two way,Unknown,Asphalt roads,Dry,Daylight,Normal
6778,12:20:00,Thursday,Female,Other,Stationwagen,Double carriageway (median),Unknown,Asphalt roads,Dry,Daylight,Normal
6779,14:20:00,Saturday,Male, Industrial areas,Automobile,Two-way (divided with broken lines road marking),No junction,Asphalt roads,Dry,Daylight,Normal
6780,14:20:00,Saturday,Male,Other,Lorry (41?100Q),Two-way (divided with broken lines road marking),No junction,Gravel roads,Dry,Daylight,Normal
6781,15:20:00,Monday,Male,Office areas,Automobile,Two-way (divided with broken lines road marking),No junction,Asphalt roads,Dry,Daylight,Normal
6782,15:20:00,Monday,Male,Other,Public (12 seats),Two-way (divided with broken lines road marking),No junction,Asphalt roads,Dry,Daylight,Normal
6783,6:05:00,Tuesday,Male,Other,Automobile,Two-way (divided with broken lines road marking),Y Shape,Asphalt roads,Dry,Daylight,Normal
6784,6:05:00,Tuesday,Female, Outside rural areas,Automobile,Undivided Two way,Y Shape,Asphalt roads,Dry,Daylight,Normal
6785,11:19:00,Friday,Male,Other,Lorry (41?100Q),other,No junction,Earth roads,Dry,Daylight,Normal
6786,15:50:00,Saturday,Male,Residential areas,Automobile,Two-way (divided with broken lines road marking),Y Shape,Asphalt roads,Dry,Daylight,Normal
6787,15:50:00,Saturday,Male,Office areas,Motorcycle,Two-way (divided with broken lines road marking),Y Shape,Asphalt roads,Dry,Daylight,Normal