,time,Day_of_week,Sex_of_driver,Area_accident,Type_of_vehicle,Lanes_or_Medians,Types_of_Junction,Road_surface_type,Road_surface_conditions,Light_conditions,Weather_conditions
6789,15:50:00,Saturday,Male, Hospital areas,Automobile,One way,Y Shape,Gravel roads,Dry,Daylight,Normal
6790,6:41:00,Thursday,Male, Industrial areas,Automobile,Two-way (divided with broken lines road marking),No junction,Asphalt roads,Dry,Daylight,Normal
6792,6:41:00,Thursday,Male,Office areas,Public (> 45 seats),Undivided Two way,No junction,Asphalt roads,Dry,Daylight,Normal
6794,2:17:00,Friday,Male,Residential areas,Automobile,Two-way (divided with broken lines road marking),No junction,Asphalt roads,Dry,Darkness - lights lit,Normal
6796,20:00:00,Saturday,Male,School areas,Other,Two-way (divided with broken lines road marking),Y Shape,Asphalt roads,Dry,Daylight,Normal
6797,20:03:00,Saturday,Male,Other,Stationwagen,Two-way (divided with broken lines road marking),No junction,Asphalt roads,Dry,Daylight,Normal
6798,20:03:00,Saturday,Male,  Market areas,Lorry (41?100Q),Undivided Two way,No junction,Asphalt roads,Dry,Daylight,Normal
6799,20:03:00,Saturday,Male,Office areas,Taxi,other,No junction,Earth roads,Dry,Daylight,Normal
6800,6:45:00,Friday,Male, Church areas,Other,Two-way (divided with broken lines road marking),Y Shape,Asphalt roads,Dry,Daylight,Normal
6801,6:45:00,Friday,Male, Church areas,Public (12 seats),Two-way (divided with broken lines road marking),Y Shape,Asphalt roads,Dry,Daylight,Normal
6802,6:45:00,Friday,Male,Residential areas,Automobile,Double carriageway (median),Y Shape,Asphalt roads,Dry,Daylight,Normal
6803,6:45:00,Friday,Male,Residential areas,Automobile,Two-way (divided with broken lines road marking),Y Shape,Asphalt roads,Dry,Daylight,Normal
6804,15:36:00,Saturday,Male,Residential areas,Public (13?45 seats),Double carriageway (median),T Shape,Asphalt roads,Dry,Daylight,Normal
6805,15:36:00,Saturday,Male,Residential areas,Lorry (41?100Q),Two-way (divided with broken lines road marking),T Shape,Asphalt roads,Dry,Daylight,Normal
6806,16:20:00,Friday,Male,Other,Lorry (41?100Q),Double carriageway (median),Y Shape,Asphalt roads,Dry,Daylight,Normal
6807,16:20:00,Friday,Male,Other,Lorry (11?40Q),Two-way (divided with broken lines road marking),Y Shape,Asphalt roads,Dry,Daylight,Normal
6808,12:03:00,Sunday,Male,Residential areas,Motorcycle,Two-way (divided with broken lines road marking),Crossing,Asphalt roads,Dry,Daylight,Normal
6809,12:03:00,Sunday,Male,Other,Lorry (41?100Q),other,Crossing,Asphalt roads,Dry,Daylight,Normal
6810,12:03:00,Sunday,Male, Church areas,Stationwagen,Undivided Two way,Crossing,Asphalt roads,Dry,Daylight,Normal
6811,7:40:00,Friday,Male,Other,Automobile,Undivided Two way,Other,Earth roads,Dry,Daylight,Normal
6812,7:40:00,Friday,Male,Office areas,Other,Undivided Two way,Other,Asphalt roads,Dry,Daylight,Normal
6813,4:57:00,Monday,Male,Office areas,Other,Two-way (divided with broken lines road marking),No junction,Asphalt roads,Dry,Daylight,Normal
6814,7:03:00,Monday,Male,Residential areas,Taxi,Undivided Two way,No junction,Asphalt roads,Dry,Daylight,Normal
6815,7:03:00,Monday,Male,Other,Automobile,Two-way (divided with broken lines road marking),No junction,Asphalt roads,Dry,Daylight,Normal
6816,17:28:00,Tuesday,Male, Industrial areas,Long lorry,Undivided Two way,Other,Other,Dry,Daylight,Normal
6817,17:28:00,Tuesday,Male,Office areas,Long lorry,Two-way (divided with broken lines road marking),Other,Gravel roads,Dry,Daylight,Normal
6818,13:00:00,Wednesday,Male,  Recreational areas,Lorry (41?100Q),Two-way (divided with broken lines road marking),No junction,Gravel roads,Dry,Daylight,Normal
6819,1:30:00,Monday,Male,Residential areas,Lorry (41?100Q),Two-way (divided with broken lines road marking),Y Shape,Asphalt roads,Dry,Darkness - lights lit,Normal
6820,1:30:00,Monday,Male,Residential areas,Lorry (11?40Q),Undivided Two way,Y Shape,Asphalt roads,Dry,Darkness - lights lit,Normal
6821,1:30:00,Monday,Male, Church areas,Automobile,Undivided Two way,Y Shape,Earth roads,Dry,Darkness - lights lit,Normal
6822,1:30:00,Monday,Male,Residential areas,Taxi,Undivided Two way,Y Shape,Asphalt roads,Dry,Darkness - lights lit,Normal
6824,1:30:00,Monday,Male,Other,Automobile,Undivided Two way,Y Shape,Asphalt roads,Dry,Darkness - lights lit,Normal
6825,19:45:00,Saturday,Male,Other,Automobile,Two-way (divided with solid lines road marking),No junction,Asphalt roads,Dry,Daylight,Normal
6826,19:45:00,Saturday,Male, Church areas,Automobile,Two-way (divided with solid lines road marking),No junction,Earth roads,Dry,Daylight,Normal
6827,16:12:00,Saturday,Male,Other,Automobile,Two-way (divided with solid lines road marking),Y Shape,Asphalt roads,Dry,Daylight,Normal
6828,16:12:00,Saturday,Male, Church areas,Public (> 45 seats),Two-way (divided with solid lines road marking),Y Shape,Asphalt roads,Dry,Daylight,Normal
6829,16:46:00,Wednesday,Male, Church areas,Lorry (11?40Q),Two-way (divided with broken lines road marking),O Shape,Asphalt roads,Dry,Daylight,Normal
6830,16:46:00,Wednesday,Male,Other,Lorry (41?100Q),Undivided Two way,O Shape,Asphalt roads,Dry,Daylight,Normal
6831,16:46:00,Wednesday,Male,Other,Lorry (41?100Q),Undivided Two way,O Shape,Asphalt roads,Dry,Daylight,Normal
6832,16:46:00,Wednesday,Male,School areas,Stationwagen,other,O Shape,Asphalt roads,Dry,Daylight,Normal
6833,17:15:00,Monday,Female,Residential areas,Other,Undivided Two way,Y Shape,Asphalt roads,Dry,Daylight,Unknown
6834,17:15:00,Monday,Male,Other,Automobile,Two-way (divided with broken lines road marking),Y Shape,Asphalt roads,Dry,Daylight,Unknown
6835,13:40:00,Sunday,Male,Office areas,Pick up upto 10Q,Undivided Two way,Crossing,Asphalt roads,Dry,Daylight,Normal
6836,13:40:00,Sunday,Male,Residential areas,Motorcycle,Undivided Two way,Crossing,Asphalt roads,Dry,Daylight,Normal
6837,18:10:00,Wednesday,Male,Other,Automobile,One way,Y Shape,Earth roads,Dry,Daylight,Unknown
6838,18:10:00,Wednesday,Male,Residential areas,Pick up upto 10Q,Two-way (divided with broken lines road marking),Y Shape,Asphalt roads,Dry,Daylight,Unknown
6839,2:20:00,Saturday,Male,Residential areas,Motorcycle,Undivided Two way,No junction,Asphalt roads,Wet or damp,Darkness - lights lit,Normal
6840,2:20:00,Saturday,Male,Residential areas,Stationwagen,Two-way (divided with broken lines road marking),No junction,Asphalt roads,Wet or damp,Darkness - lights lit,Normal
6841,13:50:00,Monday,Male,Other,Lorry (41?100Q),other,No junction,Asphalt roads,Dry,Daylight,Normal
6842,13:50:00,Monday,Male,Other,Taxi,Undivided Two way,No junction,Earth roads,Dry,Daylight,Normal
6843,0:17:00,Sunday,Male,Other,Automobile,One way,Y Shape,Asphalt roads,Dry,Darkness - lights lit,Normal
6844,0:17:00,Sunday,Male, Hospital areas,Long lorry,Undivided Two way,Y Shape,Asphalt roads,Dry,Darkness - lights lit,Normal
6845,0:17:00,Sunday,Male,Residential areas,Automobile,Undivided Two way,Y Shape,Asphalt roads,Dry,Darkness - lights lit,Normal
6846,17:30:00,Wednesday,Male,Residential areas,Public (12 seats),One way,Unknown,Asphalt roads,Dry,Daylight,Normal
6847,17:30:00,Wednesday,Male,Residential areas,Lorry (11?40Q),Undivided Two way,Unknown,Asphalt roads,Dry,Daylight,Normal
6848,18:03:00,Wednesday,Female,Other,Pick up upto 10Q,Two-way (divided with broken lines road marking),No junction,Asphalt roads,Dry,Daylight,Normal
6849,18:03:00,Wednesday,Male,Office areas,Lorry (41?100Q),Two-way (divided with broken lines road marking),No junction,Asphalt roads,Dry,Daylight,Normal
6850,18:03:00,Wednesday,Male,Other,Other,other,No junction,Asphalt roads,Dry,Daylight,Normal
6851,16:50:00,Thursday,Male,Office areas,Automobile,Double carriageway (median),No junction,Other,Dry,Daylight,Normal
6852,16:50:00,Thursday,Male,Residential areas,Long lorry,Two-way (divided with broken lines road marking),No junction,Asphalt roads,Dry,Daylight,Normal
6853,21:18:00,Monday,Male,Office areas,Lorry (11?40Q),Double carriageway (median),Y Shape,Asphalt roads,Dry,Darkness - lights lit,Normal
6854,18:10:00,Friday,Male,Office areas,Long lorry,Double carriageway (median),No junction,Asphalt roads,Wet or damp,Daylight,Raining
6855,10:20:00,Sunday,Male,Other,Automobile,Double carriageway (median),Y Shape,Asphalt roads,Dry,Daylight,Unknown
6856,10:20:00,Sunday,Male,Office areas,Taxi,Two-way (divided with broken lines road marking),Y Shape,Asphalt roads,Dry,Daylight,Unknown
6858,21:00:00,Friday,Male,Office areas,Long lorry,One way,Crossing,Asphalt roads,Dry,Darkness - lights lit,Normal
6859,21:00:00,Friday,Male,Other,Lorry (11?40Q),Undivided Two way,Crossing,Earth roads,Dry,Darkness - lights lit,Normal
6861,18:00:00,Saturday,Male,Residential areas,Long lorry,Two-way (divided with broken lines road marking),No junction,Asphalt roads,Dry,Daylight,Normal
6862,18:00:00,Saturday,Male, Church areas,Turbo,Two-way (divided with broken lines road marking),No junction,Asphalt roads,Dry,Daylight,Normal
6863,17:00:00,Thursday,Male,Other,Long lorry,Two-way (divided with broken lines road marking),Y Shape,Asphalt roads,Dry,Daylight,Normal
6864,17:00:00,Thursday,Male,Residential areas,Long lorry,Two-way (divided with broken lines road marking),Y Shape,Asphalt roads,Dry,Daylight,Normal
6865,18:53:00,Tuesday,Female,Other,Public (13?45 seats),Undivided Two way,No junction,Asphalt roads,Dry,Daylight,Normal
6866,18:53:00,Tuesday,Male,Residential areas,Automobile,Undivided Two way,No junction,Asphalt roads,Dry,Daylight,Normal
6867,18:53:00,Tuesday,Male,Residential areas,Automobile,Two-way (divided with broken lines road marking),No junction,Asphalt roads,Dry,Daylight,Normal
6868,13:19:00,Saturday,Female,Other,Pick up upto 10Q,Two-way (divided with broken lines road marking),No junction,Asphalt roads,Dry,Daylight,Normal
6870,10:10:00,Saturday,Male,Other,Stationwagen,Undivided Two way,Crossing,Asphalt roads,Dry,Daylight,Normal
6872,21:55:00,Sunday,Male,Residential areas,Automobile,Two-way (divided with broken lines road marking),Crossing,Asphalt roads,Dry,Darkness - lights lit,Normal
6873,21:55:00,Sunday,Male,  Recreational areas,Automobile,Undivided Two way,Crossing,Asphalt roads,Dry,Darkness - lights lit,Normal
6874,21:37:00,Monday,Male,Other,Long lorry,other,Y Shape,Asphalt roads,Dry,Darkness - lights lit,Normal
6875,21:37:00,Monday,Male,Office areas,Public (13?45 seats),Undivided Two way,Y Shape,Earth roads,Dry,Darkness - lights lit,Normal
6876,8:20:00,Wednesday,Male,Other,Public (13?45 seats),Undivided Two way,Crossing,Asphalt roads,Dry,Daylight,Normal
6878,16:49:00,Wednesday,Male,Office areas,Lorry (11?40Q),One way,Crossing,Asphalt roads,Wet or damp,Daylight,Raining
6879,16:49:00,Wednesday,Male,Office areas,Pick up upto 10Q,Undivided Two way,Crossing,Asphalt roads,Wet or damp,Daylight,Raining
6880,13:01:00,Thursday,Male,Other,Automobile,Undivided Two way,Y Shape,Asphalt roads,Dry,Daylight,Normal
6881,13:01:00,Thursday,Male,Other,Automobile,Double carriageway (median),Y Shape,Asphalt roads,Dry,Daylight,Normal
6882,13:10:00,Tuesday,Male,Office areas,Automobile,Two-way (divided with solid lines road marking),Y Shape,Asphalt roads,Dry,Daylight,Normal
6883,13:10:00,Tuesday,Male,Residential areas,Long lorry,other,Y Shape,Asphalt roads,Dry,Daylight,Normal
6884,15:43:00,Monday,Male,  Recreational areas,Long lorry,Undivided Two way,No junction,Asphalt roads,Dry,Daylight,Normal
6885,15:43:00,Monday,Male,Other,Automobile,other,No junction,Asphalt roads,Dry,Daylight,Normal
6886,15:43:00,Monday,Male,Residential areas,Stationwagen,other,No junction,Asphalt roads,Dry,Daylight,Normal
6888,15:32:00,Friday,Male,Other,Other,other,No junction,Asphalt roads,Wet or damp,Daylight,Other
6889,20:11:00,Friday,Male,Other,Special vehicle,One way,Y Shape,Asphalt roads,Dry,Daylight,Normal
6890,20:11:00,Friday,Male,Other,Lorry (41?100Q),Two-way (divided with broken lines road marking),Y Shape,Asphalt roads,Dry,Daylight,Normal
6891,10:30:00,Monday,Female,Other,Pick up upto 10Q,other,Y Shape,Asphalt roads,Dry,Daylight,Normal
6892,10:30:00,Monday,Male,School areas,Lorry (11?40Q),Undivided Two way,Y Shape,Asphalt roads,Dry,Daylight,Normal
6893,17:46:00,Friday,Male,Office areas,Lorry (41?100Q),Two-way (divided with broken lines road marking),Crossing,Asphalt roads,Wet or damp,Daylight,Raining
6894,17:46:00,Friday,Male,Office areas,Motorcycle,Two-way (divided with broken lines road marking),Crossing,Asphalt roads,Wet or damp,Daylight,Raining
6895,17:46:00,Friday,Male,Office areas,Automobile,Two-way (divided with broken lines road marking),Crossing,Asphalt roads,Wet or damp,Daylight,Raining
6897,7:28:00,Wednesday,Male,School areas,Automobile,Undivided Two way,Y Shape,Asphalt roads,Dry,Daylight,Normal
6898,18:15:00,Friday,Male,Office areas,Stationwagen,Two-way (divided with broken lines road marking),Y Shape,Asphalt roads,Dry,Daylight,Normal
6900,22:34:00,Wednesday,Male,School areas,Public (> 45 seats),Two-way (divided with broken lines road marking),T Shape,Asphalt roads,Wet or damp,Darkness - lights lit,Raining
6902,13:15:00,Monday,Male,Other,Stationwagen,Two-way (divided with broken lines road marking),Other,Asphalt roads,Dry,Daylight,Normal
6903,13:15:00,Monday,Male,Other,Automobile,Undivided Two way,Other,Asphalt roads,Dry,Daylight,Normal
6904,20:17:00,Monday,Male,Other,Bicycle,Two-way (divided with broken lines road marking),No junction,Asphalt roads,Wet or damp,Darkness - lights lit,Raining
6905,20:17:00,Monday,Male,Residential areas,Automobile,Undivided Two way,No junction,Other,Wet or damp,Darkness - lights lit,Raining
6906,20:17:00,Monday,Male,Other,Lorry (41?100Q),Undivided Two way,No junction,Asphalt roads,Wet or damp,Darkness - lights lit,Raining
6907,20:17:00,Monday,Female,Other,Automobile,Undivided Two way,No junction,Asphalt roads,Wet or damp,Darkness - lights lit,Raining
6908,21:15:00,Monday,Female, Industrial areas,Public (13?45 seats),Undivided Two way,No junction,Asphalt roads,Dry,Darkness - lights lit,Normal
6909,21:15:00,Monday,Male,  Recreational areas,Special vehicle,Undivided Two way,No junction,Asphalt roads,Dry,Darkness - lights lit,Normal
6910,16:00:00,Saturday,Male, Church areas,Automobile,Two-way (divided with broken lines road marking),No junction,Asphalt roads,Dry,Daylight,Normal
6911,16:00:00,Saturday,Male,Office areas,Public (13?45 seats),Two-way (divided with broken lines road marking),No junction,Asphalt roads,Dry,Daylight,Normal
6913,16:00:00,Saturday,Male,Office areas,Lorry (41?100Q),Undivided Two way,No junction,Other,Dry,Daylight,Normal
6914,18:30:00,Wednesday,Male,Office areas,Lorry (41?100Q),Two-way (divided with broken lines road marking),No junction,Asphalt roads,Dry,Daylight,Normal
6915,18:30:00,Wednesday,Male,Other,Public (12 seats),Two-way (divided with broken lines road marking),No junction,Asphalt roads,Dry,Daylight,Normal
6916,18:30:00,Wednesday,Male,Residential areas,Lorry (41?100Q),Undivided Two way,No junction,Asphalt roads,Dry,Daylight,Normal
6917,18:30:00,Wednesday,Male,Office areas,Lorry (41?100Q),other,No junction,Asphalt roads,Dry,Daylight,Normal
6918,18:30:00,Wednesday,Male,Residential areas,Public (12 seats),other,No junction,Asphalt roads,Dry,Daylight,Normal
6919,16:54:00,Wednesday,Male,School areas,Public (> 45 seats),Two-way (divided with broken lines road marking),Other,Asphalt roads,Dry,Daylight,Normal
6920,16:54:00,Wednesday,Male,Office areas,Automobile,Two-way (divided with broken lines road marking),Other,Asphalt roads,Dry,Daylight,Normal
6921,18:56:00,Thursday,Male,Other,Pick up upto 10Q,other,No junction,Asphalt roads,Dry,Daylight,Normal
6923,18:56:00,Thursday,Male, Church areas,Other,other,No junction,Other,Dry,Daylight,Normal
6925,18:56:00,Thursday,Male,Other,Automobile,Two-way (divided with broken lines road marking),No junction,Asphalt roads,Dry,Daylight,Normal
6926,18:56:00,Thursday,Male,Office areas,Stationwagen,Two-way (divided with broken lines road marking),No junction,Asphalt roads,Dry,Daylight,Normal
6927,20:15:00,Thursday,Male,Office areas,Pick up upto 10Q,Two-way (divided with broken lines road marking),Y Shape,Asphalt roads,Dry,Daylight,Normal
6928,20:15:00,Thursday,Male,Office areas,Lorry (41?100Q),Two-way (divided with broken lines road marking),Y Shape,Asphalt roads with some distress,Dry,Daylight,Normal
6931,16:25:00,Monday,Male,Other,Lorry (41?100Q),Double carriageway (median),Y Shape,Asphalt roads,Wet or damp,Daylight,Normal
6932,16:25:00,Monday,Male,Other,Lorry (41?100Q),Two-way (divided with broken lines road marking),Y Shape,Asphalt roads,Wet or damp,Daylight,Normal
6933,16:04:00,Tuesday,Male, Church areas,Lorry (41?100Q),Unknown,No junction,Asphalt roads,Dry,Daylight,Normal
6934,16:04:00,Tuesday,Male,School areas,Pick up upto 10Q,Undivided Two way,No junction,Earth roads,Dry,Daylight,Normal
6935,17:50:00,Tuesday,Male, Church areas,Pick up upto 10Q,Two-way (divided with broken lines road marking),No junction,Asphalt roads,Dry,Daylight,Normal
6936,17:50:00,Tuesday,Male,Office areas,Automobile,Undivided Two way,No junction,Asphalt roads,Dry,Daylight,Normal
6937,16:04:00,Thursday,Male,Other,Other,other,Y Shape,Asphalt roads,Dry,Daylight,Normal
6939,16:53:00,Saturday,Male,Other,Automobile,Double carriageway (median),Y Shape,Asphalt roads,Dry,Daylight,Normal
6940,16:53:00,Saturday,Male,Other,Motorcycle,Double carriageway (median),Y Shape,Asphalt roads,Dry,Daylight,Normal
6941,16:53:00,Saturday,Male,Office areas,Automobile,Two-way (divided with broken lines road marking),Y Shape,Asphalt roads,Dry,Daylight,Normal
6942,19:44:00,Saturday,Male,Other,Automobile,Two-way (divided with broken lines road marking),Y Shape,Asphalt roads,Dry,Daylight,Normal
6943,19:44:00,Saturday,Male,Other,Public (12 seats),Two-way (divided with broken lines road marking),Y Shape,Asphalt roads,Dry,Daylight,Normal
6944,8:57:00,Wednesday,Male,Residential areas,Long lorry,Two-way (divided with broken lines road marking),Y Shape,Asphalt roads,Dry,Daylight,Normal
6946,18:34:00,Tuesday,Male, Church areas,Automobile,One way,Y Shape,Gravel roads,Wet or damp,Daylight,Raining
6948,18:34:00,Tuesday,Male,  Market areas,Pick up upto 10Q,other,Y Shape,Asphalt roads,Wet or damp,Daylight,Raining
6949,18:34:00,Tuesday,Male,Other,Lorry (41?100Q),Two-way (divided with broken lines road marking),Y Shape,Asphalt roads,Wet or damp,Daylight,Raining
6950,8:10:00,Thursday,Male,Other,Automobile,Undivided Two way,Y Shape,Asphalt roads,Dry,Daylight,Normal
6951,8:10:00,Thursday,Male, Church areas,Public (13?45 seats),Undivided Two way,Y Shape,Asphalt roads,Dry,Daylight,Normal
6952,12:44:00,Thursday,Female,Residential areas,Automobile,Undivided Two way,No junction,Asphalt roads,Dry,Daylight,Normal
6953,12:44:00,Thursday,Male,Other,Public (> 45 seats),Undivided Two way,No junction,Asphalt roads,Dry,Daylight,Normal
6954,12:44:00,Thursday,Male,Other,Public (12 seats),Two-way (divided with broken lines road marking),No junction,Asphalt roads,Dry,Daylight,Normal
6955,16:35:00,Saturday,Male,Other,Automobile,Double carriageway (median),No junction,Asphalt roads,Dry,Daylight,Normal
6956,19:50:00,Friday,Male,  Recreational areas,Lorry (41?100Q),Two-way (divided with broken lines road marking),No junction,Asphalt roads,Wet or damp,Daylight,Raining
6957,19:50:00,Friday,Male,  Recreational areas,Automobile,One way,No junction,Asphalt roads,Wet or damp,Daylight,Raining
6958,23:00:00,Tuesday,Male,Other,Pick up upto 10Q,Two-way (divided with broken lines road marking),No junction,Asphalt roads,Dry,Darkness - lights lit,Normal
6959,22:40:00,Sunday,Male,Office areas,Public (12 seats),Two-way (divided with broken lines road marking),No junction,Asphalt roads,Dry,Darkness - lights lit,Normal
6960,22:40:00,Sunday,Male,Residential areas,Automobile,Two-way (divided with broken lines road marking),No junction,Asphalt roads,Dry,Darkness - lights lit,Normal
6961,22:40:00,Sunday,Male,Other,Automobile,Two-way (divided with broken lines road marking),No junction,Asphalt roads,Dry,Darkness - lights lit,Normal
6962,22:40:00,Sunday,Male,Residential areas,Automobile,Undivided Two way,No junction,Asphalt roads,Dry,Darkness - lights lit,Normal
6963,19:03:00,Friday,Male, Church areas,Stationwagen,Double carriageway (median),Y Shape,Asphalt roads,Dry,Daylight,Normal
6964,19:03:00,Friday,Male,Other,Other,One way,Y Shape,Asphalt roads,Dry,Daylight,Normal
6965,14:20:00,Friday,Female,Office areas,Other,Two-way (divided with broken lines road marking),Y Shape,Asphalt roads,Dry,Daylight,Normal
6966,14:20:00,Friday,Male,Other,Other,Undivided Two way,Y Shape,Asphalt roads,Dry,Daylight,Normal
6967,7:59:00,Thursday,Male,  Recreational areas,Public (13?45 seats),Two-way (divided with broken lines road marking),No junction,Asphalt roads,Wet or damp,Daylight,Normal
6968,7:59:00,Thursday,Male,Other,Lorry (41?100Q),Undivided Two way,No junction,Asphalt roads,Wet or damp,Daylight,Normal
6969,7:59:00,Thursday,Male,Office areas,Public (12 seats),Two-way (divided with broken lines road marking),No junction,Asphalt roads,Wet or damp,Daylight,Normal
6970,7:59:00,Thursday,Male,Residential areas,Automobile,Undivided Two way,No junction,Asphalt roads,Wet or damp,Daylight,Normal
6971,17:10:00,Friday,Male,Office areas,Automobile,One way,Y Shape,Earth roads,Dry,Daylight,Normal
6972,17:10:00,Friday,Male,Office areas,Stationwagen,Two-way (divided with broken lines road marking),Y Shape,Asphalt roads,Dry,Daylight,Normal
6975,17:30:00,Monday,Male,Residential areas,Lorry (41?100Q),Undivided Two way,Unknown,Asphalt roads,Wet or damp,Daylight,Normal
6976,17:30:00,Monday,Male,Other,Public (> 45 seats),Undivided Two way,Unknown,Earth roads,Wet or damp,Daylight,Normal
6977,11:36:00,Monday,Male,Other,Public (12 seats),other,No junction,Asphalt roads,Dry,Daylight,Normal
6979,16:12:00,Tuesday,Male,Residential areas,Public (12 seats),Undivided Two way,No junction,Earth roads,Dry,Daylight,Normal
6980,16:12:00,Tuesday,Male,Office areas,Other,Undivided Two way,No junction,Asphalt roads,Dry,Daylight,Normal
6981,13:43:00,Monday,Male,Residential areas,Public (12 seats),Undivided Two way,Other,Asphalt roads,Dry,Daylight,Normal
6982,13:43:00,Monday,Male,Other,Stationwagen,Two-way (divided with broken lines road marking),Other,Asphalt roads,Dry,Daylight,Normal
6983,8:45:00,Wednesday,Male,Other,Automobile,Two-way (divided with broken lines road marking),No junction,Asphalt roads,Dry,Daylight,Normal
6984,12:45:00,Saturday,Male,  Recreational areas,Lorry (41?100Q),Two-way (divided with broken lines road marking),Y Shape,Asphalt roads,Dry,Daylight,Normal
6985,12:45:00,Saturday,Male, Church areas,Special vehicle,One way,Y Shape,Asphalt roads,Dry,Daylight,Normal
6986,12:45:00,Saturday,Male,School areas,Lorry (41?100Q),Two-way (divided with broken lines road marking),Y Shape,Asphalt roads,Dry,Daylight,Normal
6987,12:45:00,Saturday,Male,Office areas,Lorry (41?100Q),Undivided Two way,Y Shape,Asphalt roads,Dry,Daylight,Normal
6989,10:15:00,Thursday,Male,Residential areas,Automobile,Undivided Two way,Y Shape,Asphalt roads,Dry,Daylight,Normal
6990,13:38:00,Thursday,Male,Other,Automobile,Undivided Two way,No junction,Asphalt roads,Dry,Daylight,Normal
6991,21:05:00,Saturday,Male,Other,Automobile,other,Y Shape,Asphalt roads,Dry,Darkness - lights lit,Normal
6992,15:41:00,Friday,Male,Office areas,Public (> 45 seats),One way,Y Shape,Asphalt roads with some distress,Dry,Daylight,Normal
6993,15:41:00,Friday,Male,Residential areas,Lorry (11?40Q),Two-way (divided with broken lines road marking),Y Shape,Asphalt roads,Dry,Daylight,Normal
6994,15:41:00,Friday,Male,Other,Pick up upto 10Q,Two-way (divided with broken lines road marking),Y Shape,Asphalt roads,Dry,Daylight,Normal
6995,8:39:00,Friday,Male,Residential areas,Lorry (11?40Q),Undivided Two way,No junction,Asphalt roads,Dry,Daylight,Normal
6996,8:39:00,Friday,Male, Church areas,Pick up upto 10Q,Two-way (divided with broken lines road marking),No junction,Asphalt roads,Dry,Daylight,Normal
6997,8:39:00,Friday,Male,Residential areas,Special vehicle,Two-way (divided with broken lines road marking),No junction,Asphalt roads,Dry,Daylight,Normal
6998,22:00:00,Monday,Male,Office areas,Lorry (11?40Q),One way,No junction,Asphalt roads,Wet or damp,Darkness - lights lit,Normal
7001,14:35:00,Wednesday,Male, Industrial areas,Lorry (41?100Q),Two-way (divided with broken lines road marking),Other,Asphalt roads,Dry,Daylight,Normal
7002,14:35:00,Wednesday,Male, Church areas,Other,Two-way (divided with broken lines road marking),Other,Asphalt roads,Dry,Daylight,Normal
7003,11:50:00,Friday,Male,Residential areas,Other,Undivided Two way,No junction,Asphalt roads,Dry,Daylight,Unknown
7006,8:29:00,Wednesday,Male,Office areas,Automobile,Undivided Two way,Y Shape,Asphalt roads,Dry,Daylight,Normal
7007,8:29:00,Wednesday,Male, Outside rural areas,Public (13?45 seats),Two-way (divided with broken lines road marking),Y Shape,Asphalt roads,Dry,Daylight,Normal
7008,8:29:00,Wednesday,Male, Church areas,Lorry (41?100Q),Two-way (divided with broken lines road marking),Y Shape,Asphalt roads,Dry,Daylight,Normal
7010,1:20:00,Monday,Male, Church areas,Automobile,Two-way (divided with broken lines road marking),No junction,Asphalt roads,Wet or damp,Darkness - lights lit,Raining
7012,21:20:00,Wednesday,Male,Office areas,Lorry (41?100Q),Undivided Two way,Crossing,Gravel roads,Dry,Darkness - lights lit,Normal
7014,17:48:00,Thursday,Male,Residential areas,Lorry (41?100Q),Two-way (divided with broken lines road marking),No junction,Asphalt roads,Dry,Daylight,Normal
7015,17:48:00,Thursday,Male,Office areas,Taxi,other,No junction,Asphalt roads,Dry,Daylight,Normal
7016,16:30:00,Tuesday,Male,Rural village areasOffice areas,Lorry (41?100Q),other,Y Shape,Asphalt roads,Wet or damp,Daylight,Normal
7017,16:30:00,Tuesday,Male,Other,Lorry (41?100Q),Two-way (divided with broken lines road marking),Y Shape,Asphalt roads,Wet or damp,Daylight,Normal
7018,14:26:00,Friday,Male,Residential areas,Other,Undivided Two way,No junction,Asphalt roads,Dry,Daylight,Normal
7019,14:26:00,Friday,Male,Office areas,Stationwagen,Undivided Two way,No junction,Asphalt roads,Dry,Daylight,Normal
7020,14:26:00,Friday,Male,Office areas,Stationwagen,Undivided Two way,No junction,Asphalt roads,Dry,Daylight,Normal
7021,18:25:00,Tuesday,Male,Residential areas,Lorry (41?100Q),Undivided Two way,No junction,Asphalt roads,Wet or damp,Daylight,Raining
7022,17:30:00,Thursday,Male,Office areas,Lorry (41?100Q),Undivided Two way,No junction,Asphalt roads,Dry,Daylight,Normal
7023,17:30:00,Thursday,Male,Office areas,Other,Undivided Two way,No junction,Asphalt roads,Dry,Daylight,Normal
7026,21:08:00,Saturday,Male,Other,Taxi,Undivided Two way,Crossing,Asphalt roads,Wet or damp,Darkness - lights lit,Other