,time,Day_of_week,Sex_of_driver,Area_accident,Type_of_vehicle,Lanes_or_Medians,Types_of_Junction,Road_surface_type,Road_surface_conditions,Light_conditions,Weather_conditions
7027,1:44:00,Saturday,Male,Other,Lorry (41?100Q),Two-way (divided with broken lines road marking),No junction,Gravel roads,Wet or damp,Darkness - lights lit,Raining
7028,8:53:00,Wednesday,Male,Other,Other,Two-way (divided with broken lines road marking),No junction,Asphalt roads,Dry,Daylight,Normal
7029,10:10:00,Saturday,Male,Residential areas,Automobile,One way,Y Shape,Asphalt roads,Dry,Daylight,Normal
7030,10:10:00,Saturday,Male,School areas,Public (> 45 seats),Undivided Two way,Y Shape,Asphalt roads,Dry,Daylight,Normal
7031,17:15:00,Tuesday,Male,Residential areas,Stationwagen,Undivided Two way,Other,Asphalt roads,Dry,Daylight,Unknown
7032,17:15:00,Tuesday,Male,Office areas,Automobile,Two-way (divided with broken lines road marking),Other,Earth roads,Dry,Daylight,Unknown
7033,11:35:00,Wednesday,Male, Church areas,Lorry (41?100Q),One way,Crossing,Asphalt roads,Dry,Daylight,Normal
7034,11:35:00,Wednesday,Male,Other,Other,Undivided Two way,Crossing,Asphalt roads,Dry,Daylight,Normal
7036,13:35:00,Tuesday,Male,Other,Other,Two-way (divided with broken lines road marking),No junction,Gravel roads,Dry,Daylight,Normal
7037,13:35:00,Tuesday,Male,Other,Other,Two-way (divided with broken lines road marking),No junction,Asphalt roads,Dry,Daylight,Normal
7039,13:35:00,Tuesday,Male,Office areas,Lorry (41?100Q),Two-way (divided with solid lines road marking),No junction,Asphalt roads,Dry,Daylight,Normal
7040,12:00:00,Tuesday,Female,Residential areas,Lorry (41?100Q),Undivided Two way,Y Shape,Earth roads,Dry,Daylight,Normal
7041,12:00:00,Tuesday,Male,Office areas,Pick up upto 10Q,One way,Y Shape,Asphalt roads,Dry,Daylight,Normal
7042,12:00:00,Tuesday,Male,Residential areas,Lorry (11?40Q),Two-way (divided with broken lines road marking),Y Shape,Asphalt roads,Dry,Daylight,Normal
7043,17:12:00,Wednesday,Male,Office areas,Automobile,Undivided Two way,Crossing,Asphalt roads,Dry,Daylight,Normal
7044,17:12:00,Wednesday,Male,Other,Automobile,Two-way (divided with broken lines road marking),Crossing,Asphalt roads,Dry,Daylight,Normal
7045,19:55:00,Monday,Male,Office areas,Pick up upto 10Q,One way,Y Shape,Asphalt roads,Dry,Daylight,Normal
7046,19:55:00,Monday,Male,School areas,Automobile,Undivided Two way,Y Shape,Earth roads,Dry,Daylight,Normal
7047,19:55:00,Monday,Male,Residential areas,Other,One way,Y Shape,Asphalt roads,Dry,Daylight,Normal
7048,8:30:00,Wednesday,Male,Office areas,Lorry (41?100Q),Undivided Two way,Other,Asphalt roads,Wet or damp,Daylight,Other
7049,8:30:00,Wednesday,Male,Residential areas,Public (13?45 seats),Undivided Two way,Other,Asphalt roads,Wet or damp,Daylight,Other
7050,8:30:00,Wednesday,Male,Office areas,Pick up upto 10Q,Undivided Two way,Other,Asphalt roads,Wet or damp,Daylight,Other
7051,10:45:00,Sunday,Male,Residential areas,Stationwagen,One way,No junction,Asphalt roads,Dry,Daylight,Normal
7052,10:45:00,Sunday,Male,Other,Other,other,No junction,Asphalt roads,Dry,Daylight,Normal
7053,10:45:00,Sunday,Male,Other,Pick up upto 10Q,Two-way (divided with broken lines road marking),No junction,Asphalt roads,Dry,Daylight,Normal
7054,4:14:00,Sunday,Male,Office areas,Public (13?45 seats),Two-way (divided with broken lines road marking),No junction,Asphalt roads,Dry,Darkness - lights lit,Normal
7055,4:14:00,Sunday,Male,Office areas,Public (12 seats),Two-way (divided with broken lines road marking),No junction,Asphalt roads,Dry,Darkness - lights lit,Normal
7056,14:49:00,Thursday,Male,Residential areas,Lorry (41?100Q),Two-way (divided with broken lines road marking),Y Shape,Asphalt roads,Dry,Daylight,Normal
7057,14:49:00,Thursday,Male,Other,Pick up upto 10Q,Two-way (divided with broken lines road marking),Y Shape,Asphalt roads,Dry,Daylight,Normal
7058,14:49:00,Thursday,Male,Other,Lorry (41?100Q),Undivided Two way,Y Shape,Earth roads,Dry,Daylight,Normal
7059,20:32:00,Tuesday,Male,Office areas,Pick up upto 10Q,Two-way (divided with broken lines road marking),Crossing,Asphalt roads,Wet or damp,Darkness - lights lit,Raining
7060,20:32:00,Tuesday,Male,Office areas,Long lorry,Two-way (divided with broken lines road marking),Crossing,Asphalt roads,Wet or damp,Darkness - lights lit,Raining
7061,18:03:00,Thursday,Male, Church areas,Automobile,Undivided Two way,O Shape,Asphalt roads,Dry,Daylight,Normal
7062,18:03:00,Thursday,Male,Other,Public (> 45 seats),One way,O Shape,Asphalt roads,Dry,Daylight,Normal
7063,5:45:00,Monday,Male,Office areas,Lorry (41?100Q),Undivided Two way,No junction,Other,Dry,Daylight,Normal
7064,5:45:00,Monday,Male,Office areas,Public (> 45 seats),Two-way (divided with broken lines road marking),No junction,Gravel roads,Dry,Daylight,Normal
7067,13:00:00,Tuesday,Male,Residential areas,Automobile,Two-way (divided with broken lines road marking),Y Shape,Asphalt roads,Dry,Daylight,Normal
7068,6:45:00,Wednesday,Male,Office areas,Automobile,Two-way (divided with broken lines road marking),Y Shape,Earth roads,Dry,Daylight,Normal
7069,6:45:00,Wednesday,Male,Office areas,Lorry (41?100Q),Undivided Two way,Y Shape,Asphalt roads,Dry,Daylight,Normal
7070,16:07:00,Tuesday,Female,Other,Automobile,Undivided Two way,No junction,Asphalt roads,Dry,Daylight,Normal
7071,16:07:00,Tuesday,Male,Other,Public (13?45 seats),other,No junction,Asphalt roads,Dry,Daylight,Normal
7072,16:07:00,Tuesday,Male,Office areas,Automobile,One way,No junction,Asphalt roads,Dry,Daylight,Normal
7073,16:05:00,Saturday,Male,Residential areas,Public (> 45 seats),Two-way (divided with broken lines road marking),No junction,Earth roads,Dry,Daylight,Normal
7074,16:05:00,Saturday,Male,Other,Lorry (41?100Q),Two-way (divided with broken lines road marking),No junction,Asphalt roads,Dry,Daylight,Normal
7075,18:00:00,Saturday,Male,Residential areas,Automobile,Undivided Two way,Y Shape,Asphalt roads,Dry,Daylight,Normal
7076,18:00:00,Saturday,Male, Church areas,Lorry (11?40Q),Two-way (divided with broken lines road marking),Y Shape,Asphalt roads,Dry,Daylight,Normal
7077,18:00:00,Saturday,Male,Residential areas,Public (13?45 seats),Two-way (divided with broken lines road marking),Y Shape,Asphalt roads,Dry,Daylight,Normal
7078,18:00:00,Saturday,Male,Office areas,Public (13?45 seats),One way,Y Shape,Asphalt roads,Dry,Daylight,Normal
7080,14:35:00,Friday,Male,Other,Long lorry,One way,No junction,Asphalt roads,Dry,Daylight,Normal
7081,14:35:00,Friday,Male, Industrial areas,Lorry (41?100Q),Two-way (divided with broken lines road marking),No junction,Asphalt roads,Dry,Daylight,Normal
7082,14:35:00,Friday,Male, Church areas,Lorry (11?40Q),Two-way (divided with broken lines road marking),No junction,Asphalt roads,Dry,Daylight,Normal
7083,8:00:00,Wednesday,Male,Residential areas,Lorry (41?100Q),Undivided Two way,No junction,Asphalt roads,Wet or damp,Daylight,Other
7086,16:55:00,Monday,Male,Office areas,Taxi,Undivided Two way,No junction,Asphalt roads,Dry,Daylight,Unknown
7088,16:45:00,Monday,Male, Church areas,Automobile,Two-way (divided with broken lines road marking),Y Shape,Asphalt roads,Dry,Daylight,Normal
7090,8:45:00,Monday,Male, Church areas,Lorry (41?100Q),Two-way (divided with broken lines road marking),No junction,Asphalt roads,Dry,Daylight,Normal
7091,8:45:00,Monday,Male,Office areas,Automobile,other,No junction,Asphalt roads,Dry,Daylight,Normal
7092,20:39:00,Saturday,Male,Office areas,Automobile,Undivided Two way,Y Shape,Asphalt roads,Dry,Darkness - lights lit,Normal
7093,20:39:00,Saturday,Male,School areas,Lorry (41?100Q),Two-way (divided with broken lines road marking),Y Shape,Asphalt roads,Dry,Darkness - lights lit,Normal
7094,17:10:00,Tuesday,Male,Residential areas,Automobile,Two-way (divided with broken lines road marking),No junction,Asphalt roads,Dry,Daylight,Normal
7095,17:10:00,Tuesday,Male,Office areas,Automobile,other,No junction,Asphalt roads,Dry,Daylight,Normal
7096,17:35:00,Thursday,Male,Rural village areasOffice areas,Automobile,other,Y Shape,Asphalt roads,Dry,Daylight,Normal
7097,17:35:00,Thursday,Male,Other,Taxi,Two-way (divided with broken lines road marking),Y Shape,Asphalt roads,Dry,Daylight,Normal
7100,0:10:00,Sunday,Male,Office areas,Automobile,Undivided Two way,Y Shape,Asphalt roads,Dry,Darkness - lights lit,Normal
7101,0:10:00,Sunday,Male,Residential areas,Pick up upto 10Q,Undivided Two way,Y Shape,Asphalt roads,Dry,Darkness - lights lit,Normal
7103,21:19:00,Wednesday,Male,Office areas,Automobile,Undivided Two way,No junction,Asphalt roads,Dry,Darkness - lights lit,Normal
7105,17:19:00,Friday,Male,Office areas,Public (13?45 seats),Two-way (divided with broken lines road marking),No junction,Asphalt roads,Dry,Daylight,Normal
7106,17:19:00,Friday,Male,Other,Lorry (11?40Q),Undivided Two way,No junction,Earth roads,Dry,Daylight,Normal
7107,17:19:00,Friday,Male,Other,Stationwagen,Two-way (divided with broken lines road marking),No junction,Asphalt roads,Dry,Daylight,Normal
7108,12:36:00,Tuesday,Female,Other,Ridden horse,Two-way (divided with broken lines road marking),Crossing,Asphalt roads,Wet or damp,Daylight,Raining
7109,12:36:00,Tuesday,Male,Residential areas,Stationwagen,One way,Crossing,Asphalt roads,Wet or damp,Daylight,Raining
7110,12:30:00,Thursday,Female,School areas,Automobile,Undivided Two way,No junction,Asphalt roads,Dry,Daylight,Normal
7111,12:30:00,Thursday,Male,Residential areas,Automobile,Undivided Two way,No junction,Asphalt roads,Dry,Daylight,Normal
7112,7:50:00,Friday,Male,Office areas,Other,Two-way (divided with broken lines road marking),Y Shape,Asphalt roads,Dry,Daylight,Normal
7113,7:50:00,Friday,Male, Church areas,Taxi,One way,Y Shape,Asphalt roads,Dry,Daylight,Normal
7114,22:15:00,Tuesday,Male,Other,Automobile,Undivided Two way,Y Shape,Asphalt roads,Dry,Darkness - lights lit,Unknown
7115,22:15:00,Tuesday,Male,Other,Stationwagen,One way,Y Shape,Asphalt roads,Dry,Darkness - lights lit,Unknown
7116,6:55:00,Sunday,Male,Other,Automobile,Two-way (divided with broken lines road marking),No junction,Asphalt roads,Dry,Daylight,Normal
7117,6:55:00,Sunday,Male,Other,Public (12 seats),Two-way (divided with broken lines road marking),No junction,Asphalt roads,Dry,Daylight,Normal
7119,15:33:00,Friday,Male,Office areas,Automobile,Two-way (divided with solid lines road marking),Y Shape,Asphalt roads,Dry,Daylight,Normal
7120,14:34:00,Friday,Male,Residential areas,Lorry (41?100Q),Undivided Two way,Y Shape,Asphalt roads,Dry,Daylight,Normal
7122,13:00:00,Thursday,Male,Residential areas,Public (> 45 seats),Two-way (divided with broken lines road marking),No junction,Earth roads,Dry,Daylight,Normal
7125,2:49:00,Sunday,Male,Office areas,Public (12 seats),One way,No junction,Asphalt roads,Dry,Darkness - lights lit,Normal
7126,17:15:00,Tuesday,Male,School areas,Automobile,Undivided Two way,Y Shape,Asphalt roads,Dry,Daylight,Normal
7128,18:55:00,Thursday,Male,Office areas,Automobile,Undivided Two way,No junction,Asphalt roads,Dry,Darkness - lights lit,Normal
7129,19:35:00,Saturday,Female,Residential areas,Lorry (41?100Q),Undivided Two way,No junction,Asphalt roads,Dry,Darkness - lights lit,Normal
7130,19:35:00,Saturday,Male,Office areas,Public (12 seats),Undivided Two way,No junction,Asphalt roads,Dry,Darkness - lights lit,Normal
7131,19:20:00,Thursday,Male,Office areas,Lorry (11?40Q),Two-way (divided with broken lines road marking),Y Shape,Asphalt roads,Wet or damp,Darkness - lights lit,Normal
7132,12:05:00,Sunday,Male,Residential areas,Automobile,Undivided Two way,No junction,Asphalt roads,Dry,Daylight,Normal
7133,12:05:00,Sunday,Male,Other,Automobile,Two-way (divided with broken lines road marking),No junction,Asphalt roads,Dry,Daylight,Normal
7134,6:55:00,Monday,Male, Industrial areas,Automobile,Undivided Two way,No junction,Gravel roads,Dry,Daylight,Normal
7135,6:55:00,Monday,Male,Office areas,Bajaj,Two-way (divided with broken lines road marking),No junction,Asphalt roads,Dry,Daylight,Normal
7136,20:40:00,Friday,Male,  Recreational areas,Public (12 seats),Two-way (divided with broken lines road marking),No junction,Asphalt roads,Dry,Darkness - lights lit,Normal
7137,20:40:00,Friday,Female,Residential areas,Lorry (11?40Q),Two-way (divided with broken lines road marking),No junction,Asphalt roads,Dry,Darkness - lights lit,Normal
7140,22:45:00,Friday,Female,Residential areas,Automobile,Undivided Two way,No junction,Asphalt roads,Dry,Darkness - lights lit,Normal
7142,18:30:00,Monday,Male,Other,Lorry (41?100Q),Undivided Two way,No junction,Asphalt roads,Wet or damp,Darkness - lights lit,Raining
7143,18:30:00,Monday,Male,Other,Pick up upto 10Q,Two-way (divided with solid lines road marking),No junction,Asphalt roads,Wet or damp,Darkness - lights lit,Raining
7144,18:30:00,Monday,Male, Church areas,Lorry (11?40Q),Two-way (divided with solid lines road marking),No junction,Asphalt roads,Wet or damp,Darkness - lights lit,Raining
7145,17:20:00,Saturday,Male,Other,Stationwagen,Two-way (divided with solid lines road marking),Y Shape,Asphalt roads,Dry,Daylight,Normal
7146,17:20:00,Saturday,Male, Church areas,Other,Two-way (divided with solid lines road marking),Y Shape,Asphalt roads,Dry,Daylight,Normal
7147,12:20:00,Monday,Female, Church areas,Other,Two-way (divided with broken lines road marking),Y Shape,Asphalt roads,Dry,Daylight,Normal
7148,12:20:00,Monday,Male,Other,Lorry (11?40Q),Undivided Two way,Y Shape,Asphalt roads,Dry,Daylight,Normal
7150,8:54:00,Sunday,Male,School areas,Automobile,other,Y Shape,Asphalt roads,Dry,Daylight,Normal
7151,8:54:00,Sunday,Male,Residential areas,Lorry (41?100Q),Undivided Two way,Y Shape,Asphalt roads,Dry,Daylight,Normal
7152,18:03:00,Wednesday,Male,Other,Other,Two-way (divided with broken lines road marking),Y Shape,Other,Dry,Daylight,Normal
7153,11:24:00,Sunday,Male,Office areas,Lorry (41?100Q),Undivided Two way,Y Shape,Asphalt roads,Wet or damp,Daylight,Raining
7154,11:24:00,Sunday,Male,Residential areas,Automobile,Undivided Two way,Y Shape,Asphalt roads,Wet or damp,Daylight,Raining
7155,11:24:00,Sunday,Male,Other,Pick up upto 10Q,One way,Y Shape,Asphalt roads,Wet or damp,Daylight,Raining
7156,11:24:00,Sunday,Male,Residential areas,Lorry (41?100Q),Two-way (divided with broken lines road marking),Y Shape,Asphalt roads,Wet or damp,Daylight,Raining
7157,11:55:00,Friday,Male,Residential areas,Public (13?45 seats),Undivided Two way,Crossing,Asphalt roads,Dry,Daylight,Normal
7158,11:55:00,Friday,Male,Residential areas,Long lorry,Two-way (divided with broken lines road marking),Crossing,Asphalt roads,Dry,Daylight,Normal
7159,23:15:00,Tuesday,Male,Other,Automobile,other,Y Shape,Asphalt roads,Dry,Darkness - lights lit,Normal
7160,23:15:00,Tuesday,Male,Other,Automobile,Undivided Two way,Y Shape,Other,Dry,Darkness - lights lit,Normal
7161,8:25:00,Thursday,Male,Other,Other,One way,No junction,Asphalt roads,Dry,Daylight,Normal
7163,16:35:00,Wednesday,Male,Residential areas,Long lorry,Undivided Two way,Y Shape,Asphalt roads,Dry,Daylight,Normal
7164,12:20:00,Tuesday,Female,Residential areas,Public (12 seats),One way,No junction,Asphalt roads,Dry,Daylight,Normal
7165,12:20:00,Tuesday,Male,Residential areas,Public (12 seats),Undivided Two way,No junction,Asphalt roads,Dry,Daylight,Normal
7166,18:08:00,Tuesday,Male,Other,Other,Two-way (divided with broken lines road marking),No junction,Asphalt roads,Dry,Daylight,Normal
7167,19:42:00,Friday,Male,Office areas,Other,Two-way (divided with broken lines road marking),Crossing,Asphalt roads,Dry,Daylight,Normal
7168,19:42:00,Friday,Male,Other,Other,other,Crossing,Asphalt roads,Dry,Daylight,Normal
7170,13:19:00,Saturday,Male,Residential areas,Lorry (41?100Q),Two-way (divided with broken lines road marking),Y Shape,Other,Wet or damp,Daylight,Raining
7171,0:25:00,Saturday,Male,Office areas,Other,Double carriageway (median),No junction,Asphalt roads,Dry,Darkness - lights lit,Normal
7172,0:25:00,Saturday,Male,Office areas,Public (12 seats),Double carriageway (median),No junction,Asphalt roads,Dry,Darkness - lights lit,Normal
7173,15:25:00,Monday,Male,Other,Other,Double carriageway (median),Y Shape,Asphalt roads,Dry,Daylight,Windy
7174,15:25:00,Monday,Male,Office areas,Lorry (11?40Q),Two-way (divided with broken lines road marking),Y Shape,Asphalt roads,Dry,Daylight,Windy
7177,12:45:00,Friday,Male,Other,Other,Undivided Two way,No junction,Asphalt roads,Wet or damp,Daylight,Raining
7179,12:45:00,Friday,Male,Residential areas,Automobile,Two-way (divided with broken lines road marking),No junction,Asphalt roads,Wet or damp,Daylight,Raining
7180,14:56:00,Friday,Male, Church areas,Other,Two-way (divided with broken lines road marking),Y Shape,Asphalt roads,Dry,Daylight,Normal
7181,14:56:00,Friday,Male,Other,Lorry (41?100Q),Two-way (divided with broken lines road marking),Y Shape,Earth roads,Dry,Daylight,Normal
7182,16:50:00,Tuesday,Male,Residential areas,Public (13?45 seats),Two-way (divided with broken lines road marking),Y Shape,Asphalt roads,Dry,Daylight,Normal
7183,16:50:00,Tuesday,Male,Other,Automobile,Undivided Two way,Y Shape,Asphalt roads,Dry,Daylight,Normal
7184,6:30:00,Wednesday,Male,Residential areas,Pick up upto 10Q,Undivided Two way,No junction,Asphalt roads,Wet or damp,Daylight,Raining
7185,16:45:00,Tuesday,Male,Residential areas,Lorry (41?100Q),Two-way (divided with broken lines road marking),Crossing,Asphalt roads,Dry,Daylight,Normal
7186,14:30:00,Sunday,Male,Other,Public (12 seats),Two-way (divided with broken lines road marking),No junction,Asphalt roads,Dry,Daylight,Normal
7187,14:30:00,Sunday,Male,Other,Other,Two-way (divided with broken lines road marking),No junction,Asphalt roads,Dry,Daylight,Normal
7188,10:00:00,Saturday,Male,Other,Lorry (41?100Q),Undivided Two way,O Shape,Asphalt roads,Dry,Daylight,Normal
7189,10:00:00,Saturday,Male,Other,Pick up upto 10Q,Double carriageway (median),O Shape,Asphalt roads,Dry,Daylight,Normal
7190,7:45:00,Friday,Male,Residential areas,Other,Two-way (divided with broken lines road marking),Y Shape,Asphalt roads,Wet or damp,Daylight,Raining
7191,7:45:00,Friday,Male,  Recreational areas,Lorry (41?100Q),Undivided Two way,Y Shape,Asphalt roads,Wet or damp,Daylight,Raining
7192,7:45:00,Friday,Male,Other,Ridden horse,other,Y Shape,Asphalt roads,Wet or damp,Daylight,Raining
7193,19:45:00,Friday,Male,Office areas,Automobile,Undivided Two way,Crossing,Gravel roads,Dry,Darkness - lights lit,Normal
7194,19:45:00,Friday,Male,Other,Automobile,Undivided Two way,Crossing,Asphalt roads,Dry,Darkness - lights lit,Normal
7195,19:45:00,Friday,Male,Office areas,Stationwagen,Undivided Two way,Crossing,Asphalt roads,Dry,Darkness - lights lit,Normal
7196,19:45:00,Friday,Male,Office areas,Other,One way,Crossing,Asphalt roads,Dry,Darkness - lights lit,Normal
7197,19:45:00,Friday,Male,Office areas,Lorry (41?100Q),Undivided Two way,Crossing,Asphalt roads,Dry,Darkness - lights lit,Normal
7198,18:50:00,Friday,Male,Other,Lorry (41?100Q),Undivided Two way,Crossing,Asphalt roads,Wet or damp,Darkness - lights lit,Normal
7199,18:50:00,Friday,Male,Other,Long lorry,Double carriageway (median),Crossing,Asphalt roads,Wet or damp,Darkness - lights lit,Normal
7200,11:42:00,Wednesday,Male,Office areas,Stationwagen,Two-way (divided with solid lines road marking),No junction,Asphalt roads,Dry,Daylight,Normal
7201,11:42:00,Wednesday,Male,Residential areas,Public (12 seats),other,No junction,Asphalt roads,Dry,Daylight,Normal
7202,17:57:00,Thursday,Male,  Recreational areas,Automobile,Undivided Two way,No junction,Asphalt roads,Dry,Daylight,Normal
7203,20:30:00,Sunday,Male,Other,Public (12 seats),other,No junction,Asphalt roads,Dry,Darkness - lights lit,Raining and Windy
7204,12:28:00,Thursday,Male,Residential areas,Lorry (41?100Q),other,Other,Asphalt roads,Wet or damp,Daylight,Raining
7205,12:28:00,Thursday,Male,Other,Automobile,other,Other,Asphalt roads,Wet or damp,Daylight,Raining
7206,8:35:00,Friday,Male,Other,Lorry (41?100Q),other,No junction,Asphalt roads,Wet or damp,Daylight,Normal
7207,12:25:00,Wednesday,Male,Other,Lorry (41?100Q),One way,Crossing,Asphalt roads,Dry,Daylight,Normal
7208,12:25:00,Wednesday,Male,Other,Pick up upto 10Q,Two-way (divided with broken lines road marking),Crossing,Asphalt roads,Dry,Daylight,Normal
7209,12:25:00,Wednesday,Female,Other,Other,other,Crossing,Asphalt roads,Dry,Daylight,Normal
7210,12:30:00,Sunday,Male,School areas,Automobile,Undivided Two way,No junction,Asphalt roads,Wet or damp,Daylight,Normal
7211,18:05:00,Thursday,Male,Office areas,Automobile,Two-way (divided with broken lines road marking),No junction,Asphalt roads,Dry,Darkness - lights lit,Normal
7212,18:05:00,Thursday,Male,Office areas,Lorry (11?40Q),Two-way (divided with broken lines road marking),No junction,Asphalt roads,Dry,Darkness - lights lit,Normal
7213,10:50:00,Tuesday,Male,Office areas,Bajaj,Two-way (divided with broken lines road marking),Crossing,Asphalt roads,Dry,Daylight,Normal
7215,14:12:00,Saturday,Male,School areas,Lorry (41?100Q),Undivided Two way,No junction,Other,Dry,Daylight,Normal
7217,10:20:00,Friday,Male,Office areas,Lorry (11?40Q),Two-way (divided with broken lines road marking),Crossing,Asphalt roads,Dry,Daylight,Normal
7218,10:20:00,Friday,Male,School areas,Automobile,Two-way (divided with broken lines road marking),Crossing,Asphalt roads,Dry,Daylight,Normal
7220,18:30:00,Wednesday,Female,Other,Automobile,Two-way (divided with broken lines road marking),Other,Asphalt roads,Dry,Darkness - lights lit,Unknown
7221,19:17:00,Tuesday,Male,Other,Public (13?45 seats),Undivided Two way,Y Shape,Asphalt roads,Wet or damp,Darkness - lights lit,Snow
7222,10:30:00,Thursday,Male,Other,Public (12 seats),Two-way (divided with broken lines road marking),No junction,Asphalt roads,Dry,Daylight,Normal
7223,10:30:00,Thursday,Male,Residential areas,Other,Undivided Two way,No junction,Asphalt roads,Dry,Daylight,Normal
7224,10:30:00,Thursday,Male,Other,Automobile,Undivided Two way,No junction,Asphalt roads,Dry,Daylight,Normal
7225,10:30:00,Thursday,Male,Other,Automobile,Undivided Two way,No junction,Asphalt roads,Dry,Daylight,Normal
7226,13:35:00,Sunday,Male, Industrial areas,Public (13?45 seats),Undivided Two way,No junction,Asphalt roads,Dry,Daylight,Other
7227,13:43:00,Monday,Male,  Recreational areas,Public (13?45 seats),Undivided Two way,Y Shape,Asphalt roads,Wet or damp,Daylight,Raining
7228,13:43:00,Monday,Male, Church areas,Automobile,Two-way (divided with broken lines road marking),Y Shape,Asphalt roads,Wet or damp,Daylight,Raining
7229,13:43:00,Monday,Male,Office areas,Other,Two-way (divided with broken lines road marking),Y Shape,Other,Wet or damp,Daylight,Raining
7230,13:43:00,Monday,Male,Other,Pick up upto 10Q,Two-way (divided with broken lines road marking),Y Shape,Asphalt roads,Wet or damp,Daylight,Raining
7231,13:43:00,Monday,Male,Office areas,Lorry (41?100Q),Undivided Two way,Y Shape,Asphalt roads,Wet or damp,Daylight,Raining
7232,15:56:00,Friday,Male,Office areas,Automobile,Two-way (divided with broken lines road marking),No junction,Asphalt roads,Dry,Daylight,Cloudy
7233,15:56:00,Friday,Male,Other,Automobile,Two-way (divided with broken lines road marking),No junction,Asphalt roads,Dry,Daylight,Cloudy
7234,17:00:00,Saturday,Male,Residential areas,Lorry (41?100Q),Undivided Two way,No junction,Asphalt roads,Wet or damp,Darkness - lights lit,Other
7236,17:00:00,Saturday,Male,Residential areas,Other,other,No junction,Asphalt roads,Wet or damp,Darkness - lights lit,Other
7237,6:50:00,Wednesday,Male,School areas,Automobile,Two-way (divided with broken lines road marking),Crossing,Asphalt roads,Dry,Darkness - lights lit,Raining
7238,6:50:00,Wednesday,Male,Office areas,Automobile,Two-way (divided with broken lines road marking),Crossing,Asphalt roads,Dry,Darkness - lights lit,Raining
7239,16:30:00,Tuesday,Male,Other,Automobile,other,Y Shape,Other,Dry,Darkness - lights lit,Normal
7240,16:30:00,Tuesday,Male,Other,Automobile,Undivided Two way,Y Shape,Asphalt roads,Dry,Darkness - lights lit,Normal
7241,16:30:00,Tuesday,Male, Church areas,Lorry (41?100Q),other,Y Shape,Asphalt roads,Dry,Darkness - lights lit,Normal
7243,13:40:00,Tuesday,Male,Other,Pick up upto 10Q,Two-way (divided with broken lines road marking),Crossing,Asphalt roads,Dry,Daylight,Normal
7244,5:02:00,Sunday,Male,Office areas,Stationwagen,Two-way (divided with broken lines road marking),No junction,Asphalt roads,Wet or damp,Darkness - lights lit,Raining
7245,5:02:00,Sunday,Male,Office areas,Other,Two-way (divided with broken lines road marking),No junction,Asphalt roads,Wet or damp,Darkness - lights lit,Raining
7246,5:02:00,Sunday,Male,Office areas,Pick up upto 10Q,Two-way (divided with broken lines road marking),No junction,Earth roads,Wet or damp,Darkness - lights lit,Raining
7247,16:05:00,Thursday,Male, Church areas,Stationwagen,Undivided Two way,Crossing,Asphalt roads,Wet or damp,Daylight,Normal
7248,16:05:00,Thursday,Male,Office areas,Lorry (41?100Q),Undivided Two way,Crossing,Asphalt roads,Wet or damp,Daylight,Normal
7249,7:58:00,Monday,Male,Other,Automobile,Double carriageway (median),No junction,Asphalt roads,Wet or damp,Daylight,Normal
7251,15:16:00,Thursday,Male, Church areas,Automobile,Unknown,Y Shape,Asphalt roads,Wet or damp,Daylight,Normal
7252,7:14:00,Tuesday,Male,School areas,Automobile,Undivided Two way,Crossing,Asphalt roads,Wet or damp,Darkness - lights lit,Unknown
7253,7:14:00,Tuesday,Male, Church areas,Turbo,Two-way (divided with broken lines road marking),Crossing,Asphalt roads,Wet or damp,Darkness - lights lit,Unknown
7255,13:17:00,Friday,Male,Other,Stationwagen,other,No junction,Asphalt roads,Wet or damp,Daylight,Normal
7256,17:44:00,Thursday,Male, Church areas,Automobile,Two-way (divided with broken lines road marking),No junction,Asphalt roads,Wet or damp,Darkness - lights lit,Cloudy
7257,17:44:00,Thursday,Male,Other,Automobile,Double carriageway (median),No junction,Asphalt roads,Wet or damp,Darkness - lights lit,Cloudy
7258,17:44:00,Thursday,Male,Other,Automobile,Double carriageway (median),No junction,Asphalt roads,Wet or damp,Darkness - lights lit,Cloudy
7259,7:16:00,Monday,Male,Office areas,Pick up upto 10Q,Two-way (divided with broken lines road marking),No junction,Asphalt roads,Wet or damp,Darkness - lights lit,Other
7260,7:16:00,Monday,Male,Other,Lorry (41?100Q),Two-way (divided with broken lines road marking),No junction,Asphalt roads,Wet or damp,Darkness - lights lit,Other
7261,18:15:00,Friday,Male,Other,Lorry (41?100Q),Two-way (divided with broken lines road marking),No junction,Asphalt roads,Wet or damp,Darkness - lights lit,Other
7262,17:10:00,Friday,Male,Residential areas,Automobile,Two-way (divided with broken lines road marking),No junction,Asphalt roads,Dry,Darkness - lights lit,Normal