,time,Day_of_week,Sex_of_driver,Area_accident,Type_of_vehicle,Lanes_or_Medians,Types_of_Junction,Road_surface_type,Road_surface_conditions,Light_conditions,Weather_conditions
8439,7:10:00,Monday,Male,Other,Stationwagen,Undivided Two way,No junction,Gravel roads,Wet or damp,Daylight,Normal
8440,17:19:00,Tuesday,Male,Office areas,Other,Undivided Two way,Y Shape,Asphalt roads,Dry,Daylight,Normal
8442,17:19:00,Tuesday,Female,Office areas,Ridden horse,Two-way (divided with broken lines road marking),Y Shape,Asphalt roads,Dry,Daylight,Normal
8444,21:00:00,Monday,Male,Other,Other,Undivided Two way,Crossing,Asphalt roads,Dry,Darkness - lights lit,Normal
8445,3:20:00,Friday,Female,Residential areas,Lorry (41?100Q),Two-way (divided with broken lines road marking),No junction,Asphalt roads,Dry,Darkness - no lighting,Normal
8446,3:20:00,Friday,Female,Office areas,Lorry (41?100Q),Two-way (divided with broken lines road marking),No junction,Asphalt roads,Dry,Darkness - no lighting,Normal
8447,8:00:00,Monday,Male,Residential areas,Lorry (41?100Q),other,Crossing,Asphalt roads,Dry,Daylight,Normal
8448,8:00:00,Monday,Male,Residential areas,Stationwagen,Two-way (divided with broken lines road marking),Crossing,Asphalt roads,Dry,Daylight,Normal
8449,9:00:00,Wednesday,Male,Other,Lorry (41?100Q),Double carriageway (median),Y Shape,Asphalt roads,Dry,Daylight,Normal
8450,9:00:00,Wednesday,Male, Hospital areas,Automobile,One way,Y Shape,Asphalt roads,Dry,Daylight,Normal
8451,13:05:00,Thursday,Male,Other,Automobile,Undivided Two way,No junction,Asphalt roads,Dry,Daylight,Normal
8452,9:15:00,Saturday,Male,Other,Pick up upto 10Q,Undivided Two way,No junction,Asphalt roads,Dry,Daylight,Normal
8453,21:30:00,Thursday,Male,  Recreational areas,Taxi,One way,Crossing,Asphalt roads,Dry,Darkness - lights lit,Normal
8454,4:46:00,Sunday,Male,Other,Automobile,Undivided Two way,Y Shape,Asphalt roads,Dry,Darkness - lights lit,Normal
8455,4:46:00,Sunday,Male,Other,Public (> 45 seats),Undivided Two way,Y Shape,Asphalt roads,Dry,Darkness - lights lit,Normal
8456,4:46:00,Sunday,Male,Other,Lorry (41?100Q),Undivided Two way,Y Shape,Asphalt roads,Dry,Darkness - lights lit,Normal
8457,4:46:00,Sunday,Male,Office areas,Public (> 45 seats),Two-way (divided with broken lines road marking),Y Shape,Gravel roads,Dry,Darkness - lights lit,Normal
8460,4:46:00,Sunday,Male,Other,Automobile,Undivided Two way,Y Shape,Asphalt roads,Dry,Darkness - lights lit,Normal
8461,16:00:00,Saturday,Male,Other,Automobile,Undivided Two way,Crossing,Asphalt roads,Wet or damp,Daylight,Normal
8462,5:55:00,Monday,Male, Church areas,Lorry (41?100Q),Undivided Two way,Crossing,Asphalt roads,Dry,Daylight,Normal
8463,5:55:00,Monday,Male,Office areas,Automobile,Undivided Two way,Crossing,Asphalt roads,Dry,Daylight,Normal
8464,5:55:00,Monday,Male,School areas,Public (13?45 seats),other,Crossing,Asphalt roads,Dry,Daylight,Normal
8465,1:49:00,Monday,Female,Other,Automobile,Undivided Two way,Y Shape,Asphalt roads,Wet or damp,Darkness - lights lit,Normal
8466,1:49:00,Monday,Male,Office areas,Public (> 45 seats),Undivided Two way,Y Shape,Asphalt roads,Wet or damp,Darkness - lights lit,Normal
8467,13:25:00,Friday,Male,Residential areas,Lorry (41?100Q),other,O Shape,Asphalt roads,Dry,Daylight,Normal
8468,14:25:00,Monday,Male, Industrial areas,Automobile,One way,Crossing,Asphalt roads,Dry,Daylight,Normal
8469,14:25:00,Monday,Male,Other,Lorry (11?40Q),Undivided Two way,Crossing,Asphalt roads,Dry,Daylight,Normal
8470,14:04:00,Saturday,Male,Residential areas,Public (13?45 seats),Undivided Two way,Y Shape,Asphalt roads,Wet or damp,Daylight,Raining
8471,14:04:00,Saturday,Male,  Recreational areas,Public (13?45 seats),Two-way (divided with broken lines road marking),Y Shape,Asphalt roads,Wet or damp,Daylight,Raining
8473,14:20:00,Saturday,Male, Outside rural areas,Long lorry,Two-way (divided with broken lines road marking),Y Shape,Asphalt roads,Dry,Daylight,Normal
8474,14:20:00,Saturday,Male, Outside rural areas,Lorry (41?100Q),Two-way (divided with broken lines road marking),Y Shape,Asphalt roads,Dry,Daylight,Normal
8475,13:15:00,Thursday,Male, Outside rural areas,Lorry (11?40Q),Undivided Two way,Crossing,Asphalt roads,Dry,Daylight,Normal
8476,13:15:00,Thursday,Male, Outside rural areas,Lorry (41?100Q),Undivided Two way,Crossing,Asphalt roads,Dry,Daylight,Normal
8477,0:23:00,Saturday,Male, Outside rural areas,Public (12 seats),other,Y Shape,Asphalt roads,Dry,Darkness - lights lit,Normal
8479,0:23:00,Saturday,Male, Outside rural areas,Taxi,Two-way (divided with broken lines road marking),Y Shape,Asphalt roads,Dry,Darkness - lights lit,Normal
8481,22:20:00,Wednesday,Male, Outside rural areas,Automobile,Two-way (divided with broken lines road marking),Crossing,Asphalt roads,Wet or damp,Darkness - lights lit,Normal
8483,0:57:00,Tuesday,Male,Office areas,Lorry (41?100Q),Undivided Two way,No junction,Asphalt roads,Wet or damp,Darkness - lights lit,Raining
8484,8:10:00,Friday,Male, Outside rural areas,Automobile,Undivided Two way,Y Shape,Asphalt roads,Dry,Daylight,Normal
8485,8:10:00,Friday,Male, Outside rural areas,Automobile,Undivided Two way,Y Shape,Asphalt roads,Dry,Daylight,Normal
8486,14:33:00,Sunday,Male, Outside rural areas,Lorry (41?100Q),Undivided Two way,Crossing,Asphalt roads,Dry,Daylight,Normal
8487,15:33:00,Friday,Unknown,Office areas,Automobile,Undivided Two way,No junction,Asphalt roads,Wet or damp,Daylight,Raining
8488,8:00:00,Monday,Male,  Recreational areas,Automobile,Undivided Two way,O Shape,Asphalt roads,Wet or damp,Daylight,Normal
8489,0:50:00,Sunday,Male,Office areas,Automobile,Undivided Two way,No junction,Asphalt roads,Wet or damp,Darkness - lights unlit,Raining
8490,0:50:00,Sunday,Female,Other,Taxi,Two-way (divided with broken lines road marking),No junction,Asphalt roads,Wet or damp,Darkness - lights unlit,Raining
8493,16:30:00,Saturday,Male,Residential areas,Automobile,Undivided Two way,Y Shape,Asphalt roads,Dry,Daylight,Normal
8494,16:30:00,Saturday,Male,Other,Pick up upto 10Q,Undivided Two way,Y Shape,Asphalt roads,Dry,Daylight,Normal
8496,8:50:00,Friday,Male,Other,Automobile,Two-way (divided with broken lines road marking),Y Shape,Asphalt roads,Dry,Daylight,Normal
8497,2:00:00,Sunday,Male,Other,Public (12 seats),other,No junction,Asphalt roads,Dry,Darkness - no lighting,Unknown
8498,8:00:00,Wednesday,Male,Office areas,Public (13?45 seats),Two-way (divided with broken lines road marking),Crossing,Asphalt roads,Dry,Daylight,Normal
8499,8:00:00,Wednesday,Male, Church areas,Lorry (11?40Q),other,Crossing,Asphalt roads,Dry,Daylight,Normal
8500,7:10:00,Wednesday,Male,Other,Stationwagen,Two-way (divided with broken lines road marking),Y Shape,Asphalt roads,Dry,Daylight,Normal
8501,7:10:00,Wednesday,Male,Other,Ridden horse,One way,Y Shape,Asphalt roads,Dry,Daylight,Normal
8502,15:12:00,Monday,Male,Office areas,Stationwagen,Double carriageway (median),Y Shape,Asphalt roads,Dry,Daylight,Normal
8503,16:43:00,Monday,Male,Office areas,Automobile,One way,No junction,Asphalt roads,Dry,Daylight,Normal
8504,23:40:00,Tuesday,Female,Office areas,Automobile,Undivided Two way,Crossing,Asphalt roads,Wet or damp,Darkness - lights lit,Raining
8505,23:40:00,Tuesday,Male,Office areas,Other,Double carriageway (median),Crossing,Asphalt roads,Wet or damp,Darkness - lights lit,Raining
8507,19:30:00,Thursday,Male,Office areas,Automobile,Undivided Two way,Crossing,Asphalt roads,Dry,Daylight,Normal
8509,14:15:00,Monday,Male,Other,Automobile,Double carriageway (median),Crossing,Asphalt roads,Wet or damp,Daylight,Windy
8510,14:15:00,Monday,Male,Other,Public (12 seats),Two-way (divided with broken lines road marking),Crossing,Asphalt roads,Wet or damp,Daylight,Windy
8513,15:20:00,Thursday,Male,Office areas,Lorry (41?100Q),Two-way (divided with broken lines road marking),Y Shape,Asphalt roads,Dry,Daylight,Normal
8514,15:20:00,Thursday,Male,Office areas,Public (> 45 seats),Two-way (divided with broken lines road marking),Y Shape,Asphalt roads,Dry,Daylight,Normal
8517,12:15:00,Monday,Male,Residential areas,Automobile,Two-way (divided with broken lines road marking),Y Shape,Asphalt roads,Wet or damp,Daylight,Normal
8518,12:15:00,Monday,Male,School areas,Automobile,Two-way (divided with broken lines road marking),Y Shape,Asphalt roads,Wet or damp,Daylight,Normal
8519,12:15:00,Monday,Male,Office areas,Lorry (41?100Q),Undivided Two way,Y Shape,Asphalt roads,Wet or damp,Daylight,Normal
8520,11:30:00,Tuesday,Male,Other,Automobile,Undivided Two way,Unknown,Asphalt roads,Wet or damp,Daylight,Normal
8521,0:40:00,Saturday,Male,Other,Public (13?45 seats),Double carriageway (median),Y Shape,Asphalt roads,Dry,Darkness - lights lit,Normal
8522,0:40:00,Saturday,Male,Other,Automobile,Double carriageway (median),Y Shape,Asphalt roads,Dry,Darkness - lights lit,Normal
8523,16:50:00,Thursday,Male,Other,Public (> 45 seats),Two-way (divided with broken lines road marking),No junction,Asphalt roads,Dry,Daylight,Normal
8524,5:15:00,Wednesday,Male,Office areas,Lorry (41?100Q),Double carriageway (median),Y Shape,Asphalt roads,Dry,Daylight,Normal
8525,5:15:00,Wednesday,Male,Office areas,Automobile,Two-way (divided with broken lines road marking),Y Shape,Asphalt roads,Dry,Daylight,Normal
8528,4:10:00,Sunday,Male,Office areas,Public (13?45 seats),One way,Y Shape,Asphalt roads,Dry,Daylight,Normal
8531,4:10:00,Sunday,Male,Other,Lorry (41?100Q),Undivided Two way,Y Shape,Asphalt roads,Dry,Daylight,Normal
8532,9:02:00,Wednesday,Male,Other,Lorry (11?40Q),Two-way (divided with broken lines road marking),Crossing,Asphalt roads,Dry,Daylight,Normal
8533,9:02:00,Wednesday,Male,Residential areas,Lorry (41?100Q),Two-way (divided with broken lines road marking),Crossing,Asphalt roads,Dry,Daylight,Normal
8534,9:02:00,Wednesday,Male,Other,Public (12 seats),Two-way (divided with broken lines road marking),Crossing,Asphalt roads,Dry,Daylight,Normal
8536,13:40:00,Sunday,Male,Other,Taxi,Two-way (divided with broken lines road marking),Crossing,Asphalt roads,Dry,Daylight,Normal
8538,13:40:00,Sunday,Male, Industrial areas,Automobile,Undivided Two way,Crossing,Asphalt roads,Dry,Daylight,Normal
8540,13:40:00,Sunday,Male, Church areas,Lorry (41?100Q),Double carriageway (median),Crossing,Asphalt roads,Dry,Daylight,Normal
8541,13:40:00,Sunday,Male,Other,Automobile,Undivided Two way,Crossing,Asphalt roads,Dry,Daylight,Normal
8542,13:40:00,Sunday,Male,Other,Automobile,Undivided Two way,Crossing,Asphalt roads,Dry,Daylight,Normal
8543,17:00:00,Sunday,Male,Office areas,Lorry (41?100Q),Undivided Two way,No junction,Asphalt roads,Dry,Daylight,Normal
8544,15:27:00,Monday,Male,Office areas,Automobile,Undivided Two way,Crossing,Asphalt roads,Dry,Daylight,Normal
8545,15:27:00,Monday,Male,Residential areas,Automobile,Two-way (divided with broken lines road marking),Crossing,Asphalt roads,Dry,Daylight,Normal
8546,16:00:00,Wednesday,Male, Industrial areas,Automobile,Undivided Two way,Y Shape,Asphalt roads,Dry,Daylight,Normal
8547,16:00:00,Wednesday,Male,Office areas,Taxi,Undivided Two way,Y Shape,Asphalt roads,Dry,Daylight,Normal
8550,23:30:00,Friday,Male,Residential areas,Automobile,Undivided Two way,No junction,Asphalt roads,Dry,Darkness - lights lit,Normal
8551,23:30:00,Friday,Male,Office areas,Pick up upto 10Q,Two-way (divided with broken lines road marking),No junction,Asphalt roads,Dry,Darkness - lights lit,Normal
8553,15:40:00,Thursday,Male,Office areas,Automobile,Two-way (divided with broken lines road marking),Crossing,Asphalt roads,Dry,Daylight,Normal
8554,15:25:00,Thursday,Male, Church areas,Public (12 seats),Two-way (divided with broken lines road marking),No junction,Asphalt roads,Dry,Daylight,Normal
8555,16:07:00,Sunday,Male,Residential areas,Public (13?45 seats),Two-way (divided with broken lines road marking),Y Shape,Asphalt roads,Dry,Daylight,Normal
8556,16:07:00,Sunday,Male,School areas,Lorry (11?40Q),other,Y Shape,Asphalt roads,Dry,Daylight,Normal
8557,16:07:00,Sunday,Male, Hospital areas,Stationwagen,other,Y Shape,Earth roads,Dry,Daylight,Normal
8558,16:07:00,Sunday,Male,Other,Ridden horse,Undivided Two way,Y Shape,Asphalt roads,Dry,Daylight,Normal
8561,17:50:00,Saturday,Male, Industrial areas,Automobile,Undivided Two way,Crossing,Asphalt roads,Dry,Daylight,Normal
8562,17:50:00,Saturday,Male, Church areas,Other,Two-way (divided with broken lines road marking),Crossing,Earth roads,Dry,Daylight,Normal
8563,19:35:00,Thursday,Male,Office areas,Taxi,Two-way (divided with broken lines road marking),Y Shape,Asphalt roads,Dry,Daylight,Normal
8564,19:35:00,Thursday,Male,Other,Automobile,Two-way (divided with broken lines road marking),Y Shape,Asphalt roads,Dry,Daylight,Normal
8565,21:33:00,Saturday,Male,Office areas,Stationwagen,Double carriageway (median),No junction,Earth roads,Dry,Daylight,Normal
8566,8:00:00,Tuesday,Male,Office areas,Automobile,Double carriageway (median),Y Shape,Asphalt roads,Dry,Daylight,Normal
8567,8:00:00,Tuesday,Male,Office areas,Public (12 seats),Double carriageway (median),Y Shape,Asphalt roads,Dry,Daylight,Normal
8569,21:05:00,Wednesday,Male,Office areas,Automobile,Double carriageway (median),Y Shape,Asphalt roads,Dry,Darkness - lights lit,Normal
8570,8:40:00,Monday,Male,Other,Lorry (41?100Q),Undivided Two way,Y Shape,Asphalt roads,Dry,Daylight,Normal
8572,16:55:00,Monday,Male,Other,Public (> 45 seats),One way,Y Shape,Asphalt roads,Wet or damp,Daylight,Raining
8574,9:49:00,Saturday,Male,Office areas,Public (12 seats),Two-way (divided with broken lines road marking),Crossing,Asphalt roads,Dry,Daylight,Normal
8578,16:55:00,Sunday,Male,Office areas,Automobile,Two-way (divided with broken lines road marking),No junction,Asphalt roads with some distress,Wet or damp,Daylight,Normal
8579,16:55:00,Sunday,Male,Office areas,Lorry (41?100Q),Undivided Two way,No junction,Asphalt roads,Wet or damp,Daylight,Normal
8580,10:20:00,Friday,Male,Other,Public (12 seats),Undivided Two way,Crossing,Asphalt roads,Dry,Daylight,Normal
8581,10:20:00,Friday,Male,Other,Lorry (11?40Q),Undivided Two way,Crossing,Asphalt roads,Dry,Daylight,Normal
8582,10:20:00,Friday,Male,  Recreational areas,Automobile,Undivided Two way,Crossing,Asphalt roads,Dry,Daylight,Normal
8583,18:28:00,Saturday,Male, Church areas,Automobile,Undivided Two way,Y Shape,Asphalt roads,Dry,Daylight,Normal
8584,18:28:00,Saturday,Male,  Recreational areas,Automobile,other,Y Shape,Asphalt roads,Dry,Daylight,Normal
8585,15:45:00,Friday,Male,School areas,Bajaj,other,Y Shape,Asphalt roads,Dry,Daylight,Normal
8586,15:45:00,Friday,Male, Church areas,Public (12 seats),Double carriageway (median),Y Shape,Asphalt roads,Dry,Daylight,Normal
8590,8:01:00,Thursday,Male,Other,Automobile,Undivided Two way,No junction,Asphalt roads,Dry,Daylight,Normal
8591,9:07:00,Saturday,Male, Industrial areas,Lorry (11?40Q),One way,Y Shape,Asphalt roads,Wet or damp,Daylight,Normal
8592,9:07:00,Saturday,Male, Church areas,Lorry (41?100Q),other,Y Shape,Asphalt roads,Wet or damp,Daylight,Normal
8593,7:41:00,Wednesday,Male,Office areas,Pick up upto 10Q,other,Unknown,Asphalt roads,Wet or damp,Daylight,Raining
8594,7:41:00,Wednesday,Male,Office areas,Lorry (11?40Q),Undivided Two way,Unknown,Asphalt roads,Wet or damp,Daylight,Raining
8595,7:41:00,Wednesday,Male,Office areas,Stationwagen,Double carriageway (median),Unknown,Asphalt roads,Wet or damp,Daylight,Raining
8596,17:20:00,Wednesday,Male,Other,Other,Two-way (divided with broken lines road marking),Unknown,Asphalt roads,Dry,Daylight,Normal
8597,17:20:00,Wednesday,Male,Office areas,Other,Undivided Two way,Unknown,Asphalt roads,Dry,Daylight,Normal
8598,15:00:00,Thursday,Male,Other,Lorry (11?40Q),Double carriageway (median),Crossing,Gravel roads,Dry,Daylight,Normal
8600,17:55:00,Monday,Male,Residential areas,Automobile,other,Crossing,Asphalt roads,Wet or damp,Daylight,Raining
8601,17:55:00,Monday,Male,Other,Lorry (41?100Q),Two-way (divided with broken lines road marking),Crossing,Asphalt roads,Wet or damp,Daylight,Raining
8602,10:37:00,Tuesday,Male,Other,Other,One way,Y Shape,Asphalt roads,Dry,Daylight,Normal
8603,10:37:00,Tuesday,Male,Other,Lorry (41?100Q),One way,Y Shape,Asphalt roads,Dry,Daylight,Normal
8604,10:37:00,Tuesday,Male,Other,Automobile,Undivided Two way,Y Shape,Asphalt roads,Dry,Daylight,Normal
8605,13:30:00,Friday,Male,Other,Pick up upto 10Q,Two-way (divided with broken lines road marking),Y Shape,Asphalt roads,Dry,Daylight,Normal
8606,13:30:00,Friday,Male,Residential areas,Lorry (41?100Q),other,Y Shape,Asphalt roads,Dry,Daylight,Normal
8607,12:35:00,Monday,Male,Office areas,Public (13?45 seats),Two-way (divided with broken lines road marking),Y Shape,Asphalt roads,Wet or damp,Daylight,Raining
8608,15:00:00,Sunday,Male,Office areas,Long lorry,Two-way (divided with broken lines road marking),Y Shape,Asphalt roads,Dry,Daylight,Normal
8609,15:00:00,Sunday,Male,Other,Automobile,Two-way (divided with broken lines road marking),Y Shape,Asphalt roads,Dry,Daylight,Normal
8610,10:40:00,Wednesday,Male,Other,Automobile,One way,Unknown,Asphalt roads,Wet or damp,Daylight,Normal
8611,10:40:00,Wednesday,Male,Office areas,Other,Two-way (divided with broken lines road marking),Unknown,Asphalt roads,Wet or damp,Daylight,Normal
8613,20:11:00,Wednesday,Male,Other,Long lorry,Two-way (divided with broken lines road marking),Y Shape,Gravel roads,Dry,Daylight,Normal
8614,20:11:00,Wednesday,Male,Other,Public (12 seats),Two-way (divided with broken lines road marking),Y Shape,Asphalt roads,Dry,Daylight,Normal
8615,3:06:00,Sunday,Female,Residential areas,Public (12 seats),Two-way (divided with broken lines road marking),No junction,Asphalt roads,Dry,Darkness - lights lit,Normal
8616,3:06:00,Sunday,Male,Other,Other,Undivided Two way,No junction,Asphalt roads,Dry,Darkness - lights lit,Normal
8617,19:00:00,Friday,Male,Office areas,Other,Undivided Two way,Crossing,Asphalt roads,Wet or damp,Daylight,Normal
8618,19:00:00,Friday,Male,Office areas,Other,Undivided Two way,Crossing,Earth roads,Wet or damp,Daylight,Normal
8619,19:00:00,Friday,Male,Other,Public (12 seats),Undivided Two way,Crossing,Asphalt roads,Wet or damp,Daylight,Normal
8623,11:11:00,Monday,Male,Office areas,Other,Two-way (divided with broken lines road marking),Y Shape,Asphalt roads,Dry,Daylight,Normal
8625,17:10:00,Tuesday,Male, Church areas,Other,other,No junction,Asphalt roads,Wet or damp,Daylight,Normal
8626,20:21:00,Thursday,Male, Industrial areas,Other,Undivided Two way,Y Shape,Earth roads,Dry,Daylight,Normal
8627,20:21:00,Thursday,Male,Other,Other,Undivided Two way,Y Shape,Asphalt roads,Dry,Daylight,Normal
8628,4:45:00,Saturday,Male,Other,Pick up upto 10Q,Two-way (divided with broken lines road marking),No junction,Asphalt roads,Wet or damp,Darkness - lights lit,Raining
8629,4:45:00,Saturday,Male,Office areas,Automobile,Undivided Two way,No junction,Asphalt roads,Wet or damp,Darkness - lights lit,Raining
8630,4:45:00,Saturday,Male,Other,Other,One way,No junction,Asphalt roads,Wet or damp,Darkness - lights lit,Raining
8631,12:30:00,Tuesday,Male,  Recreational areas,Lorry (41?100Q),Undivided Two way,Crossing,Asphalt roads,Wet or damp,Daylight,Other
8632,12:30:00,Tuesday,Male,Other,Public (13?45 seats),Two-way (divided with broken lines road marking),Crossing,Earth roads,Wet or damp,Daylight,Other
8633,12:30:00,Tuesday,Male, Church areas,Automobile,Two-way (divided with broken lines road marking),Crossing,Asphalt roads,Wet or damp,Daylight,Other
8634,20:25:00,Saturday,Male,Residential areas,Pick up upto 10Q,Undivided Two way,Crossing,Asphalt roads,Dry,Daylight,Normal
8635,20:25:00,Saturday,Male,Office areas,Lorry (41?100Q),Two-way (divided with broken lines road marking),Crossing,Asphalt roads,Dry,Daylight,Normal
8636,18:23:00,Saturday,Male,Other,Public (12 seats),Two-way (divided with broken lines road marking),No junction,Asphalt roads,Dry,Daylight,Normal
8637,3:02:00,Sunday,Male,Office areas,Other,Undivided Two way,No junction,Asphalt roads,Dry,Darkness - lights lit,Normal
8638,3:02:00,Sunday,Male,Office areas,Lorry (41?100Q),other,No junction,Asphalt roads,Dry,Darkness - lights lit,Normal
8639,3:02:00,Sunday,Male,Other,Pick up upto 10Q,One way,No junction,Asphalt roads,Dry,Darkness - lights lit,Normal
8640,20:57:00,Tuesday,Male,Residential areas,Other,Undivided Two way,Y Shape,Asphalt roads,Dry,Darkness - lights lit,Normal
8641,20:57:00,Tuesday,Male,  Recreational areas,Lorry (41?100Q),One way,Y Shape,Asphalt roads,Dry,Darkness - lights lit,Normal
8642,20:57:00,Tuesday,Male, Church areas,Ridden horse,Undivided Two way,Y Shape,Asphalt roads,Dry,Darkness - lights lit,Normal
8643,20:57:00,Tuesday,Male,Other,Automobile,One way,Y Shape,Asphalt roads,Dry,Darkness - lights lit,Normal
8644,16:10:00,Friday,Male,Other,Automobile,Undivided Two way,Unknown,Earth roads,Dry,Daylight,Normal
8645,16:10:00,Friday,Male,Other,Stationwagen,Two-way (divided with broken lines road marking),Unknown,Asphalt roads,Dry,Daylight,Normal
8646,0:01:00,Friday,Male,Residential areas,Other,other,Crossing,Asphalt roads,Dry,Darkness - lights lit,Normal
8647,0:01:00,Friday,Male,School areas,Lorry (41?100Q),other,Crossing,Asphalt roads,Dry,Darkness - lights lit,Normal
8648,17:25:00,Sunday,Male, Church areas,Lorry (41?100Q),Two-way (divided with broken lines road marking),Crossing,Asphalt roads,Dry,Daylight,Normal
8649,17:25:00,Sunday,Male,Other,Long lorry,other,Crossing,Other,Dry,Daylight,Normal
8650,8:39:00,Tuesday,Male,Other,Stationwagen,Two-way (divided with broken lines road marking),No junction,Gravel roads,Dry,Daylight,Normal
8651,18:31:00,Tuesday,Male,Office areas,Public (12 seats),Undivided Two way,Y Shape,Gravel roads,Dry,Daylight,Normal
8652,18:31:00,Tuesday,Male,Office areas,Automobile,Two-way (divided with broken lines road marking),Y Shape,Asphalt roads,Dry,Daylight,Normal
8653,11:30:00,Tuesday,Male,Other,Public (12 seats),Undivided Two way,Y Shape,Asphalt roads,Dry,Daylight,Normal
8654,11:30:00,Tuesday,Male, Hospital areas,Lorry (41?100Q),Undivided Two way,Y Shape,Earth roads,Dry,Daylight,Normal
8655,11:30:00,Tuesday,Male,Other,Automobile,Undivided Two way,Y Shape,Asphalt roads,Dry,Daylight,Normal
8656,15:45:00,Thursday,Male,Other,Lorry (41?100Q),Two-way (divided with broken lines road marking),Y Shape,Asphalt roads,Dry,Daylight,Normal
8657,15:45:00,Thursday,Male,Other,Lorry (41?100Q),Undivided Two way,Y Shape,Asphalt roads,Dry,Daylight,Normal
8658,12:20:00,Friday,Male,Other,Pick up upto 10Q,Double carriageway (median),No junction,Asphalt roads,Dry,Daylight,Normal
8659,19:25:00,Friday,Male,Other,Other,Two-way (divided with broken lines road marking),Crossing,Earth roads,Dry,Daylight,Normal
8660,19:25:00,Friday,Male, Hospital areas,Automobile,Two-way (divided with broken lines road marking),Crossing,Asphalt roads,Dry,Daylight,Normal
8661,19:25:00,Friday,Male,Other,Automobile,Two-way (divided with broken lines road marking),Crossing,Asphalt roads,Dry,Daylight,Normal
8662,19:25:00,Friday,Male,Other,Lorry (11?40Q),One way,Crossing,Asphalt roads,Dry,Daylight,Normal
8663,19:25:00,Friday,Male,Other,Bajaj,Two-way (divided with broken lines road marking),Crossing,Asphalt roads,Dry,Daylight,Normal
8664,19:25:00,Friday,Male,Office areas,Automobile,Two-way (divided with broken lines road marking),Crossing,Asphalt roads,Dry,Daylight,Normal
8665,19:25:00,Friday,Male,Residential areas,Lorry (41?100Q),Two-way (divided with broken lines road marking),Crossing,Asphalt roads,Dry,Daylight,Normal
8666,19:00:00,Tuesday,Male,Other,Lorry (11?40Q),Two-way (divided with broken lines road marking),No junction,Asphalt roads,Wet or damp,Daylight,Normal
8667,19:00:00,Tuesday,Male,Residential areas,Lorry (11?40Q),Two-way (divided with broken lines road marking),No junction,Asphalt roads,Wet or damp,Daylight,Normal
8668,20:05:00,Monday,Male,Other,Automobile,Undivided Two way,Y Shape,Asphalt roads,Dry,Daylight,Normal
8670,0:18:00,Sunday,Male,Office areas,Automobile,Two-way (divided with broken lines road marking),No junction,Earth roads,Dry,Darkness - lights lit,Normal
8671,0:18:00,Sunday,Male,Office areas,Public (13?45 seats),Two-way (divided with broken lines road marking),No junction,Asphalt roads,Dry,Darkness - lights lit,Normal
8672,15:30:00,Friday,Male,Office areas,Public (12 seats),Double carriageway (median),Y Shape,Asphalt roads,Dry,Daylight,Normal
8673,15:30:00,Friday,Male,  Recreational areas,Other,Two-way (divided with broken lines road marking),Y Shape,Asphalt roads,Dry,Daylight,Normal
8674,21:41:00,Saturday,Male,Other,Automobile,Two-way (divided with broken lines road marking),Crossing,Asphalt roads,Dry,Darkness - lights lit,Normal
8675,21:41:00,Saturday,Male,Other,Automobile,other,Crossing,Earth roads,Dry,Darkness - lights lit,Normal
8676,8:30:00,Tuesday,Male,Other,Public (13?45 seats),Two-way (divided with broken lines road marking),Y Shape,Asphalt roads,Dry,Daylight,Normal
8677,8:30:00,Tuesday,Male,Other,Public (13?45 seats),Double carriageway (median),Y Shape,Asphalt roads,Dry,Daylight,Normal
8678,12:46:00,Tuesday,Male,Other,Automobile,Undivided Two way,Y Shape,Asphalt roads,Dry,Daylight,Normal
8679,12:46:00,Tuesday,Male,Office areas,Other,Two-way (divided with broken lines road marking),Y Shape,Asphalt roads,Dry,Daylight,Normal
8680,12:46:00,Tuesday,Male,Office areas,Pick up upto 10Q,Two-way (divided with broken lines road marking),Y Shape,Asphalt roads,Dry,Daylight,Normal
8681,21:10:00,Monday,Male,Office areas,Lorry (41?100Q),One way,Crossing,Asphalt roads,Wet or damp,Darkness - lights lit,Normal
8682,21:10:00,Monday,Male,Residential areas,Automobile,Double carriageway (median),Crossing,Asphalt roads,Wet or damp,Darkness - lights lit,Normal
8683,21:10:00,Monday,Male,  Recreational areas,Automobile,Two-way (divided with broken lines road marking),Crossing,Asphalt roads,Wet or damp,Darkness - lights lit,Normal
8684,15:30:00,Friday,Female, Church areas,Lorry (41?100Q),Double carriageway (median),Y Shape,Other,Dry,Daylight,Normal
8686,15:30:00,Friday,Male,Other,Other,Two-way (divided with broken lines road marking),Y Shape,Asphalt roads,Dry,Daylight,Normal
8687,9:40:00,Saturday,Male,Residential areas,Automobile,other,Y Shape,Asphalt roads,Dry,Daylight,Normal
8688,9:40:00,Saturday,Male,School areas,Automobile,other,Y Shape,Asphalt roads,Dry,Daylight,Normal
8689,9:40:00,Saturday,Male,Office areas,Automobile,Two-way (divided with broken lines road marking),Y Shape,Asphalt roads,Dry,Daylight,Normal
8690,19:16:00,Tuesday,Male,Other,Automobile,other,Y Shape,Asphalt roads,Dry,Daylight,Normal
8691,19:16:00,Tuesday,Male,Other,Lorry (41?100Q),Two-way (divided with broken lines road marking),Y Shape,Asphalt roads,Dry,Daylight,Normal
8692,16:59:00,Monday,Male,Office areas,Other,Two-way (divided with broken lines road marking),Y Shape,Earth roads,Dry,Daylight,Normal