,time,Day_of_week,Sex_of_driver,Area_accident,Type_of_vehicle,Lanes_or_Medians,Types_of_Junction,Road_surface_type,Road_surface_conditions,Light_conditions,Weather_conditions
8920,19:39:00,Thursday,Male,Office areas,Pick up upto 10Q,Two-way (divided with broken lines road marking),Y Shape,Asphalt roads,Dry,Daylight,Normal
8921,16:45:00,Tuesday,Male,Other,Lorry (41?100Q),Two-way (divided with broken lines road marking),Y Shape,Asphalt roads,Dry,Daylight,Normal
8922,16:45:00,Tuesday,Male,Residential areas,Lorry (41?100Q),Undivided Two way,Y Shape,Other,Dry,Daylight,Normal
8923,16:45:00,Tuesday,Male,Office areas,Automobile,other,Y Shape,Asphalt roads,Dry,Daylight,Normal
8924,16:45:00,Tuesday,Male,Residential areas,Automobile,other,Y Shape,Other,Dry,Daylight,Normal
8925,12:10:00,Sunday,Male,School areas,Pick up upto 10Q,Two-way (divided with broken lines road marking),Y Shape,Asphalt roads,Dry,Daylight,Normal
8926,18:55:00,Sunday,Male,Office areas,Pick up upto 10Q,Two-way (divided with broken lines road marking),Y Shape,Asphalt roads,Dry,Daylight,Normal
8927,18:55:00,Sunday,Male,Other,Lorry (41?100Q),other,Y Shape,Asphalt roads,Dry,Daylight,Normal
8928,18:55:00,Sunday,Male,Other,Public (12 seats),Undivided Two way,Y Shape,Asphalt roads,Dry,Daylight,Normal
8929,16:08:00,Thursday,Male, Church areas,Other,other,Other,Asphalt roads,Dry,Daylight,Normal
8930,16:08:00,Thursday,Male,Office areas,Stationwagen,Two-way (divided with broken lines road marking),Other,Asphalt roads,Dry,Daylight,Normal
8931,0:01:00,Saturday,Male,Other,Automobile,Two-way (divided with broken lines road marking),Crossing,Asphalt roads,Dry,Darkness - lights lit,Normal
8932,0:01:00,Saturday,Male,Office areas,Automobile,Two-way (divided with broken lines road marking),Crossing,Asphalt roads,Dry,Darkness - lights lit,Normal
8933,0:01:00,Saturday,Male,Office areas,Lorry (41?100Q),Two-way (divided with broken lines road marking),Crossing,Asphalt roads,Dry,Darkness - lights lit,Normal
8934,0:01:00,Saturday,Male,Office areas,Stationwagen,Two-way (divided with broken lines road marking),Crossing,Asphalt roads,Dry,Darkness - lights lit,Normal
8935,0:01:00,Saturday,Male, Church areas,Lorry (41?100Q),Undivided Two way,Crossing,Asphalt roads,Dry,Darkness - lights lit,Normal
8936,15:04:00,Wednesday,Male,Office areas,Public (> 45 seats),Undivided Two way,No junction,Asphalt roads,Dry,Daylight,Normal
8937,15:04:00,Wednesday,Male,Other,Automobile,Double carriageway (median),No junction,Asphalt roads,Dry,Daylight,Normal
8938,15:04:00,Wednesday,Male,Other,Automobile,Two-way (divided with broken lines road marking),No junction,Asphalt roads,Dry,Daylight,Normal
8939,15:04:00,Wednesday,Male, Church areas,Automobile,Unknown,No junction,Asphalt roads,Dry,Daylight,Normal
8941,15:00:00,Sunday,Male, Church areas,Lorry (41?100Q),Two-way (divided with broken lines road marking),Y Shape,Asphalt roads,Dry,Daylight,Normal
8942,9:55:00,Sunday,Male,Office areas,Lorry (41?100Q),Undivided Two way,Y Shape,Asphalt roads,Dry,Daylight,Cloudy
8943,9:55:00,Sunday,Male,Other,Automobile,other,Y Shape,Asphalt roads,Dry,Daylight,Cloudy
8944,15:35:00,Sunday,Male, Church areas,Stationwagen,Two-way (divided with broken lines road marking),Crossing,Asphalt roads,Dry,Daylight,Normal
8945,15:35:00,Sunday,Male,Other,Public (12 seats),Double carriageway (median),Crossing,Asphalt roads,Dry,Daylight,Normal
8946,15:50:00,Thursday,Male,Other,Public (12 seats),Double carriageway (median),No junction,Earth roads,Dry,Daylight,Normal
8947,15:50:00,Thursday,Male,Office areas,Automobile,Two-way (divided with broken lines road marking),No junction,Asphalt roads,Dry,Daylight,Normal
8948,2:19:00,Tuesday,Male,Other,Public (12 seats),Two-way (divided with broken lines road marking),Y Shape,Asphalt roads,Dry,Darkness - lights lit,Normal
8949,2:19:00,Tuesday,Male,Other,Public (12 seats),Two-way (divided with broken lines road marking),Y Shape,Asphalt roads,Dry,Darkness - lights lit,Normal
8950,7:15:00,Monday,Male,Residential areas,Lorry (41?100Q),Two-way (divided with broken lines road marking),Y Shape,Asphalt roads,Dry,Daylight,Normal
8951,7:15:00,Monday,Male,Office areas,Automobile,Two-way (divided with broken lines road marking),Y Shape,Asphalt roads,Dry,Daylight,Normal
8952,7:15:00,Monday,Male, Church areas,Lorry (41?100Q),One way,Y Shape,Asphalt roads,Dry,Daylight,Normal
8954,14:15:00,Wednesday,Male,  Market areas,Automobile,other,Y Shape,Asphalt roads,Dry,Daylight,Normal
8955,14:15:00,Wednesday,Male,Other,Stationwagen,Two-way (divided with broken lines road marking),Y Shape,Asphalt roads,Dry,Daylight,Normal
8958,14:20:00,Saturday,Female,Residential areas,Automobile,Undivided Two way,Y Shape,Asphalt roads,Wet or damp,Daylight,Raining
8959,17:45:00,Tuesday,Male,Other,Stationwagen,Undivided Two way,No junction,Earth roads,Dry,Daylight,Normal
8960,17:45:00,Tuesday,Male,Other,Automobile,Two-way (divided with broken lines road marking),No junction,Asphalt roads,Dry,Daylight,Normal
8961,9:05:00,Wednesday,Male,Other,Other,Double carriageway (median),No junction,Asphalt roads,Dry,Daylight,Normal
8962,9:05:00,Wednesday,Male,  Recreational areas,Other,Two-way (divided with broken lines road marking),No junction,Asphalt roads,Dry,Daylight,Normal
8963,10:50:00,Wednesday,Male,  Recreational areas,Automobile,One way,Y Shape,Earth roads,Wet or damp,Daylight,Raining
8964,16:55:00,Thursday,Male,Other,Lorry (41?100Q),Two-way (divided with broken lines road marking),No junction,Asphalt roads,Dry,Daylight,Normal
8965,16:55:00,Thursday,Male,Office areas,Lorry (41?100Q),Two-way (divided with broken lines road marking),No junction,Asphalt roads,Dry,Daylight,Normal
8966,8:55:00,Tuesday,Male,Residential areas,Lorry (41?100Q),Two-way (divided with broken lines road marking),Y Shape,Asphalt roads,Dry,Daylight,Normal
8967,8:55:00,Tuesday,Male,Other,Automobile,Two-way (divided with broken lines road marking),Y Shape,Asphalt roads,Dry,Daylight,Normal
8968,8:55:00,Tuesday,Male,Residential areas,Automobile,Undivided Two way,Y Shape,Asphalt roads,Dry,Daylight,Normal
8969,17:44:00,Friday,Male, Church areas,Public (13?45 seats),Double carriageway (median),Y Shape,Asphalt roads,Wet or damp,Daylight,Raining
8970,17:44:00,Friday,Male,Other,Public (13?45 seats),One way,Y Shape,Asphalt roads,Wet or damp,Daylight,Raining
8971,9:10:00,Friday,Male,Office areas,Lorry (41?100Q),Two-way (divided with broken lines road marking),Y Shape,Asphalt roads,Dry,Daylight,Normal
8972,9:10:00,Friday,Female,Other,Lorry (41?100Q),Undivided Two way,Y Shape,Asphalt roads,Dry,Daylight,Normal
8973,8:40:00,Wednesday,Male,  Recreational areas,Public (12 seats),Two-way (divided with broken lines road marking),Y Shape,Asphalt roads,Wet or damp,Daylight,Normal
8974,8:40:00,Wednesday,Male,Other,Other,Undivided Two way,Y Shape,Asphalt roads,Wet or damp,Daylight,Normal
8975,15:00:00,Sunday,Male,Office areas,Lorry (41?100Q),Two-way (divided with broken lines road marking),No junction,Asphalt roads,Dry,Daylight,Normal
8976,15:00:00,Sunday,Female,Residential areas,Automobile,Undivided Two way,No junction,Asphalt roads,Dry,Daylight,Normal
8977,13:35:00,Friday,Male,Office areas,Other,One way,No junction,Asphalt roads,Dry,Daylight,Normal
8978,13:35:00,Friday,Male,Office areas,Motorcycle,Two-way (divided with broken lines road marking),No junction,Asphalt roads,Dry,Daylight,Normal
8979,19:13:00,Wednesday,Male, Church areas,Automobile,Double carriageway (median),No junction,Asphalt roads,Dry,Daylight,Normal
8980,19:13:00,Wednesday,Male, Church areas,Automobile,Undivided Two way,No junction,Asphalt roads,Dry,Daylight,Normal
8981,8:15:00,Friday,Male,Residential areas,Lorry (41?100Q),Undivided Two way,Y Shape,Asphalt roads,Wet or damp,Daylight,Normal
8982,8:15:00,Friday,Male,Other,Automobile,Undivided Two way,Y Shape,Asphalt roads,Wet or damp,Daylight,Normal
8983,20:30:00,Saturday,Male,Other,Public (> 45 seats),other,Y Shape,Asphalt roads,Dry,Daylight,Normal
8985,20:30:00,Saturday,Male,Residential areas,Public (> 45 seats),Undivided Two way,Y Shape,Asphalt roads,Dry,Daylight,Normal
8986,14:00:00,Sunday,Male,Office areas,Lorry (41?100Q),Undivided Two way,No junction,Asphalt roads,Dry,Daylight,Normal
8987,9:15:00,Wednesday,Male,Residential areas,Lorry (41?100Q),Undivided Two way,Y Shape,Other,Wet or damp,Daylight,Normal
8988,9:15:00,Wednesday,Male,Other,Lorry (41?100Q),Two-way (divided with broken lines road marking),Y Shape,Asphalt roads,Wet or damp,Daylight,Normal
8989,9:15:00,Wednesday,Male,Other,Public (12 seats),Two-way (divided with broken lines road marking),Y Shape,Asphalt roads,Wet or damp,Daylight,Normal
8990,9:15:00,Wednesday,Male,  Recreational areas,Public (12 seats),Two-way (divided with broken lines road marking),Y Shape,Asphalt roads,Wet or damp,Daylight,Normal
8991,8:50:00,Monday,Female, Church areas,Stationwagen,One way,No junction,Asphalt roads,Wet or damp,Daylight,Normal
8992,8:50:00,Monday,Male,School areas,Lorry (41?100Q),Two-way (divided with broken lines road marking),No junction,Asphalt roads,Wet or damp,Daylight,Normal
8993,16:12:00,Wednesday,Male,Office areas,Automobile,Undivided Two way,Y Shape,Asphalt roads,Dry,Daylight,Other
8995,16:35:00,Friday,Male,Residential areas,Automobile,Undivided Two way,Y Shape,Asphalt roads,Wet or damp,Daylight,Other
8996,16:35:00,Friday,Male,Other,Public (13?45 seats),Undivided Two way,Y Shape,Asphalt roads,Wet or damp,Daylight,Other
8997,16:35:00,Friday,Male,Other,Public (> 45 seats),other,Y Shape,Asphalt roads,Wet or damp,Daylight,Other
8998,16:35:00,Friday,Male,Office areas,Stationwagen,One way,Y Shape,Asphalt roads,Wet or damp,Daylight,Other
9000,16:25:00,Wednesday,Male,Other,Lorry (41?100Q),Two-way (divided with broken lines road marking),Y Shape,Asphalt roads,Dry,Daylight,Normal
9001,18:58:00,Sunday,Male,Residential areas,Stationwagen,Undivided Two way,Crossing,Asphalt roads,Dry,Daylight,Normal
9002,8:45:00,Thursday,Male, Church areas,Lorry (41?100Q),Two-way (divided with broken lines road marking),Y Shape,Asphalt roads,Dry,Daylight,Normal
9003,8:45:00,Thursday,Male,Residential areas,Public (12 seats),Two-way (divided with broken lines road marking),Y Shape,Asphalt roads,Dry,Daylight,Normal
9004,8:45:00,Thursday,Male,Office areas,Lorry (41?100Q),One way,Y Shape,Asphalt roads,Dry,Daylight,Normal
9005,8:17:00,Tuesday,Male,Residential areas,Other,Two-way (divided with broken lines road marking),Y Shape,Asphalt roads,Wet or damp,Daylight,Raining
9006,8:17:00,Tuesday,Male,Other,Stationwagen,One way,Y Shape,Asphalt roads,Wet or damp,Daylight,Raining
9007,15:15:00,Wednesday,Male, Industrial areas,Automobile,Two-way (divided with broken lines road marking),Y Shape,Asphalt roads,Dry,Daylight,Normal
9008,15:15:00,Wednesday,Male, Church areas,Public (> 45 seats),Two-way (divided with broken lines road marking),Y Shape,Gravel roads,Dry,Daylight,Normal
9009,6:15:00,Monday,Male,Residential areas,Other,Undivided Two way,No junction,Asphalt roads,Dry,Daylight,Normal
9012,17:50:00,Tuesday,Male,Office areas,Public (> 45 seats),Undivided Two way,Y Shape,Asphalt roads,Dry,Daylight,Normal
9014,21:45:00,Saturday,Female, Church areas,Automobile,Two-way (divided with broken lines road marking),Crossing,Asphalt roads,Dry,Darkness - lights lit,Normal
9015,21:45:00,Saturday,Female,Office areas,Pick up upto 10Q,other,Crossing,Asphalt roads,Dry,Darkness - lights lit,Normal
9016,21:45:00,Saturday,Male, Church areas,Public (12 seats),Two-way (divided with broken lines road marking),Crossing,Asphalt roads,Dry,Darkness - lights lit,Normal
9017,12:55:00,Monday,Male,Office areas,Lorry (41?100Q),other,Y Shape,Asphalt roads,Dry,Daylight,Normal
9018,12:55:00,Monday,Male,Office areas,Lorry (41?100Q),Undivided Two way,Y Shape,Asphalt roads,Dry,Daylight,Normal
9019,12:55:00,Monday,Male,School areas,Lorry (41?100Q),Two-way (divided with broken lines road marking),Y Shape,Asphalt roads,Dry,Daylight,Normal
9020,21:10:00,Saturday,Male,Residential areas,Public (13?45 seats),Two-way (divided with broken lines road marking),No junction,Asphalt roads,Dry,Daylight,Normal
9021,21:10:00,Saturday,Male,Office areas,Lorry (41?100Q),other,No junction,Asphalt roads,Dry,Daylight,Normal
9022,8:40:00,Thursday,Male,Rural village areasOffice areas,Lorry (41?100Q),other,Crossing,Asphalt roads,Dry,Daylight,Normal
9023,8:40:00,Thursday,Male,Other,Motorcycle,Two-way (divided with broken lines road marking),Crossing,Asphalt roads,Dry,Daylight,Normal
9024,18:30:00,Saturday,Male,Residential areas,Lorry (41?100Q),Undivided Two way,Crossing,Asphalt roads,Dry,Daylight,Normal
9025,18:30:00,Saturday,Male,Office areas,Ridden horse,Undivided Two way,Crossing,Asphalt roads,Dry,Daylight,Normal
9026,13:55:00,Thursday,Male,Office areas,Automobile,Undivided Two way,Other,Gravel roads,Dry,Daylight,Normal
9027,13:55:00,Thursday,Male,Residential areas,Lorry (41?100Q),Undivided Two way,Other,Asphalt roads,Dry,Daylight,Normal
9028,15:00:00,Sunday,Male,Office areas,Pick up upto 10Q,Undivided Two way,Y Shape,Gravel roads,Dry,Daylight,Normal
9029,8:40:00,Thursday,Male,Office areas,Public (> 45 seats),Undivided Two way,Y Shape,Asphalt roads,Dry,Daylight,Normal
9031,8:20:00,Friday,Male,Office areas,Automobile,Two-way (divided with broken lines road marking),No junction,Asphalt roads,Dry,Daylight,Normal
9032,8:20:00,Friday,Male,Other,Public (12 seats),Undivided Two way,No junction,Asphalt roads,Dry,Daylight,Normal
9033,8:20:00,Friday,Female,Other,Automobile,Two-way (divided with broken lines road marking),No junction,Asphalt roads,Dry,Daylight,Normal
9034,18:40:00,Thursday,Male,Other,Automobile,Two-way (divided with broken lines road marking),No junction,Asphalt roads,Dry,Daylight,Normal
9035,10:40:00,Saturday,Male,Residential areas,Automobile,One way,Y Shape,Asphalt roads,Dry,Daylight,Normal
9036,10:40:00,Saturday,Male,School areas,Lorry (41?100Q),Undivided Two way,Y Shape,Asphalt roads,Dry,Daylight,Normal
9037,11:04:00,Wednesday,Male,Residential areas,Automobile,Undivided Two way,No junction,Asphalt roads,Dry,Daylight,Normal
9038,11:04:00,Wednesday,Male,Office areas,Automobile,Two-way (divided with broken lines road marking),No junction,Asphalt roads,Dry,Daylight,Normal
9039,15:30:00,Wednesday,Male, Church areas,Public (12 seats),One way,No junction,Asphalt roads,Dry,Daylight,Normal
9040,15:30:00,Wednesday,Male,Other,Taxi,Undivided Two way,No junction,Asphalt roads,Dry,Daylight,Normal
9041,15:30:00,Wednesday,Male,Other,Automobile,One way,No junction,Asphalt roads,Dry,Daylight,Normal
9042,20:05:00,Tuesday,Male,Other,Public (12 seats),Two-way (divided with broken lines road marking),Crossing,Asphalt roads,Dry,Daylight,Normal
9043,20:05:00,Tuesday,Male,Other,Stationwagen,Two-way (divided with broken lines road marking),Crossing,Asphalt roads,Dry,Daylight,Normal
9044,19:55:00,Monday,Male,Office areas,Stationwagen,Undivided Two way,Crossing,Asphalt roads,Dry,Daylight,Normal
9045,19:55:00,Monday,Male,Office areas,Automobile,Two-way (divided with solid lines road marking),Crossing,Asphalt roads,Dry,Daylight,Normal
9046,13:56:00,Thursday,Male,Residential areas,Lorry (41?100Q),Undivided Two way,No junction,Asphalt roads,Dry,Daylight,Normal
9047,13:56:00,Thursday,Male,Office areas,Automobile,One way,No junction,Asphalt roads,Dry,Daylight,Normal
9048,13:56:00,Thursday,Male,Residential areas,Public (12 seats),Two-way (divided with broken lines road marking),No junction,Asphalt roads,Dry,Daylight,Normal
9049,11:45:00,Saturday,Male,Office areas,Automobile,Undivided Two way,Y Shape,Asphalt roads,Dry,Daylight,Normal
9050,11:45:00,Saturday,Male,Other,Automobile,Two-way (divided with broken lines road marking),Y Shape,Asphalt roads,Dry,Daylight,Normal
9051,22:50:00,Saturday,Male,Office areas,Lorry (41?100Q),One way,No junction,Asphalt roads,Dry,Darkness - lights lit,Normal
9052,22:50:00,Saturday,Male,School areas,Automobile,Undivided Two way,No junction,Asphalt roads,Dry,Darkness - lights lit,Normal
9053,16:05:00,Wednesday,Male,Residential areas,Motorcycle,One way,Y Shape,Asphalt roads,Dry,Daylight,Normal
9055,16:05:00,Wednesday,Male,Residential areas,Automobile,Undivided Two way,Y Shape,Asphalt roads,Dry,Daylight,Normal
9056,22:25:00,Tuesday,Male,Office areas,Automobile,Undivided Two way,Crossing,Asphalt roads,Dry,Darkness - lights lit,Normal
9057,22:25:00,Tuesday,Male,Residential areas,Automobile,One way,Crossing,Asphalt roads,Dry,Darkness - lights lit,Normal
9058,18:55:00,Friday,Male,Other,Public (> 45 seats),other,Y Shape,Asphalt roads,Dry,Daylight,Normal
9060,13:00:00,Friday,Male,Office areas,Automobile,Two-way (divided with broken lines road marking),No junction,Asphalt roads,Dry,Daylight,Normal
9061,13:00:00,Friday,Male,Office areas,Automobile,Two-way (divided with broken lines road marking),No junction,Asphalt roads,Dry,Daylight,Normal
9062,23:26:00,Monday,Male,Residential areas,Other,Two-way (divided with broken lines road marking),Y Shape,Asphalt roads,Dry,Darkness - lights lit,Normal
9063,13:50:00,Sunday,Male,Other,Stationwagen,Two-way (divided with broken lines road marking),No junction,Asphalt roads,Dry,Daylight,Normal
9064,11:00:00,Saturday,Male,Other,Lorry (41?100Q),Undivided Two way,Crossing,Asphalt roads,Dry,Daylight,Normal
9065,11:00:00,Saturday,Male,Office areas,Taxi,Two-way (divided with broken lines road marking),Crossing,Asphalt roads,Dry,Daylight,Normal
9066,17:43:00,Friday,Male,Office areas,Other,Two-way (divided with broken lines road marking),No junction,Asphalt roads,Dry,Daylight,Normal
9067,17:43:00,Friday,Male, Church areas,Public (12 seats),Undivided Two way,No junction,Asphalt roads,Dry,Daylight,Normal
9068,16:25:00,Sunday,Male,Other,Automobile,One way,No junction,Asphalt roads,Wet or damp,Daylight,Raining
9069,16:25:00,Sunday,Male,Office areas,Automobile,Undivided Two way,No junction,Asphalt roads,Wet or damp,Daylight,Raining
9070,16:25:00,Sunday,Male,Office areas,Public (13?45 seats),Two-way (divided with broken lines road marking),No junction,Asphalt roads,Wet or damp,Daylight,Raining
9071,16:25:00,Sunday,Male,Residential areas,Lorry (41?100Q),Two-way (divided with broken lines road marking),No junction,Asphalt roads,Wet or damp,Daylight,Raining
9072,9:58:00,Saturday,Male,Other,Lorry (41?100Q),Undivided Two way,Y Shape,Asphalt roads,Dry,Daylight,Normal
9073,18:04:00,Saturday,Male,Residential areas,Lorry (11?40Q),Two-way (divided with broken lines road marking),Y Shape,Asphalt roads,Dry,Daylight,Normal
9074,11:50:00,Sunday,Male,Office areas,Motorcycle,Two-way (divided with broken lines road marking),No junction,Asphalt roads,Dry,Daylight,Normal
9075,14:31:00,Saturday,Male,Office areas,Lorry (41?100Q),Undivided Two way,No junction,Asphalt roads,Wet or damp,Daylight,Raining
9076,1:00:00,Saturday,Male,Other,Stationwagen,Undivided Two way,No junction,Asphalt roads,Wet or damp,Darkness - lights lit,Other
9077,1:00:00,Saturday,Male,Other,Automobile,other,No junction,Asphalt roads,Wet or damp,Darkness - lights lit,Other
9078,5:55:00,Friday,Male,Office areas,Other,One way,Y Shape,Asphalt roads,Dry,Daylight,Normal
9079,5:55:00,Friday,Male,Residential areas,Other,Two-way (divided with broken lines road marking),Y Shape,Asphalt roads,Dry,Daylight,Normal
9080,17:40:00,Friday,Male,Other,Taxi,Two-way (divided with broken lines road marking),Y Shape,Asphalt roads,Wet or damp,Daylight,Raining
9081,17:40:00,Friday,Male,Residential areas,Automobile,Undivided Two way,Y Shape,Asphalt roads,Wet or damp,Daylight,Raining
9082,15:10:00,Tuesday,Male, Church areas,Long lorry,Two-way (divided with broken lines road marking),Y Shape,Asphalt roads,Dry,Daylight,Normal
9083,15:10:00,Tuesday,Male,Residential areas,Long lorry,Two-way (divided with broken lines road marking),Y Shape,Asphalt roads,Dry,Daylight,Normal
9084,15:10:00,Tuesday,Male,Office areas,Lorry (41?100Q),One way,Y Shape,Asphalt roads,Dry,Daylight,Normal
9085,18:05:00,Wednesday,Male,Residential areas,Lorry (41?100Q),Two-way (divided with broken lines road marking),Other,Asphalt roads,Dry,Daylight,Normal
9086,18:05:00,Wednesday,Male,Other,Lorry (11?40Q),One way,Other,Asphalt roads,Dry,Daylight,Normal
9087,11:00:00,Wednesday,Male, Industrial areas,Automobile,Two-way (divided with broken lines road marking),No junction,Asphalt roads,Dry,Daylight,Normal
9088,18:30:00,Sunday,Male, Church areas,Taxi,Two-way (divided with broken lines road marking),Y Shape,Asphalt roads,Dry,Daylight,Normal
9089,13:50:00,Thursday,Male,Residential areas,Other,Undivided Two way,Y Shape,Asphalt roads,Dry,Daylight,Normal
9092,18:15:00,Wednesday,Female,Office areas,Automobile,Undivided Two way,No junction,Asphalt roads,Dry,Daylight,Normal
9093,16:20:00,Saturday,Male, Outside rural areas,Automobile,Two-way (divided with broken lines road marking),Y Shape,Asphalt roads,Dry,Daylight,Normal
9094,16:20:00,Saturday,Male, Church areas,Public (> 45 seats),Two-way (divided with broken lines road marking),Y Shape,Asphalt roads,Dry,Daylight,Normal
9095,10:30:00,Tuesday,Female,Office areas,Lorry (11?40Q),other,No junction,Asphalt roads,Dry,Daylight,Normal
9096,15:30:00,Tuesday,Male, Church areas,Lorry (41?100Q),Two-way (divided with broken lines road marking),No junction,Asphalt roads,Wet or damp,Daylight,Raining
9097,15:30:00,Tuesday,Male,Office areas,Lorry (41?100Q),other,No junction,Asphalt roads,Wet or damp,Daylight,Raining
9098,15:30:00,Tuesday,Male,Office areas,Stationwagen,Undivided Two way,No junction,Asphalt roads,Wet or damp,Daylight,Raining
9099,15:30:00,Tuesday,Male,School areas,Other,Two-way (divided with broken lines road marking),No junction,Asphalt roads,Wet or damp,Daylight,Raining
9100,16:05:00,Sunday,Male,Residential areas,Automobile,Two-way (divided with broken lines road marking),Y Shape,Asphalt roads,Dry,Daylight,Normal
9101,19:38:00,Thursday,Female,Office areas,Pick up upto 10Q,other,Y Shape,Asphalt roads,Dry,Daylight,Unknown
9102,21:45:00,Friday,Male,Rural village areasOffice areas,Motorcycle,other,Other,Asphalt roads,Wet or damp,Darkness - no lighting,Raining
9103,18:50:00,Friday,Male,Other,Automobile,Two-way (divided with broken lines road marking),Crossing,Asphalt roads,Dry,Daylight,Normal
9104,18:50:00,Friday,Male,Residential areas,Pick up upto 10Q,Undivided Two way,Crossing,Asphalt roads,Dry,Daylight,Normal
9105,18:15:00,Thursday,Male,Office areas,Motorcycle,Undivided Two way,Y Shape,Asphalt roads,Dry,Daylight,Normal
9106,18:15:00,Thursday,Male,Office areas,Stationwagen,Undivided Two way,Y Shape,Asphalt roads,Dry,Daylight,Normal
9107,8:25:00,Thursday,Male,Residential areas,Lorry (41?100Q),Undivided Two way,Y Shape,Asphalt roads,Dry,Daylight,Normal
9108,21:05:00,Tuesday,Male,Office areas,Taxi,Undivided Two way,Crossing,Asphalt roads,Wet or damp,Darkness - lights lit,Normal
9109,21:05:00,Tuesday,Male,Office areas,Automobile,Undivided Two way,Crossing,Asphalt roads,Wet or damp,Darkness - lights lit,Normal
9111,7:10:00,Friday,Male,Office areas,Automobile,Two-way (divided with broken lines road marking),Crossing,Asphalt roads,Dry,Daylight,Normal
9112,7:10:00,Friday,Male,Other,Public (12 seats),Undivided Two way,Crossing,Asphalt roads,Dry,Daylight,Normal
9113,19:40:00,Monday,Male,Other,Lorry (11?40Q),Two-way (divided with broken lines road marking),No junction,Asphalt roads,Dry,Daylight,Normal
9114,19:52:00,Sunday,Male,Other,Pick up upto 10Q,Two-way (divided with broken lines road marking),Y Shape,Asphalt roads,Dry,Darkness - lights lit,Normal
9115,19:52:00,Sunday,Male,Residential areas,Lorry (41?100Q),One way,Y Shape,Asphalt roads,Dry,Darkness - lights lit,Normal
9116,15:25:00,Tuesday,Male,School areas,Other,Undivided Two way,Y Shape,Asphalt roads,Dry,Daylight,Normal
9117,15:00:00,Thursday,Male,Residential areas,Automobile,Undivided Two way,No junction,Asphalt roads,Dry,Daylight,Normal
9118,15:00:00,Thursday,Male,Office areas,Long lorry,Two-way (divided with broken lines road marking),No junction,Asphalt roads,Dry,Daylight,Normal
9119,12:00:00,Saturday,Male, Church areas,Lorry (11?40Q),One way,Crossing,Asphalt roads,Dry,Daylight,Normal
9120,9:00:00,Monday,Male,Other,Long lorry,Undivided Two way,Y Shape,Asphalt roads,Wet or damp,Daylight,Normal
9121,9:00:00,Monday,Male,Other,Automobile,One way,Y Shape,Asphalt roads,Wet or damp,Daylight,Normal
9122,17:22:00,Saturday,Male,Other,Taxi,Two-way (divided with broken lines road marking),Y Shape,Asphalt roads,Dry,Daylight,Normal
9123,17:22:00,Saturday,Male,Other,Taxi,Two-way (divided with broken lines road marking),Y Shape,Asphalt roads,Dry,Daylight,Normal
9124,14:20:00,Monday,Male,Office areas,Long lorry,Undivided Two way,Y Shape,Asphalt roads,Dry,Daylight,Normal
9125,14:20:00,Monday,Male,Office areas,Lorry (11?40Q),Two-way (divided with solid lines road marking),Y Shape,Asphalt roads,Dry,Daylight,Normal
9126,13:40:00,Friday,Male,Residential areas,Lorry (11?40Q),Undivided Two way,No junction,Asphalt roads,Dry,Daylight,Normal
9127,13:40:00,Friday,Male,Office areas,Long lorry,One way,No junction,Asphalt roads,Dry,Daylight,Normal
9128,17:40:00,Thursday,Male,Residential areas,Turbo,Two-way (divided with broken lines road marking),Y Shape,Asphalt roads,Dry,Daylight,Normal
9129,17:40:00,Thursday,Male,Office areas,Long lorry,Undivided Two way,Y Shape,Asphalt roads,Dry,Daylight,Normal
9130,17:40:00,Thursday,Male,Other,Long lorry,Two-way (divided with broken lines road marking),Y Shape,Asphalt roads,Dry,Daylight,Normal
9131,11:40:00,Tuesday,Male,Office areas,Public (13?45 seats),One way,Y Shape,Asphalt roads,Wet or damp,Daylight,Normal
9132,11:40:00,Tuesday,Male,School areas,Automobile,Undivided Two way,Y Shape,Asphalt roads,Wet or damp,Daylight,Normal
9134,8:20:00,Tuesday,Male,Office areas,Pick up upto 10Q,Undivided Two way,Y Shape,Asphalt roads,Dry,Daylight,Normal
9136,9:30:00,Tuesday,Male,Office areas,Stationwagen,Undivided Two way,No junction,Asphalt roads,Dry,Daylight,Normal
9138,14:45:00,Wednesday,Male,Residential areas,Automobile,Undivided Two way,Y Shape,Asphalt roads,Dry,Daylight,Normal
9139,14:45:00,Wednesday,Male,Other,Automobile,Two-way (divided with broken lines road marking),Y Shape,Asphalt roads,Dry,Daylight,Normal
9140,18:45:00,Thursday,Male, Industrial areas,Long lorry,Undivided Two way,Y Shape,Asphalt roads,Dry,Daylight,Normal
9141,18:45:00,Thursday,Male,Office areas,Public (13?45 seats),Two-way (divided with broken lines road marking),Y Shape,Asphalt roads,Dry,Daylight,Normal
9142,7:35:00,Monday,Male,  Recreational areas,Public (13?45 seats),Two-way (divided with broken lines road marking),No junction,Asphalt roads,Wet or damp,Daylight,Raining
9143,7:35:00,Monday,Male,Residential areas,Lorry (11?40Q),Two-way (divided with broken lines road marking),No junction,Asphalt roads,Wet or damp,Daylight,Raining