,time,Day_of_week,Sex_of_driver,Area_accident,Type_of_vehicle,Lanes_or_Medians,Types_of_Junction,Road_surface_type,Road_surface_conditions,Light_conditions,Weather_conditions
9631,12:25:00,Tuesday,Male,Other,Public (12 seats),Two-way (divided with broken lines road marking),No junction,Asphalt roads,Dry,Daylight,Normal
9632,15:30:00,Monday,Male,Residential areas,Public (12 seats),Two-way (divided with broken lines road marking),Crossing,Asphalt roads,Dry,Daylight,Normal
9633,18:10:00,Thursday,Male,Other,Other,Undivided Two way,No junction,Asphalt roads,Dry,Daylight,Normal
9634,15:25:00,Thursday,Male,Office areas,Other,Undivided Two way,No junction,Asphalt roads,Dry,Daylight,Normal
9635,15:25:00,Thursday,Male,Office areas,Other,Undivided Two way,No junction,Earth roads,Dry,Daylight,Normal
9636,13:57:00,Saturday,Male,Other,Public (12 seats),Undivided Two way,O Shape,Asphalt roads,Dry,Daylight,Normal
9640,20:30:00,Friday,Male,Office areas,Other,Two-way (divided with broken lines road marking),Crossing,Asphalt roads,Dry,Darkness - lights lit,Normal
9642,16:30:00,Sunday,Male, Church areas,Other,other,No junction,Asphalt roads,Dry,Daylight,Normal
9643,21:50:00,Sunday,Male, Industrial areas,Other,Undivided Two way,No junction,Earth roads,Dry,Darkness - lights lit,Normal
9644,21:50:00,Sunday,Male,Other,Other,Undivided Two way,No junction,Asphalt roads,Dry,Darkness - lights lit,Normal
9645,9:12:00,Wednesday,Male,Other,Pick up upto 10Q,Two-way (divided with broken lines road marking),Y Shape,Asphalt roads,Dry,Daylight,Normal
9646,9:12:00,Wednesday,Male,Office areas,Automobile,Undivided Two way,Y Shape,Asphalt roads,Dry,Daylight,Normal
9647,14:40:00,Friday,Male,Other,Other,One way,Y Shape,Asphalt roads,Dry,Daylight,Normal
9648,10:36:00,Friday,Male,  Recreational areas,Lorry (41?100Q),Undivided Two way,Crossing,Asphalt roads,Dry,Daylight,Normal
9649,10:36:00,Friday,Male,Other,Public (13?45 seats),Two-way (divided with broken lines road marking),Crossing,Earth roads,Dry,Daylight,Normal
9650,18:19:00,Monday,Male, Church areas,Automobile,Two-way (divided with broken lines road marking),Crossing,Asphalt roads,Dry,Daylight,Normal
9651,18:19:00,Monday,Male,Residential areas,Pick up upto 10Q,Undivided Two way,Crossing,Asphalt roads,Dry,Daylight,Normal
9652,19:12:00,Tuesday,Male,Office areas,Lorry (41?100Q),Two-way (divided with broken lines road marking),Other,Asphalt roads,Dry,Daylight,Normal
9653,19:12:00,Tuesday,Male,Other,Public (12 seats),Two-way (divided with broken lines road marking),Other,Asphalt roads,Dry,Daylight,Normal
9654,11:38:00,Saturday,Male,Office areas,Other,Undivided Two way,No junction,Asphalt roads,Dry,Daylight,Normal
9655,11:38:00,Saturday,Male,Office areas,Lorry (41?100Q),other,No junction,Asphalt roads,Dry,Daylight,Normal
9656,11:38:00,Saturday,Male,Other,Pick up upto 10Q,One way,No junction,Asphalt roads,Dry,Daylight,Normal
9657,11:38:00,Saturday,Male,Residential areas,Other,Undivided Two way,No junction,Asphalt roads,Dry,Daylight,Normal
9658,13:30:00,Thursday,Male,  Recreational areas,Lorry (41?100Q),One way,No junction,Asphalt roads,Dry,Daylight,Normal
9659,13:30:00,Thursday,Male, Church areas,Ridden horse,Undivided Two way,No junction,Asphalt roads,Dry,Daylight,Normal
9660,12:39:00,Tuesday,Male,Other,Automobile,One way,Unknown,Asphalt roads,Wet or damp,Daylight,Raining
9661,12:39:00,Tuesday,Male,Other,Automobile,Undivided Two way,Unknown,Earth roads,Wet or damp,Daylight,Raining
9662,12:30:00,Friday,Male,Other,Stationwagen,Two-way (divided with broken lines road marking),Y Shape,Asphalt roads,Dry,Daylight,Normal
9663,12:30:00,Friday,Male,Residential areas,Other,other,Y Shape,Asphalt roads,Dry,Daylight,Normal
9664,16:55:00,Sunday,Male,School areas,Lorry (41?100Q),other,Y Shape,Asphalt roads,Dry,Daylight,Normal
9665,16:55:00,Sunday,Male, Church areas,Lorry (41?100Q),Two-way (divided with broken lines road marking),Y Shape,Asphalt roads,Dry,Daylight,Normal
9666,18:25:00,Monday,Female,Other,Long lorry,other,No junction,Other,Dry,Daylight,Normal
9667,18:25:00,Monday,Male,Other,Stationwagen,Two-way (divided with broken lines road marking),No junction,Gravel roads,Dry,Daylight,Normal
9668,13:01:00,Thursday,Male,Office areas,Public (12 seats),Undivided Two way,O Shape,Gravel roads,Dry,Daylight,Normal
9669,13:01:00,Thursday,Male,Office areas,Automobile,Two-way (divided with broken lines road marking),O Shape,Asphalt roads,Dry,Daylight,Normal
9670,13:45:00,Wednesday,Male,Other,Public (12 seats),Undivided Two way,No junction,Asphalt roads,Dry,Daylight,Normal
9671,13:45:00,Wednesday,Male, Hospital areas,Lorry (41?100Q),Undivided Two way,No junction,Earth roads,Dry,Daylight,Normal
9672,18:45:00,Monday,Male,Other,Automobile,Undivided Two way,Crossing,Asphalt roads,Dry,Darkness - lights lit,Normal
9673,18:45:00,Monday,Male,Other,Lorry (41?100Q),Two-way (divided with broken lines road marking),Crossing,Asphalt roads,Dry,Darkness - lights lit,Normal
9674,11:02:00,Thursday,Male,Other,Lorry (41?100Q),Undivided Two way,No junction,Asphalt roads,Dry,Daylight,Normal
9675,11:02:00,Thursday,Male,Other,Pick up upto 10Q,Double carriageway (median),No junction,Asphalt roads,Dry,Daylight,Normal
9676,11:02:00,Thursday,Male,Other,Other,Two-way (divided with broken lines road marking),No junction,Earth roads,Dry,Daylight,Normal
9677,11:02:00,Thursday,Male, Hospital areas,Automobile,Two-way (divided with broken lines road marking),No junction,Asphalt roads,Dry,Daylight,Normal
9678,15:55:00,Tuesday,Male,Other,Automobile,Two-way (divided with broken lines road marking),No junction,Asphalt roads,Dry,Daylight,Normal
9679,15:00:00,Wednesday,Male,Other,Lorry (11?40Q),One way,No junction,Asphalt roads,Dry,Daylight,Normal
9680,20:00:00,Sunday,Male,Other,Bajaj,Two-way (divided with broken lines road marking),Y Shape,Asphalt roads,Dry,Darkness - lights lit,Normal
9681,20:00:00,Sunday,Male,Office areas,Automobile,Two-way (divided with broken lines road marking),Y Shape,Asphalt roads,Dry,Darkness - lights lit,Normal
9682,18:48:00,Wednesday,Male,Residential areas,Lorry (41?100Q),Two-way (divided with broken lines road marking),Crossing,Asphalt roads,Wet or damp,Darkness - lights lit,Normal
9683,18:48:00,Wednesday,Male,Other,Lorry (11?40Q),Two-way (divided with broken lines road marking),Crossing,Asphalt roads,Wet or damp,Darkness - lights lit,Normal
9684,15:55:00,Sunday,Male,Residential areas,Lorry (11?40Q),Two-way (divided with broken lines road marking),Unknown,Asphalt roads,Dry,Daylight,Normal
9685,15:55:00,Sunday,Male,Other,Automobile,Undivided Two way,Unknown,Asphalt roads,Dry,Daylight,Normal
9687,23:25:00,Wednesday,Male,Office areas,Automobile,Two-way (divided with broken lines road marking),Crossing,Earth roads,Dry,Darkness - lights lit,Normal
9688,23:25:00,Wednesday,Male,Office areas,Public (13?45 seats),Two-way (divided with broken lines road marking),Crossing,Asphalt roads,Dry,Darkness - lights lit,Normal
9689,7:40:00,Monday,Male,Office areas,Public (12 seats),Double carriageway (median),Y Shape,Asphalt roads,Dry,Daylight,Normal
9690,7:40:00,Monday,Male,  Recreational areas,Other,Two-way (divided with broken lines road marking),Y Shape,Asphalt roads,Dry,Daylight,Normal
9691,15:17:00,Sunday,Male,Other,Automobile,Two-way (divided with broken lines road marking),No junction,Asphalt roads,Dry,Daylight,Normal
9692,15:17:00,Sunday,Male,Other,Automobile,other,No junction,Earth roads,Dry,Daylight,Normal
9693,15:50:00,Monday,Male,Other,Public (13?45 seats),Two-way (divided with broken lines road marking),No junction,Asphalt roads,Dry,Daylight,Normal
9694,15:50:00,Monday,Male,Other,Public (13?45 seats),Double carriageway (median),No junction,Asphalt roads,Dry,Daylight,Normal
9695,9:45:00,Sunday,Male,Other,Automobile,Undivided Two way,Crossing,Asphalt roads,Dry,Daylight,Normal
9696,9:45:00,Sunday,Male,Office areas,Other,Two-way (divided with broken lines road marking),Crossing,Asphalt roads,Dry,Daylight,Normal
9697,17:35:00,Thursday,Male,Office areas,Pick up upto 10Q,Two-way (divided with broken lines road marking),Y Shape,Asphalt roads,Dry,Daylight,Normal
9698,17:35:00,Thursday,Male,Office areas,Lorry (41?100Q),One way,Y Shape,Asphalt roads,Dry,Daylight,Normal
9699,17:35:00,Thursday,Male,Residential areas,Automobile,Double carriageway (median),Y Shape,Asphalt roads,Dry,Daylight,Normal
9700,20:50:00,Sunday,Male,  Recreational areas,Automobile,Two-way (divided with broken lines road marking),No junction,Asphalt roads,Dry,Darkness - lights lit,Normal
9701,20:50:00,Sunday,Male, Church areas,Lorry (41?100Q),Double carriageway (median),No junction,Other,Dry,Darkness - lights lit,Normal
9703,21:32:00,Thursday,Male,Other,Other,Two-way (divided with broken lines road marking),Y Shape,Asphalt roads,Dry,Darkness - lights lit,Normal
9704,19:55:00,Monday,Male,Residential areas,Automobile,other,Y Shape,Asphalt roads,Dry,Darkness - lights lit,Normal
9705,19:55:00,Monday,Male,School areas,Automobile,other,Y Shape,Asphalt roads,Dry,Darkness - lights lit,Normal
9706,16:10:00,Monday,Male,Office areas,Automobile,Two-way (divided with broken lines road marking),Crossing,Asphalt roads,Dry,Daylight,Normal
9707,16:10:00,Monday,Male,Other,Automobile,other,Crossing,Asphalt roads,Dry,Daylight,Normal
9708,15:25:00,Monday,Male,Other,Lorry (41?100Q),Two-way (divided with broken lines road marking),Crossing,Asphalt roads,Dry,Daylight,Normal
9709,23:36:00,Thursday,Male,Office areas,Other,Two-way (divided with broken lines road marking),No junction,Earth roads,Dry,Darkness - no lighting,Normal
9710,23:36:00,Thursday,Male,Office areas,Pick up upto 10Q,Two-way (divided with broken lines road marking),No junction,Asphalt roads,Dry,Darkness - no lighting,Normal
9711,23:36:00,Thursday,Male,Other,Stationwagen,Undivided Two way,No junction,Asphalt roads,Dry,Darkness - no lighting,Normal
9712,23:36:00,Thursday,Male,Office areas,Other,Two-way (divided with broken lines road marking),No junction,Asphalt roads,Dry,Darkness - no lighting,Normal
9713,20:00:00,Monday,Male, Industrial areas,Pick up upto 10Q,Two-way (divided with broken lines road marking),Y Shape,Asphalt roads,Dry,Darkness - lights unlit,Normal
9714,20:00:00,Monday,Male,Office areas,Stationwagen,Undivided Two way,Y Shape,Asphalt roads,Dry,Darkness - lights unlit,Normal
9715,20:00:00,Monday,Male,Other,Lorry (41?100Q),Undivided Two way,Y Shape,Asphalt roads,Dry,Darkness - lights unlit,Normal
9716,17:54:00,Friday,Male,Other,Automobile,Two-way (divided with broken lines road marking),Crossing,Asphalt roads,Dry,Daylight,Normal
9719,17:00:00,Friday,Male,Office areas,Automobile,other,No junction,Asphalt roads,Dry,Daylight,Normal
9720,1:15:00,Saturday,Female,Residential areas,Turbo,other,Crossing,Asphalt roads,Dry,Darkness - lights lit,Normal
9722,1:15:00,Saturday,Male,Other,Stationwagen,other,Crossing,Asphalt roads,Dry,Darkness - lights lit,Normal
9723,1:15:00,Saturday,Male, Church areas,Automobile,Undivided Two way,Crossing,Asphalt roads,Dry,Darkness - lights lit,Normal
9724,18:30:00,Wednesday,Male,Other,Automobile,One way,No junction,Asphalt roads,Wet or damp,Darkness - lights lit,Raining
9725,18:30:00,Wednesday,Male,Other,Automobile,Two-way (divided with broken lines road marking),No junction,Earth roads,Wet or damp,Darkness - lights lit,Raining
9726,15:52:00,Friday,Male, Church areas,Pick up upto 10Q,Undivided Two way,Y Shape,Asphalt roads,Dry,Daylight,Normal
9728,15:52:00,Friday,Male,Office areas,Lorry (41?100Q),Double carriageway (median),Y Shape,Asphalt roads,Dry,Daylight,Normal
9729,12:33:00,Tuesday,Male, Church areas,Automobile,Two-way (divided with broken lines road marking),Other,Asphalt roads,Dry,Daylight,Normal
9730,8:59:00,Monday,Male,Other,Lorry (41?100Q),Undivided Two way,Crossing,Asphalt roads,Dry,Daylight,Normal
9731,8:59:00,Monday,Male,Other,Lorry (41?100Q),Undivided Two way,Crossing,Asphalt roads,Dry,Daylight,Normal
9732,17:25:00,Saturday,Male, Church areas,Lorry (41?100Q),Undivided Two way,No junction,Asphalt roads,Wet or damp,Daylight,Normal
9733,0:53:00,Sunday,Male, Industrial areas,Lorry (41?100Q),Two-way (divided with broken lines road marking),No junction,Asphalt roads,Dry,Darkness - lights lit,Normal
9734,0:53:00,Sunday,Male,Office areas,Automobile,Undivided Two way,No junction,Asphalt roads,Dry,Darkness - lights lit,Normal
9735,0:53:00,Sunday,Male,School areas,Automobile,Undivided Two way,No junction,Asphalt roads,Dry,Darkness - lights lit,Normal
9736,15:20:00,Wednesday,Male,Other,Automobile,Undivided Two way,Crossing,Asphalt roads,Dry,Daylight,Normal
9737,18:23:00,Saturday,Male, Church areas,Public (13?45 seats),One way,Y Shape,Gravel roads,Wet or damp,Darkness - lights lit,Raining
9738,18:23:00,Saturday,Male,Office areas,Automobile,Undivided Two way,Y Shape,Asphalt roads,Wet or damp,Darkness - lights lit,Raining
9739,5:24:00,Friday,Male,Other,Public (13?45 seats),other,No junction,Asphalt roads,Wet or damp,Darkness - no lighting,Normal
9740,12:15:00,Saturday,Male,Other,Public (13?45 seats),other,Crossing,Asphalt roads,Dry,Daylight,Normal
9741,22:15:00,Friday,Male,Other,Automobile,Two-way (divided with broken lines road marking),No junction,Asphalt roads,Dry,Darkness - lights lit,Normal
9742,6:35:00,Friday,Male,Other,Lorry (11?40Q),One way,Crossing,Asphalt roads,Wet or damp,Darkness - lights lit,Raining
9743,6:35:00,Friday,Male, Church areas,Automobile,Two-way (divided with broken lines road marking),Crossing,Asphalt roads,Wet or damp,Darkness - lights lit,Raining
9744,17:34:00,Thursday,Male,Residential areas,Lorry (41?100Q),Two-way (divided with broken lines road marking),No junction,Asphalt roads,Wet or damp,Darkness - lights lit,Normal
9745,17:34:00,Thursday,Male,Office areas,Other,Two-way (divided with broken lines road marking),No junction,Asphalt roads,Wet or damp,Darkness - lights lit,Normal
9746,4:00:00,Friday,Male,Other,Pick up upto 10Q,Two-way (divided with broken lines road marking),Y Shape,Asphalt roads,Wet or damp,Darkness - lights lit,Raining
9747,4:00:00,Friday,Male,Office areas,Lorry (11?40Q),Two-way (divided with broken lines road marking),Y Shape,Asphalt roads,Wet or damp,Darkness - lights lit,Raining
9748,4:00:00,Friday,Male,Other,Motorcycle,Two-way (divided with broken lines road marking),Y Shape,Asphalt roads,Wet or damp,Darkness - lights lit,Raining
9749,4:00:00,Friday,Male, Church areas,Pick up upto 10Q,Undivided Two way,Y Shape,Asphalt roads,Wet or damp,Darkness - lights lit,Raining
9750,15:50:00,Saturday,Male,Office areas,Lorry (11?40Q),Two-way (divided with broken lines road marking),Y Shape,Asphalt roads,Dry,Daylight,Normal
9751,8:50:00,Friday,Male,Other,Lorry (11?40Q),Two-way (divided with broken lines road marking),Crossing,Asphalt roads,Wet or damp,Daylight,Raining
9752,0:25:00,Sunday,Male,Other,Automobile,Two-way (divided with broken lines road marking),Y Shape,Asphalt roads,Dry,Darkness - lights lit,Normal
9753,0:25:00,Sunday,Male,School areas,Automobile,Two-way (divided with broken lines road marking),Y Shape,Asphalt roads,Dry,Darkness - lights lit,Normal
9754,0:25:00,Sunday,Male, Church areas,Other,Double carriageway (median),Y Shape,Asphalt roads,Dry,Darkness - lights lit,Normal
9755,0:10:00,Sunday,Male,School areas,Other,Undivided Two way,No junction,Other,Wet or damp,Darkness - lights lit,Raining and Windy
9756,0:10:00,Sunday,Male,Residential areas,Automobile,Double carriageway (median),No junction,Asphalt roads,Wet or damp,Darkness - lights lit,Raining and Windy
9757,15:20:00,Saturday,Female,Office areas,Taxi,Two-way (divided with broken lines road marking),Y Shape,Asphalt roads,Dry,Daylight,Cloudy
9758,15:20:00,Saturday,Male,Office areas,Other,Undivided Two way,Y Shape,Asphalt roads,Dry,Daylight,Cloudy
9759,15:20:00,Saturday,Male, Church areas,Taxi,Two-way (divided with broken lines road marking),Y Shape,Asphalt roads,Dry,Daylight,Cloudy
9760,16:30:00,Saturday,Male,Residential areas,Lorry (11?40Q),Undivided Two way,Y Shape,Asphalt roads,Wet or damp,Darkness - lights lit,Raining
9761,16:30:00,Saturday,Male,Office areas,Automobile,other,Y Shape,Asphalt roads,Wet or damp,Darkness - lights lit,Raining
9762,1:05:00,Friday,Male,Residential areas,Other,One way,Y Shape,Asphalt roads,Dry,Darkness - lights lit,Normal
9763,1:05:00,Friday,Male,Other,Automobile,Two-way (divided with broken lines road marking),Y Shape,Other,Dry,Darkness - lights lit,Normal
9764,19:40:00,Monday,Male,Other,Automobile,Two-way (divided with broken lines road marking),Crossing,Asphalt roads,Wet or damp,Darkness - no lighting,Normal
9765,19:40:00,Monday,Male,Residential areas,Automobile,Two-way (divided with broken lines road marking),Crossing,Asphalt roads,Wet or damp,Darkness - no lighting,Normal
9766,19:40:00,Monday,Male, Industrial areas,Automobile,Undivided Two way,Crossing,Asphalt roads,Wet or damp,Darkness - no lighting,Normal
9767,19:08:00,Tuesday,Male,Other,Lorry (41?100Q),Undivided Two way,Crossing,Asphalt roads,Wet or damp,Darkness - lights lit,Normal
9768,19:08:00,Tuesday,Male,Office areas,Other,Undivided Two way,Crossing,Asphalt roads,Wet or damp,Darkness - lights lit,Normal
9769,17:50:00,Saturday,Male,Other,Pick up upto 10Q,Two-way (divided with broken lines road marking),No junction,Asphalt roads,Wet or damp,Darkness - lights lit,Raining
9770,17:50:00,Saturday,Male,Other,Pick up upto 10Q,Undivided Two way,No junction,Asphalt roads,Wet or damp,Darkness - lights lit,Raining
9771,21:30:00,Sunday,Male,Other,Automobile,Two-way (divided with broken lines road marking),Y Shape,Asphalt roads,Dry,Darkness - lights lit,Normal
9773,14:49:00,Monday,Male,Office areas,Automobile,Undivided Two way,Y Shape,Other,Dry,Daylight,Normal
9774,14:49:00,Monday,Male,Other,Public (13?45 seats),Two-way (divided with broken lines road marking),Y Shape,Asphalt roads,Dry,Daylight,Normal
9776,17:40:00,Sunday,Male,Other,Public (13?45 seats),Two-way (divided with broken lines road marking),Crossing,Asphalt roads,Wet or damp,Darkness - lights lit,Normal
9777,17:40:00,Sunday,Male,Other,Other,other,Crossing,Asphalt roads,Wet or damp,Darkness - lights lit,Normal
9778,21:55:00,Saturday,Male,Office areas,Lorry (41?100Q),Undivided Two way,Crossing,Asphalt roads with some distress,Wet or damp,Darkness - lights lit,Raining
9780,7:30:00,Tuesday,Male, Church areas,Long lorry,other,Y Shape,Asphalt roads,Wet or damp,Daylight,Normal
9781,7:30:00,Tuesday,Male,Office areas,Pick up upto 10Q,Double carriageway (median),Y Shape,Asphalt roads,Wet or damp,Daylight,Normal
9782,10:41:00,Wednesday,Male,Office areas,Pick up upto 10Q,other,No junction,Asphalt roads,Wet or damp,Daylight,Other
9783,13:16:00,Wednesday,Male,Office areas,Lorry (41?100Q),Two-way (divided with broken lines road marking),No junction,Asphalt roads,Wet or damp,Daylight,Raining
9784,13:16:00,Wednesday,Male,Office areas,Lorry (41?100Q),One way,No junction,Earth roads,Wet or damp,Daylight,Raining
9785,13:16:00,Wednesday,Male,Residential areas,Automobile,Undivided Two way,No junction,Asphalt roads,Wet or damp,Daylight,Raining
9786,11:30:00,Thursday,Male,Residential areas,Other,other,Y Shape,Asphalt roads,Dry,Daylight,Normal
9788,19:31:00,Wednesday,Male,Office areas,Other,Double carriageway (median),Crossing,Asphalt roads,Wet or damp,Darkness - no lighting,Raining
9789,19:31:00,Wednesday,Male,Residential areas,Automobile,Two-way (divided with broken lines road marking),Crossing,Asphalt roads,Wet or damp,Darkness - no lighting,Raining
9790,9:25:00,Friday,Male,Other,Pick up upto 10Q,Two-way (divided with broken lines road marking),No junction,Asphalt roads,Wet or damp,Daylight,Normal
9791,9:25:00,Friday,Male,Other,Automobile,Two-way (divided with broken lines road marking),No junction,Asphalt roads,Wet or damp,Daylight,Normal
9792,14:10:00,Wednesday,Male,Other,Public (12 seats),Two-way (divided with broken lines road marking),No junction,Asphalt roads,Dry,Daylight,Normal
9793,14:10:00,Wednesday,Male,School areas,Automobile,Double carriageway (median),No junction,Asphalt roads,Dry,Daylight,Normal
9794,14:00:00,Friday,Male,School areas,Other,Double carriageway (median),Y Shape,Asphalt roads,Wet or damp,Daylight,Normal
9795,14:00:00,Friday,Male,School areas,Public (12 seats),Undivided Two way,Y Shape,Asphalt roads,Wet or damp,Daylight,Normal
9796,22:05:00,Tuesday,Female,Residential areas,Stationwagen,One way,Crossing,Gravel roads,Wet or damp,Darkness - lights lit,Normal
9797,22:05:00,Tuesday,Male,Other,Lorry (41?100Q),Undivided Two way,Crossing,Asphalt roads,Wet or damp,Darkness - lights lit,Normal
9798,7:00:00,Thursday,Male,Office areas,Lorry (41?100Q),Two-way (divided with broken lines road marking),Y Shape,Asphalt roads,Wet or damp,Darkness - lights lit,Windy
9799,7:00:00,Thursday,Male,Other,Lorry (41?100Q),Two-way (divided with broken lines road marking),Y Shape,Asphalt roads,Wet or damp,Darkness - lights lit,Windy
9800,7:35:00,Thursday,Male,School areas,Automobile,Undivided Two way,Y Shape,Asphalt roads,Wet or damp,Darkness - lights lit,Raining
9801,7:35:00,Thursday,Male,Other,Lorry (41?100Q),Double carriageway (median),Y Shape,Asphalt roads,Wet or damp,Darkness - lights lit,Raining
9803,8:43:00,Wednesday,Male,Other,Public (12 seats),Two-way (divided with broken lines road marking),Y Shape,Asphalt roads,Wet or damp,Daylight,Raining
9804,16:05:00,Tuesday,Male,Office areas,Automobile,Two-way (divided with broken lines road marking),Y Shape,Asphalt roads,Wet or damp,Daylight,Normal
9805,22:05:00,Friday,Male,Other,Stationwagen,Two-way (divided with broken lines road marking),Y Shape,Asphalt roads,Wet or damp,Darkness - lights lit,Raining
9806,22:05:00,Friday,Male,Other,Automobile,Two-way (divided with broken lines road marking),Y Shape,Asphalt roads,Wet or damp,Darkness - lights lit,Raining
9807,22:05:00,Friday,Male, Outside rural areas,Lorry (41?100Q),Undivided Two way,Y Shape,Asphalt roads,Wet or damp,Darkness - lights lit,Raining
9808,22:05:00,Friday,Male,Other,Other,other,Y Shape,Asphalt roads,Wet or damp,Darkness - lights lit,Raining
9809,3:40:00,Saturday,Male,Residential areas,Pick up upto 10Q,Two-way (divided with broken lines road marking),Y Shape,Asphalt roads,Wet or damp,Darkness - lights lit,Windy
9811,9:25:00,Tuesday,Female,Office areas,Lorry (41?100Q),Double carriageway (median),Crossing,Asphalt roads,Dry,Daylight,Normal
9812,9:25:00,Tuesday,Female, Hospital areas,Automobile,One way,Crossing,Asphalt roads,Dry,Daylight,Normal
9813,9:25:00,Tuesday,Female, Industrial areas,Public (13?45 seats),Two-way (divided with broken lines road marking),Crossing,Asphalt roads,Dry,Daylight,Normal
9814,9:25:00,Tuesday,Female,Other,Automobile,Undivided Two way,Crossing,Asphalt roads,Dry,Daylight,Normal
9815,9:25:00,Tuesday,Female,Office areas,Lorry (41?100Q),Undivided Two way,Crossing,Asphalt roads,Dry,Daylight,Normal
9816,7:58:00,Thursday,Male,Office areas,Public (12 seats),other,Y Shape,Asphalt roads,Wet or damp,Daylight,Raining
9817,7:58:00,Thursday,Male,Residential areas,Motorcycle,Two-way (divided with broken lines road marking),Y Shape,Asphalt roads,Wet or damp,Daylight,Raining
9820,17:10:00,Tuesday,Male,Other,Automobile,Two-way (divided with broken lines road marking),Y Shape,Asphalt roads,Wet or damp,Darkness - lights lit,Normal
9821,17:10:00,Tuesday,Male,  Market areas,Lorry (41?100Q),Undivided Two way,Y Shape,Asphalt roads,Wet or damp,Darkness - lights lit,Normal
9822,17:10:00,Tuesday,Male,Office areas,Stationwagen,other,Y Shape,Asphalt roads,Wet or damp,Darkness - lights lit,Normal
9823,15:30:00,Saturday,Female, Church areas,Pick up upto 10Q,Two-way (divided with broken lines road marking),Y Shape,Asphalt roads,Wet or damp,Daylight,Normal
9824,15:30:00,Saturday,Male, Church areas,Automobile,Two-way (divided with broken lines road marking),Y Shape,Asphalt roads,Wet or damp,Daylight,Normal
9825,9:47:00,Saturday,Male,Residential areas,Automobile,Double carriageway (median),Crossing,Asphalt roads,Wet or damp,Daylight,Raining
9827,9:47:00,Saturday,Male,Residential areas,Other,Double carriageway (median),Crossing,Asphalt roads,Wet or damp,Daylight,Raining
9828,11:19:00,Monday,Female,Residential areas,Automobile,Two-way (divided with broken lines road marking),No junction,Asphalt roads,Dry,Daylight,Normal
9829,11:19:00,Monday,Female,Other,Public (13?45 seats),Double carriageway (median),No junction,Asphalt roads,Dry,Daylight,Normal
9830,13:13:00,Friday,Female,Other,Public (13?45 seats),Two-way (divided with broken lines road marking),No junction,Asphalt roads,Dry,Daylight,Normal
9831,13:13:00,Friday,Male,Residential areas,Automobile,Two-way (divided with broken lines road marking),No junction,Asphalt roads,Dry,Daylight,Normal
9832,15:55:00,Thursday,Male,Other,Public (12 seats),other,Y Shape,Other,Wet or damp,Daylight,Raining
9833,15:55:00,Thursday,Male, Church areas,Public (12 seats),Undivided Two way,Y Shape,Asphalt roads,Wet or damp,Daylight,Raining
9834,15:55:00,Thursday,Male,Other,Lorry (41?100Q),Undivided Two way,Y Shape,Asphalt roads,Wet or damp,Daylight,Raining
9835,10:47:00,Thursday,Male,Office areas,Automobile,Undivided Two way,Y Shape,Asphalt roads,Wet or damp,Daylight,Normal
9836,10:47:00,Thursday,Male,Office areas,Pick up upto 10Q,Two-way (divided with broken lines road marking),Y Shape,Asphalt roads,Wet or damp,Daylight,Normal
9837,15:00:00,Thursday,Male,Residential areas,Pick up upto 10Q,Undivided Two way,No junction,Asphalt roads,Dry,Daylight,Normal
9838,15:00:00,Thursday,Male,Other,Lorry (41?100Q),Two-way (divided with broken lines road marking),No junction,Asphalt roads,Dry,Daylight,Normal
9839,18:40:00,Thursday,Male, Industrial areas,Automobile,Undivided Two way,Y Shape,Asphalt roads,Wet or damp,Darkness - lights lit,Raining
9840,3:55:00,Monday,Male,Office areas,Stationwagen,Two-way (divided with broken lines road marking),No junction,Asphalt roads,Wet or damp,Darkness - lights lit,Raining and Windy
9841,3:55:00,Monday,Male,  Recreational areas,Motorcycle,Two-way (divided with broken lines road marking),No junction,Asphalt roads,Wet or damp,Darkness - lights lit,Raining and Windy
9843,17:45:00,Sunday,Unknown,Residential areas,Other,Undivided Two way,Crossing,Asphalt roads,Dry,Darkness - lights lit,Normal
9844,17:45:00,Sunday,Male, Church areas,Automobile,Undivided Two way,Crossing,Asphalt roads,Dry,Darkness - lights lit,Normal
9847,19:10:00,Friday,Male,Other,Public (> 45 seats),Undivided Two way,Crossing,Asphalt roads,Wet or damp,Darkness - lights lit,Raining
9848,10:13:00,Thursday,Male,Other,Automobile,Two-way (divided with solid lines road marking),Y Shape,Asphalt roads,Dry,Daylight,Normal
9849,10:13:00,Thursday,Male, Church areas,Other,Two-way (divided with solid lines road marking),Y Shape,Earth roads,Dry,Daylight,Normal
9850,9:48:00,Friday,Male,Other,Automobile,Two-way (divided with solid lines road marking),Crossing,Asphalt roads,Dry,Daylight,Normal