,time,Day_of_week,Sex_of_driver,Area_accident,Type_of_vehicle,Lanes_or_Medians,Types_of_Junction,Road_surface_type,Road_surface_conditions,Light_conditions,Weather_conditions
10304,17:50:00,Friday,Male,Residential areas,Lorry (41?100Q),other,Crossing,Asphalt roads,Dry,Darkness - lights lit,Normal
10305,17:50:00,Friday,Male,Residential areas,Lorry (41?100Q),One way,Crossing,Asphalt roads,Dry,Darkness - lights lit,Normal
10306,8:25:00,Monday,Female,Other,Other,One way,Y Shape,Asphalt roads,Wet or damp,Daylight,Raining and Windy
10307,13:00:00,Tuesday,Male, Church areas,Automobile,Undivided Two way,Y Shape,Asphalt roads,Dry,Daylight,Normal
10310,23:45:00,Friday,Male,Residential areas,Lorry (41?100Q),other,Crossing,Asphalt roads,Wet or damp,Darkness - lights lit,Raining
10311,23:45:00,Friday,Female,Residential areas,Other,other,Crossing,Asphalt roads,Wet or damp,Darkness - lights lit,Raining
10312,20:50:00,Tuesday,Male,Office areas,Automobile,Double carriageway (median),Crossing,Asphalt roads,Dry,Darkness - lights lit,Normal
10313,20:50:00,Tuesday,Male,  Market areas,Public (> 45 seats),Undivided Two way,Crossing,Asphalt roads,Dry,Darkness - lights lit,Normal
10314,10:54:00,Friday,Male,Unknown,Stationwagen,other,Y Shape,Asphalt roads,Dry,Daylight,Normal
10315,16:50:00,Monday,Male, Industrial areas,Automobile,other,No junction,Asphalt roads,Wet or damp,Darkness - lights lit,Normal
10316,16:50:00,Monday,Male,Residential areas,Lorry (41?100Q),Two-way (divided with solid lines road marking),No junction,Asphalt roads,Wet or damp,Darkness - lights lit,Normal
10317,16:50:00,Monday,Male,Residential areas,Other,Undivided Two way,No junction,Asphalt roads,Wet or damp,Darkness - lights lit,Normal
10318,18:30:00,Sunday,Male,Other,Public (13?45 seats),Undivided Two way,No junction,Asphalt roads,Wet or damp,Darkness - lights lit,Normal
10319,18:30:00,Sunday,Male,Residential areas,Other,other,No junction,Asphalt roads,Wet or damp,Darkness - lights lit,Normal
10320,18:30:00,Sunday,Male,Rural village areas,Other,Undivided Two way,No junction,Asphalt roads,Wet or damp,Darkness - lights lit,Normal
10321,18:30:00,Sunday,Male,Rural village areas,Ridden horse,Undivided Two way,No junction,Asphalt roads,Wet or damp,Darkness - lights lit,Normal
10322,18:30:00,Sunday,Male,Office areas,Lorry (41?100Q),Double carriageway (median),No junction,Asphalt roads,Wet or damp,Darkness - lights lit,Normal
10323,15:50:00,Thursday,Female,Residential areas,Lorry (41?100Q),Undivided Two way,No junction,Asphalt roads,Wet or damp,Darkness - lights lit,Raining
10324,15:50:00,Thursday,Male,Residential areas,Pick up upto 10Q,other,No junction,Asphalt roads,Wet or damp,Darkness - lights lit,Raining
10325,15:40:00,Friday,Male, Outside rural areas,Lorry (11?40Q),other,Crossing,Asphalt roads,Wet or damp,Darkness - lights lit,Normal
10326,15:40:00,Friday,Male,Residential areas,Automobile,other,Crossing,Asphalt roads,Wet or damp,Darkness - lights lit,Normal
10327,7:50:00,Thursday,Male, Church areas,Automobile,other,O Shape,Asphalt roads,Wet or damp,Daylight,Normal
10328,7:50:00,Thursday,Male,Office areas,Pick up upto 10Q,Undivided Two way,O Shape,Asphalt roads,Wet or damp,Daylight,Normal
10329,17:05:00,Monday,Male,Office areas,Automobile,Two-way (divided with broken lines road marking),Y Shape,Asphalt roads,Dry,Daylight,Normal
10330,15:25:00,Monday,Male,Office areas,Other,Two-way (divided with broken lines road marking),No junction,Asphalt roads,Wet or damp,Daylight,Cloudy
10331,9:45:00,Monday,Male,Other,Lorry (41?100Q),Undivided Two way,Unknown,Asphalt roads,Dry,Daylight,Normal
10332,9:45:00,Monday,Male,Other,Public (13?45 seats),Undivided Two way,Unknown,Asphalt roads,Dry,Daylight,Normal
10333,9:45:00,Monday,Female,Residential areas,Pick up upto 10Q,Two-way (divided with broken lines road marking),Unknown,Asphalt roads,Dry,Daylight,Normal
10334,10:16:00,Friday,Male,Other,Stationwagen,Two-way (divided with broken lines road marking),No junction,Asphalt roads,Wet or damp,Daylight,Raining
10335,8:54:00,Thursday,Male,Other,Other,Undivided Two way,Y Shape,Asphalt roads,Wet or damp,Daylight,Other
10336,13:00:00,Thursday,Male,Other,Pick up upto 10Q,Two-way (divided with broken lines road marking),No junction,Asphalt roads,Wet or damp,Daylight,Raining
10337,13:00:00,Thursday,Male,Other,Public (13?45 seats),Undivided Two way,No junction,Asphalt roads,Wet or damp,Daylight,Raining
10338,17:10:00,Wednesday,Male,Other,Public (12 seats),Double carriageway (median),Y Shape,Asphalt roads,Wet or damp,Darkness - lights lit,Normal
10339,17:10:00,Wednesday,Male,Other,Lorry (41?100Q),Two-way (divided with broken lines road marking),Y Shape,Asphalt roads,Wet or damp,Darkness - lights lit,Normal
10340,21:00:00,Saturday,Male, Church areas,Pick up upto 10Q,Two-way (divided with broken lines road marking),Y Shape,Asphalt roads,Wet or damp,Darkness - lights lit,Raining
10341,16:13:00,Wednesday,Male,Other,Lorry (41?100Q),Undivided Two way,Crossing,Asphalt roads,Wet or damp,Darkness - lights lit,Cloudy
10342,16:13:00,Wednesday,Male, Industrial areas,Pick up upto 10Q,Two-way (divided with broken lines road marking),Crossing,Asphalt roads,Wet or damp,Darkness - lights lit,Cloudy
10343,17:20:00,Tuesday,Male,Residential areas,Long lorry,Double carriageway (median),Y Shape,Asphalt roads,Dry,Darkness - lights lit,Normal
10345,22:00:00,Saturday,Male,Office areas,Other,Two-way (divided with broken lines road marking),No junction,Asphalt roads,Wet or damp,Darkness - lights lit,Windy
10347,7:58:00,Monday,Male, Industrial areas,Public (13?45 seats),Double carriageway (median),No junction,Asphalt roads,Wet or damp,Daylight,Raining
10348,20:16:00,Sunday,Male,Other,Special vehicle,Two-way (divided with broken lines road marking),Y Shape,Asphalt roads,Dry,Darkness - lights lit,Normal
10349,20:16:00,Sunday,Female, Hospital areas,Lorry (41?100Q),Two-way (divided with broken lines road marking),Y Shape,Asphalt roads,Dry,Darkness - lights lit,Normal
10350,20:00:00,Saturday,Male,Office areas,Lorry (41?100Q),One way,Crossing,Asphalt roads,Wet or damp,Darkness - lights lit,Other
10351,18:40:00,Thursday,Male, Church areas,Public (> 45 seats),Undivided Two way,No junction,Asphalt roads,Wet or damp,Darkness - lights lit,Windy
10352,16:31:00,Wednesday,Male, Hospital areas,Automobile,Undivided Two way,Unknown,Asphalt roads,Wet or damp,Darkness - lights lit,Raining
10353,18:45:00,Tuesday,Male,Office areas,Automobile,other,O Shape,Asphalt roads,Wet or damp,Darkness - lights lit,Raining
10354,18:45:00,Tuesday,Male,Other,Automobile,Two-way (divided with broken lines road marking),O Shape,Asphalt roads,Wet or damp,Darkness - lights lit,Raining
10355,15:16:00,Monday,Male,Office areas,Public (> 45 seats),Undivided Two way,No junction,Asphalt roads,Wet or damp,Daylight,Cloudy
10356,18:35:00,Wednesday,Male,Office areas,Lorry (11?40Q),Two-way (divided with broken lines road marking),No junction,Asphalt roads,Wet or damp,Darkness - lights lit,Raining
10357,18:35:00,Wednesday,Male,Other,Pick up upto 10Q,Double carriageway (median),No junction,Asphalt roads,Wet or damp,Darkness - lights lit,Raining
10358,20:40:00,Tuesday,Male,Office areas,Lorry (11?40Q),Undivided Two way,Y Shape,Asphalt roads,Wet or damp,Darkness - lights lit,Normal
10359,20:40:00,Tuesday,Male,Residential areas,Pick up upto 10Q,Undivided Two way,Y Shape,Asphalt roads,Wet or damp,Darkness - lights lit,Normal
10360,17:34:00,Monday,Male,Other,Special vehicle,Two-way (divided with broken lines road marking),Y Shape,Asphalt roads,Dry,Darkness - lights lit,Normal
10361,17:34:00,Monday,Male,Office areas,Lorry (11?40Q),Double carriageway (median),Y Shape,Asphalt roads,Dry,Darkness - lights lit,Normal
10364,22:25:00,Friday,Male,Other,Lorry (41?100Q),Two-way (divided with broken lines road marking),No junction,Asphalt roads,Dry,Darkness - lights lit,Normal
10365,22:25:00,Friday,Male, Church areas,Other,Undivided Two way,No junction,Asphalt roads,Dry,Darkness - lights lit,Normal
10366,15:10:00,Friday,Male, Industrial areas,Other,Undivided Two way,Y Shape,Asphalt roads,Wet or damp,Daylight,Normal
10367,17:10:00,Wednesday,Male,Office areas,Automobile,Double carriageway (median),Y Shape,Asphalt roads,Dry,Darkness - lights lit,Normal
10368,17:10:00,Wednesday,Male, Church areas,Other,Undivided Two way,Y Shape,Asphalt roads,Dry,Darkness - lights lit,Normal
10369,6:12:00,Saturday,Male,Office areas,Automobile,Undivided Two way,Crossing,Asphalt roads,Wet or damp,Darkness - lights lit,Raining
10370,6:12:00,Saturday,Male,Office areas,Public (13?45 seats),other,Crossing,Asphalt roads,Wet or damp,Darkness - lights lit,Raining
10371,6:12:00,Saturday,Male,Residential areas,Lorry (41?100Q),Two-way (divided with broken lines road marking),Crossing,Asphalt roads,Wet or damp,Darkness - lights lit,Raining
10373,11:05:00,Thursday,Male,Residential areas,Automobile,Undivided Two way,Y Shape,Asphalt roads,Wet or damp,Daylight,Normal
10375,17:43:00,Wednesday,Male,Office areas,Lorry (41?100Q),Double carriageway (median),Y Shape,Asphalt roads,Dry,Darkness - lights lit,Normal
10377,17:00:00,Friday,Male,Other,Lorry (41?100Q),Two-way (divided with broken lines road marking),Y Shape,Asphalt roads,Dry,Darkness - lights lit,Normal
10378,10:07:00,Monday,Male,Residential areas,Taxi,Two-way (divided with broken lines road marking),Crossing,Asphalt roads,Wet or damp,Daylight,Raining
10379,10:07:00,Monday,Male, Church areas,Lorry (41?100Q),Two-way (divided with broken lines road marking),Crossing,Asphalt roads,Wet or damp,Daylight,Raining
10380,10:40:00,Monday,Male, Church areas,Lorry (41?100Q),Double carriageway (median),Y Shape,Asphalt roads,Wet or damp,Daylight,Raining
10381,10:40:00,Monday,Male,Residential areas,Other,Double carriageway (median),Y Shape,Asphalt roads,Wet or damp,Daylight,Raining
10382,18:40:00,Friday,Male,Office areas,Stationwagen,Two-way (divided with broken lines road marking),Y Shape,Asphalt roads,Wet or damp,Darkness - lights lit,Raining
10383,17:55:00,Saturday,Male,Office areas,Stationwagen,Two-way (divided with broken lines road marking),Y Shape,Earth roads,Wet or damp,Darkness - lights lit,Raining
10384,17:55:00,Saturday,Male,Residential areas,Lorry (41?100Q),Two-way (divided with broken lines road marking),Y Shape,Asphalt roads,Wet or damp,Darkness - lights lit,Raining
10385,17:57:00,Saturday,Male, Church areas,Lorry (41?100Q),other,Crossing,Asphalt roads,Wet or damp,Darkness - no lighting,Raining
10386,17:45:00,Wednesday,Male,Other,Other,Two-way (divided with broken lines road marking),Y Shape,Asphalt roads,Wet or damp,Darkness - lights lit,Raining
10387,19:40:00,Monday,Male,Office areas,Automobile,Two-way (divided with broken lines road marking),Y Shape,Asphalt roads,Dry,Darkness - lights lit,Normal
10389,21:05:00,Thursday,Male,Other,Taxi,Two-way (divided with broken lines road marking),No junction,Asphalt roads,Wet or damp,Darkness - lights lit,Raining
10391,13:05:00,Monday,Male,Residential areas,Other,Two-way (divided with broken lines road marking),Y Shape,Asphalt roads,Dry,Daylight,Normal
10392,13:05:00,Monday,Male, Church areas,Automobile,Undivided Two way,Y Shape,Asphalt roads,Dry,Daylight,Normal
10393,4:01:00,Thursday,Male,Other,Public (> 45 seats),Undivided Two way,Y Shape,Asphalt roads,Wet or damp,Darkness - lights lit,Normal
10394,13:53:00,Friday,Male,Other,Stationwagen,One way,Y Shape,Asphalt roads,Dry,Daylight,Normal
10395,13:53:00,Friday,Male,Residential areas,Automobile,Two-way (divided with broken lines road marking),Y Shape,Asphalt roads,Dry,Daylight,Normal
10396,17:28:00,Thursday,Male,Office areas,Lorry (41?100Q),One way,Other,Asphalt roads,Dry,Darkness - lights lit,Normal
10397,12:47:00,Sunday,Male, Industrial areas,Other,Two-way (divided with broken lines road marking),Crossing,Asphalt roads,Dry,Daylight,Normal
10398,12:47:00,Sunday,Male,Residential areas,Public (13?45 seats),Double carriageway (median),Crossing,Asphalt roads,Dry,Daylight,Normal
10399,13:43:00,Tuesday,Male,Office areas,Other,Unknown,No junction,Asphalt roads,Dry,Daylight,Normal
10401,12:29:00,Tuesday,Male, Church areas,Ridden horse,other,Crossing,Asphalt roads,Dry,Daylight,Normal
10403,12:29:00,Tuesday,Male,  Recreational areas,Lorry (41?100Q),One way,Crossing,Asphalt roads,Dry,Daylight,Normal
10404,12:29:00,Tuesday,Male,  Market areas,Pick up upto 10Q,Undivided Two way,Crossing,Asphalt roads,Dry,Daylight,Normal
10405,8:27:00,Wednesday,Male,Other,Lorry (11?40Q),Two-way (divided with broken lines road marking),Y Shape,Asphalt roads,Dry,Daylight,Normal
10406,8:27:00,Wednesday,Male,Other,Automobile,Two-way (divided with broken lines road marking),Y Shape,Asphalt roads,Dry,Daylight,Normal
10407,8:27:00,Wednesday,Male, Industrial areas,Automobile,Two-way (divided with broken lines road marking),Y Shape,Asphalt roads,Dry,Daylight,Normal
10408,12:05:00,Friday,Male,Other,Lorry (11?40Q),Two-way (divided with broken lines road marking),Y Shape,Asphalt roads,Wet or damp,Daylight,Windy
10409,12:05:00,Friday,Male,Office areas,Motorcycle,other,Y Shape,Asphalt roads,Wet or damp,Daylight,Windy
10411,12:51:00,Thursday,Male,Office areas,Stationwagen,Two-way (divided with broken lines road marking),Crossing,Asphalt roads,Dry,Daylight,Normal
10412,12:51:00,Thursday,Male,Office areas,Automobile,Undivided Two way,Crossing,Asphalt roads,Dry,Daylight,Normal
10413,11:10:00,Sunday,Male,Other,Other,other,Crossing,Asphalt roads,Wet or damp,Daylight,Normal
10414,11:10:00,Sunday,Male,Other,Other,other,Crossing,Asphalt roads,Wet or damp,Daylight,Normal
10415,11:10:00,Sunday,Male,Other,Taxi,Undivided Two way,Crossing,Asphalt roads,Wet or damp,Daylight,Normal
10416,11:10:00,Sunday,Male,Other,Automobile,other,Crossing,Asphalt roads,Wet or damp,Daylight,Normal
10417,10:30:00,Monday,Male,Residential areas,Long lorry,Undivided Two way,No junction,Asphalt roads,Wet or damp,Daylight,Normal
10418,22:25:00,Thursday,Male, Church areas,Long lorry,Undivided Two way,Crossing,Asphalt roads,Dry,Darkness - no lighting,Cloudy
10419,22:25:00,Thursday,Male,Office areas,Lorry (41?100Q),Double carriageway (median),Crossing,Asphalt roads,Dry,Darkness - no lighting,Cloudy
10420,17:27:00,Friday,Male, Church areas,Lorry (41?100Q),other,Other,Asphalt roads,Wet or damp,Darkness - lights lit,Normal
10421,17:27:00,Friday,Male,Other,Lorry (11?40Q),Two-way (divided with broken lines road marking),Other,Asphalt roads,Wet or damp,Darkness - lights lit,Normal
10423,12:10:00,Tuesday,Male,School areas,Taxi,other,Y Shape,Asphalt roads,Wet or damp,Daylight,Normal
10424,8:00:00,Tuesday,Male,Office areas,Other,Two-way (divided with broken lines road marking),Y Shape,Asphalt roads,Dry,Daylight,Normal
10425,8:00:00,Tuesday,Male,Other,Automobile,other,Y Shape,Asphalt roads,Dry,Daylight,Normal
10426,8:00:00,Tuesday,Male,Office areas,Automobile,Undivided Two way,Y Shape,Asphalt roads,Dry,Daylight,Normal
10427,17:00:00,Tuesday,Male,Other,Automobile,Undivided Two way,No junction,Asphalt roads,Wet or damp,Darkness - lights lit,Normal
10428,17:45:00,Wednesday,Female,Other,Automobile,Two-way (divided with broken lines road marking),Crossing,Asphalt roads,Dry,Darkness - lights lit,Normal
10429,9:57:00,Thursday,Male,Office areas,Public (> 45 seats),Undivided Two way,Y Shape,Asphalt roads,Dry,Daylight,Normal
10430,9:57:00,Thursday,Male,Other,Lorry (11?40Q),Double carriageway (median),Y Shape,Asphalt roads,Dry,Daylight,Normal
10431,18:00:00,Friday,Male, Church areas,Lorry (41?100Q),other,Y Shape,Asphalt roads,Dry,Darkness - lights lit,Normal
10432,18:00:00,Friday,Female,Office areas,Lorry (41?100Q),Two-way (divided with broken lines road marking),Y Shape,Asphalt roads,Dry,Darkness - lights lit,Normal
10433,19:00:00,Tuesday,Male,Office areas,Stationwagen,Two-way (divided with broken lines road marking),Y Shape,Asphalt roads,Wet or damp,Darkness - lights lit,Other
10434,19:00:00,Tuesday,Male,Other,Other,Undivided Two way,Y Shape,Asphalt roads,Wet or damp,Darkness - lights lit,Other
10435,19:00:00,Tuesday,Male,Residential areas,Automobile,Undivided Two way,Y Shape,Asphalt roads,Wet or damp,Darkness - lights lit,Other
10436,19:00:00,Tuesday,Male,Residential areas,Pick up upto 10Q,Undivided Two way,Y Shape,Asphalt roads,Wet or damp,Darkness - lights lit,Other
10438,13:05:00,Friday,Male,Other,Automobile,other,Other,Asphalt roads,Dry,Daylight,Normal
10440,13:51:00,Tuesday,Male,School areas,Motorcycle,Double carriageway (median),No junction,Asphalt roads,Wet or damp,Daylight,Normal
10441,16:10:00,Monday,Male,Other,Stationwagen,Two-way (divided with broken lines road marking),Unknown,Asphalt roads,Wet or damp,Darkness - lights unlit,Normal
10442,16:10:00,Monday,Male,Other,Lorry (41?100Q),Two-way (divided with broken lines road marking),Unknown,Asphalt roads,Wet or damp,Darkness - lights unlit,Normal
10443,8:55:00,Thursday,Male, Church areas,Taxi,Two-way (divided with broken lines road marking),Y Shape,Asphalt roads,Wet or damp,Daylight,Other
10445,8:55:00,Thursday,Male,Other,Long lorry,Two-way (divided with broken lines road marking),Y Shape,Asphalt roads,Wet or damp,Daylight,Other
10446,2:04:00,Thursday,Male,Residential areas,Automobile,Double carriageway (median),No junction,Asphalt roads,Wet or damp,Darkness - lights lit,Other
10447,7:30:00,Wednesday,Male,Office areas,Public (12 seats),Two-way (divided with broken lines road marking),Crossing,Asphalt roads,Wet or damp,Darkness - lights lit,Windy
10448,7:30:00,Wednesday,Male,Office areas,Lorry (11?40Q),Undivided Two way,Crossing,Asphalt roads,Wet or damp,Darkness - lights lit,Windy
10449,11:44:00,Wednesday,Male,Office areas,Pick up upto 10Q,Two-way (divided with broken lines road marking),Y Shape,Asphalt roads,Dry,Daylight,Normal
10451,18:15:00,Thursday,Male,Office areas,Other,Two-way (divided with broken lines road marking),Unknown,Asphalt roads,Wet or damp,Darkness - lights lit,Raining
10452,14:29:00,Saturday,Male,Office areas,Automobile,Two-way (divided with broken lines road marking),Y Shape,Asphalt roads,Dry,Daylight,Unknown
10453,14:29:00,Saturday,Male,Office areas,Long lorry,Two-way (divided with broken lines road marking),Y Shape,Asphalt roads,Dry,Daylight,Unknown
10454,2:10:00,Saturday,Female,Office areas,Lorry (11?40Q),Two-way (divided with broken lines road marking),No junction,Asphalt roads,Dry,Darkness - lights lit,Normal
10455,17:15:00,Wednesday,Male,Other,Long lorry,Two-way (divided with broken lines road marking),Y Shape,Asphalt roads,Wet or damp,Darkness - lights lit,Unknown
10456,11:29:00,Saturday,Male,Residential areas,Automobile,Double carriageway (median),Y Shape,Asphalt roads,Dry,Daylight,Normal
10457,11:29:00,Saturday,Male, Church areas,Taxi,Undivided Two way,Y Shape,Asphalt roads,Dry,Daylight,Normal
10458,11:29:00,Saturday,Male,Other,Taxi,Two-way (divided with broken lines road marking),Y Shape,Asphalt roads,Dry,Daylight,Normal
10459,11:29:00,Saturday,Male,  Recreational areas,Long lorry,Two-way (divided with broken lines road marking),Y Shape,Asphalt roads,Dry,Daylight,Normal
10461,10:20:00,Sunday,Male, Industrial areas,Lorry (11?40Q),Undivided Two way,Y Shape,Asphalt roads,Dry,Daylight,Normal
10462,10:20:00,Sunday,Male,Other,Long lorry,Two-way (divided with broken lines road marking),Y Shape,Asphalt roads,Dry,Daylight,Normal
10463,18:05:00,Tuesday,Male,Other,Turbo,other,Y Shape,Asphalt roads,Wet or damp,Darkness - lights lit,Raining
10464,18:05:00,Tuesday,Male, Church areas,Long lorry,other,Y Shape,Asphalt roads,Wet or damp,Darkness - lights lit,Raining
10465,13:32:00,Wednesday,Male, Church areas,Long lorry,Undivided Two way,O Shape,Asphalt roads,Dry,Daylight,Normal
10466,13:32:00,Wednesday,Male,Other,Public (13?45 seats),Two-way (divided with broken lines road marking),O Shape,Asphalt roads,Dry,Daylight,Normal
10467,13:32:00,Wednesday,Male,Other,Automobile,One way,O Shape,Asphalt roads,Dry,Daylight,Normal
10469,9:51:00,Thursday,Male,Other,Pick up upto 10Q,Undivided Two way,Y Shape,Asphalt roads,Dry,Daylight,Normal
10471,11:50:00,Monday,Male, Church areas,Stationwagen,Two-way (divided with broken lines road marking),Y Shape,Asphalt roads,Dry,Daylight,Normal
10473,10:35:00,Wednesday,Male,Office areas,Automobile,Undivided Two way,No junction,Asphalt roads,Wet or damp,Daylight,Normal
10474,10:35:00,Wednesday,Male,Other,Automobile,Undivided Two way,No junction,Asphalt roads,Wet or damp,Daylight,Normal
10475,10:35:00,Wednesday,Male,Residential areas,Long lorry,Two-way (divided with broken lines road marking),No junction,Asphalt roads,Wet or damp,Daylight,Normal
10476,18:30:00,Thursday,Male,Office areas,Public (13?45 seats),Two-way (divided with broken lines road marking),Y Shape,Asphalt roads,Dry,Darkness - lights lit,Normal
10477,18:30:00,Thursday,Male,Residential areas,Public (13?45 seats),other,Y Shape,Asphalt roads,Dry,Darkness - lights lit,Normal
10478,18:30:00,Friday,Male,Residential areas,Lorry (11?40Q),Two-way (divided with broken lines road marking),Y Shape,Asphalt roads,Dry,Darkness - lights lit,Normal
10479,18:30:00,Friday,Male,Other,Lorry (11?40Q),Double carriageway (median),Y Shape,Asphalt roads,Dry,Darkness - lights lit,Normal
10480,11:55:00,Friday,Male, Hospital areas,Pick up upto 10Q,One way,Y Shape,Asphalt roads,Dry,Daylight,Normal
10481,11:55:00,Friday,Male,Other,Automobile,Undivided Two way,Y Shape,Asphalt roads,Dry,Daylight,Normal
10482,7:30:00,Wednesday,Male,Other,Automobile,Undivided Two way,No junction,Asphalt roads,Wet or damp,Darkness - lights lit,Other
10483,7:30:00,Wednesday,Male,  Recreational areas,Automobile,One way,No junction,Asphalt roads,Wet or damp,Darkness - lights lit,Other
10484,0:09:00,Monday,Male,Other,Long lorry,Undivided Two way,Y Shape,Asphalt roads,Wet or damp,Darkness - lights lit,Normal
10485,0:09:00,Monday,Male,Other,Long lorry,Undivided Two way,Y Shape,Asphalt roads,Wet or damp,Darkness - lights lit,Normal
10486,19:47:00,Saturday,Female,Other,Automobile,Undivided Two way,O Shape,Asphalt roads,Wet or damp,Darkness - lights lit,Normal
10487,19:47:00,Saturday,Male,Office areas,Stationwagen,Two-way (divided with broken lines road marking),O Shape,Asphalt roads,Wet or damp,Darkness - lights lit,Normal
10489,19:00:00,Wednesday,Male,Residential areas,Other,Two-way (divided with broken lines road marking),Y Shape,Asphalt roads,Dry,Darkness - lights lit,Normal
10490,12:00:00,Thursday,Female,Other,Special vehicle,Undivided Two way,No junction,Asphalt roads,Wet or damp,Daylight,Normal
10491,12:00:00,Thursday,Male,Other,Lorry (41?100Q),Undivided Two way,No junction,Asphalt roads,Wet or damp,Daylight,Normal
10492,22:42:00,Friday,Male, Church areas,Pick up upto 10Q,Undivided Two way,No junction,Asphalt roads,Dry,Darkness - lights lit,Normal
10493,7:55:00,Monday,Male,Office areas,Lorry (11?40Q),Undivided Two way,No junction,Asphalt roads,Wet or damp,Daylight,Normal
10494,7:25:00,Friday,Male,School areas,Lorry (41?100Q),other,Y Shape,Asphalt roads,Dry,Daylight,Normal
10495,7:25:00,Friday,Male,Other,Motorcycle,Undivided Two way,Y Shape,Asphalt roads,Dry,Daylight,Normal
10496,23:25:00,Saturday,Female,Office areas,Automobile,Undivided Two way,Y Shape,Asphalt roads,Dry,Darkness - lights lit,Normal
10497,23:25:00,Saturday,Male,Residential areas,Automobile,other,Y Shape,Gravel roads,Dry,Darkness - lights lit,Normal
10498,15:10:00,Wednesday,Male, Industrial areas,Automobile,One way,Y Shape,Asphalt roads,Dry,Daylight,Normal
10499,15:10:00,Wednesday,Male,Other,Stationwagen,Undivided Two way,Y Shape,Asphalt roads,Dry,Daylight,Normal
10501,17:00:00,Wednesday,Male,  Recreational areas,Public (> 45 seats),Two-way (divided with broken lines road marking),Y Shape,Asphalt roads,Wet or damp,Darkness - lights lit,Other
10502,16:10:00,Tuesday,Male,Office areas,Public (> 45 seats),other,Crossing,Asphalt roads,Dry,Daylight,Normal
10503,13:29:00,Saturday,Male, Outside rural areas,Stationwagen,Two-way (divided with broken lines road marking),Other,Asphalt roads,Dry,Daylight,Normal
10504,13:29:00,Saturday,Male, Outside rural areas,Automobile,Two-way (divided with broken lines road marking),Other,Asphalt roads,Dry,Daylight,Normal
10505,12:40:00,Friday,Male, Outside rural areas,Bicycle,Undivided Two way,Other,Asphalt roads,Dry,Daylight,Normal
10506,12:40:00,Friday,Male, Outside rural areas,Automobile,Undivided Two way,Other,Asphalt roads,Dry,Daylight,Normal
10507,15:30:00,Friday,Male, Outside rural areas,Lorry (41?100Q),other,No junction,Asphalt roads with some distress,Dry,Daylight,Normal
10508,15:30:00,Friday,Male,School areas,Automobile,other,No junction,Asphalt roads,Dry,Daylight,Normal
10509,15:30:00,Friday,Male, Outside rural areas,Public (13?45 seats),Two-way (divided with broken lines road marking),No junction,Asphalt roads,Dry,Daylight,Normal
10510,15:30:00,Friday,Male, Outside rural areas,Special vehicle,Undivided Two way,No junction,Asphalt roads,Dry,Daylight,Normal
10511,15:30:00,Friday,Male, Outside rural areas,Automobile,Two-way (divided with broken lines road marking),No junction,Asphalt roads,Dry,Daylight,Normal
10512,3:32:00,Saturday,Male, Outside rural areas,Public (13?45 seats),Two-way (divided with broken lines road marking),No junction,Asphalt roads,Dry,Darkness - lights lit,Normal
11400,15:47:00,Thursday,Male,  Recreational areas,Automobile,Undivided Two way,No junction,Asphalt roads,Wet or damp,Darkness - lights lit,Raining
11402,17:25:00,Friday,Male,  Recreational areas,Taxi,other,Crossing,Asphalt roads,Wet or damp,Daylight,Raining
11403,17:25:00,Friday,Male,School areas,Lorry (41?100Q),other,No junction,Asphalt roads,Wet or damp,Daylight,Raining
11404,17:25:00,Friday,Male, Church areas,Other,Double carriageway (median),No junction,Asphalt roads,Wet or damp,Daylight,Normal
11406,17:22:00,Sunday,Male,Residential areas,Public (> 45 seats),One way,Y Shape,Asphalt roads,Wet or damp,Darkness - lights lit,Raining
11407,16:05:00,Monday,Male,Other,Stationwagen,One way,Y Shape,Asphalt roads,Wet or damp,Darkness - lights lit,Raining
11408,16:05:00,Monday,Male,Other,Automobile,Undivided Two way,Y Shape,Asphalt roads,Wet or damp,Darkness - lights lit,Raining
11409,16:05:00,Monday,Male, Industrial areas,Lorry (41?100Q),One way,Crossing,Asphalt roads,Wet or damp,Darkness - lights lit,Windy
11410,9:00:00,Thursday,Male, Church areas,Other,other,Y Shape,Asphalt roads,Dry,Daylight,Normal
11411,9:00:00,Thursday,Male,Office areas,Public (13?45 seats),other,Y Shape,Asphalt roads,Dry,Daylight,Normal
11412,8:55:00,Saturday,Male,Office areas,Other,Undivided Two way,Y Shape,Asphalt roads,Dry,Daylight,Normal
11413,10:44:00,Friday,Male,Office areas,Other,Double carriageway (median),No junction,Asphalt roads,Dry,Daylight,Normal
11414,16:18:00,Wednesday,Male,Other,Ridden horse,Two-way (divided with broken lines road marking),No junction,Asphalt roads,Dry,Daylight,Normal