,time,Day_of_week,Sex_of_driver,Area_accident,Type_of_vehicle,Lanes_or_Medians,Types_of_Junction,Road_surface_type,Road_surface_conditions,Light_conditions,Weather_conditions
11415,17:21:00,Thursday,Male,Office areas,Lorry (41?100Q),Undivided Two way,No junction,Asphalt roads,Dry,Daylight,Normal
11416,17:21:00,Thursday,Male,Other,Lorry (41?100Q),Double carriageway (median),No junction,Gravel roads,Wet or damp,Daylight,Raining
11417,17:21:00,Thursday,Male, Industrial areas,Pick up upto 10Q,Two-way (divided with broken lines road marking),No junction,Asphalt roads,Wet or damp,Daylight,Raining
11418,17:21:00,Thursday,Male,Residential areas,Lorry (11?40Q),other,Y Shape,Asphalt roads,Wet or damp,Darkness - no lighting,Raining
11419,15:40:00,Monday,Male,Other,Automobile,Two-way (divided with broken lines road marking),Y Shape,Asphalt roads,Wet or damp,Darkness - no lighting,Raining
11420,15:40:00,Monday,Male,Other,Automobile,One way,Y Shape,Asphalt roads,Wet or damp,Darkness - lights lit,Normal
11421,15:40:00,Monday,Male,Other,Lorry (11?40Q),One way,Y Shape,Asphalt roads,Wet or damp,Darkness - lights lit,Normal
11422,15:40:00,Monday,Male,Other,Motorcycle,Undivided Two way,Y Shape,Asphalt roads,Wet or damp,Darkness - lights lit,Normal
11423,16:46:00,Thursday,Male,Other,Lorry (41?100Q),Two-way (divided with broken lines road marking),Y Shape,Asphalt roads,Wet or damp,Daylight,Normal
11424,16:46:00,Thursday,Male,Residential areas,Stationwagen,other,Crossing,Asphalt roads,Wet or damp,Daylight,Normal
11425,16:46:00,Thursday,Male,Office areas,Automobile,Two-way (divided with broken lines road marking),Y Shape,Asphalt roads,Wet or damp,Daylight,Raining
11426,17:45:00,Sunday,Male,Office areas,Other,Two-way (divided with broken lines road marking),Y Shape,Asphalt roads,Wet or damp,Daylight,Raining
11427,17:45:00,Sunday,Male,Other,Other,Two-way (divided with broken lines road marking),Crossing,Asphalt roads,Wet or damp,Daylight,Raining
11428,11:45:00,Saturday,Male,Other,Taxi,One way,Crossing,Asphalt roads,Dry,Daylight,Normal
11429,11:45:00,Saturday,Male,Office areas,Automobile,Two-way (divided with broken lines road marking),Crossing,Asphalt roads,Dry,Daylight,Normal
11430,11:45:00,Saturday,Male,Office areas,Long lorry,Undivided Two way,No junction,Asphalt roads,Dry,Daylight,Normal
11431,11:45:00,Saturday,Male,Other,Long lorry,Two-way (divided with broken lines road marking),No junction,Gravel roads,Dry,Daylight,Normal
11432,12:00:00,Saturday,Male,Other,Lorry (41?100Q),Two-way (divided with broken lines road marking),No junction,Asphalt roads,Wet or damp,Daylight,Raining
11433,12:00:00,Saturday,Male,Residential areas,Lorry (41?100Q),Two-way (divided with broken lines road marking),Crossing,Asphalt roads,Wet or damp,Daylight,Raining
11434,12:00:00,Saturday,Male,Other,Lorry (11?40Q),Undivided Two way,No junction,Asphalt roads,Wet or damp,Daylight,Raining
11435,12:00:00,Saturday,Male,Office areas,Automobile,Undivided Two way,No junction,Asphalt roads,Wet or damp,Daylight,Normal
11436,7:50:00,Friday,Male,Office areas,Taxi,Undivided Two way,No junction,Earth roads,Wet or damp,Daylight,Normal
11437,7:50:00,Friday,Female,Other,Other,Undivided Two way,O Shape,Asphalt roads,Dry,Daylight,Normal
11441,20:30:00,Sunday,Male,Office areas,Automobile,Two-way (divided with broken lines road marking),Crossing,Asphalt roads,Wet or damp,Darkness - lights lit,Raining and Windy
11443,20:30:00,Sunday,Male, Church areas,Lorry (11?40Q),other,No junction,Asphalt roads,Dry,Darkness - lights lit,Normal
11444,20:30:00,Sunday,Male, Industrial areas,Lorry (41?100Q),Undivided Two way,No junction,Earth roads,Dry,Darkness - lights lit,Normal
11445,20:30:00,Sunday,Male,Other,Lorry (41?100Q),Undivided Two way,No junction,Asphalt roads,Dry,Darkness - lights lit,Normal
11446,13:57:00,Wednesday,Male,Other,Stationwagen,Two-way (divided with broken lines road marking),Y Shape,Asphalt roads,Dry,Darkness - lights lit,Normal
11447,13:57:00,Wednesday,Male,Office areas,Other,Undivided Two way,Y Shape,Asphalt roads,Wet or damp,Darkness - lights lit,Raining
11448,13:57:00,Wednesday,Male,Other,Automobile,One way,Y Shape,Asphalt roads,Dry,Daylight,Normal
11449,13:57:00,Wednesday,Male,  Recreational areas,Pick up upto 10Q,Undivided Two way,Crossing,Asphalt roads,Dry,Daylight,Normal
11450,13:45:00,Sunday,Male,Other,Motorcycle,Two-way (divided with broken lines road marking),Crossing,Earth roads,Dry,Daylight,Normal
11451,13:45:00,Sunday,Male, Church areas,Automobile,Two-way (divided with broken lines road marking),Crossing,Asphalt roads,Dry,Daylight,Normal
11452,7:44:00,Friday,Male,Residential areas,Pick up upto 10Q,Undivided Two way,Crossing,Asphalt roads,Wet or damp,Darkness - lights lit,Normal
11453,7:44:00,Friday,Male,Office areas,Motorcycle,Two-way (divided with broken lines road marking),Other,Asphalt roads,Wet or damp,Darkness - lights lit,Normal
11454,15:35:00,Thursday,Male,Other,Stationwagen,Two-way (divided with broken lines road marking),Other,Asphalt roads,Dry,Darkness - lights lit,Normal
11455,20:00:00,Friday,Male,Office areas,Lorry (41?100Q),Undivided Two way,No junction,Asphalt roads,Dry,Darkness - lights lit,Normal
11456,20:00:00,Friday,Male,Office areas,Taxi,other,No junction,Asphalt roads,Dry,Daylight,Normal
11457,20:00:00,Friday,Male,Other,Automobile,One way,No junction,Asphalt roads,Wet or damp,Darkness - lights lit,Raining
11458,17:46:00,Thursday,Male,Residential areas,Long lorry,Undivided Two way,No junction,Asphalt roads,Wet or damp,Darkness - lights lit,Raining
11459,17:46:00,Thursday,Male,  Recreational areas,Automobile,One way,No junction,Asphalt roads,Wet or damp,Darkness - lights lit,Raining
11460,17:46:00,Thursday,Male, Church areas,Public (12 seats),Undivided Two way,No junction,Asphalt roads,Wet or damp,Darkness - lights lit,Raining
11461,14:20:00,Friday,Male,Other,Lorry (11?40Q),One way,Unknown,Asphalt roads,Wet or damp,Darkness - lights lit,Raining
11462,12:15:00,Sunday,Male,Other,Pick up upto 10Q,Undivided Two way,Unknown,Earth roads,Dry,Darkness - lights lit,Normal
11463,12:15:00,Sunday,Male,Other,Lorry (41?100Q),Two-way (divided with broken lines road marking),Y Shape,Asphalt roads,Dry,Darkness - lights lit,Normal
11464,7:40:00,Tuesday,Male,Residential areas,Other,other,Y Shape,Asphalt roads,Wet or damp,Daylight,Normal
11465,16:10:00,Wednesday,Male,School areas,Automobile,other,Y Shape,Asphalt roads,Dry,Daylight,Normal
11466,8:35:00,Wednesday,Male, Church areas,Long lorry,Two-way (divided with broken lines road marking),Y Shape,Asphalt roads,Wet or damp,Darkness - no lighting,Normal
11467,8:35:00,Wednesday,Male,Other,Lorry (11?40Q),other,No junction,Other,Wet or damp,Darkness - no lighting,Normal
11468,8:40:00,Wednesday,Male,Other,Long lorry,Two-way (divided with broken lines road marking),No junction,Gravel roads,Wet or damp,Darkness - no lighting,Normal
11469,18:49:00,Tuesday,Male,Office areas,Automobile,Undivided Two way,O Shape,Gravel roads,Wet or damp,Darkness - lights lit,Normal
11470,12:46:00,Friday,Male,Office areas,Taxi,Two-way (divided with broken lines road marking),O Shape,Asphalt roads,Wet or damp,Darkness - lights lit,Normal
11471,12:46:00,Friday,Male,Other,Taxi,Undivided Two way,No junction,Asphalt roads,Dry,Daylight,Normal
11472,7:40:00,Wednesday,Male, Hospital areas,Long lorry,Undivided Two way,No junction,Earth roads,Dry,Daylight,Normal
11473,7:40:00,Wednesday,Male,Other,Lorry (11?40Q),Undivided Two way,Crossing,Asphalt roads,Dry,Daylight,Normal
11474,6:00:00,Sunday,Male,Other,Lorry (11?40Q),Two-way (divided with broken lines road marking),Crossing,Asphalt roads,Wet or damp,Daylight,Other
11475,6:00:00,Sunday,Male,Other,Long lorry,Undivided Two way,No junction,Asphalt roads,Wet or damp,Daylight,Other
11476,15:00:00,Saturday,Male,Other,Turbo,Double carriageway (median),No junction,Asphalt roads,Dry,Daylight,Normal
11477,18:02:00,Wednesday,Male,Other,Long lorry,Two-way (divided with broken lines road marking),No junction,Earth roads,Dry,Daylight,Normal
11478,21:25:00,Thursday,Male, Hospital areas,Long lorry,Two-way (divided with broken lines road marking),No junction,Asphalt roads,Wet or damp,Darkness - lights lit,Normal
11479,21:25:00,Thursday,Male,Other,Public (13?45 seats),Two-way (divided with broken lines road marking),No junction,Asphalt roads,Wet or damp,Darkness - lights lit,Normal
11480,21:25:00,Thursday,Male,Other,Automobile,One way,No junction,Asphalt roads,Wet or damp,Darkness - lights lit,Normal
11481,16:55:00,Friday,Male,Other,Automobile,Two-way (divided with broken lines road marking),Y Shape,Asphalt roads,Wet or damp,Darkness - lights lit,Normal
11482,16:55:00,Friday,Male,Office areas,Pick up upto 10Q,Two-way (divided with broken lines road marking),Y Shape,Asphalt roads,Wet or damp,Darkness - lights lit,Normal
11484,16:55:00,Friday,Male,Other,Stationwagen,Two-way (divided with broken lines road marking),Crossing,Asphalt roads,Dry,Daylight,Normal
11486,20:15:00,Monday,Male,Other,Automobile,Undivided Two way,Unknown,Asphalt roads,Dry,Daylight,Normal
11487,20:15:00,Monday,Male,Residential areas,Automobile,Double carriageway (median),Crossing,Asphalt roads,Wet or damp,Darkness - lights lit,Cloudy
11488,20:15:00,Monday,Male,Office areas,Long lorry,Two-way (divided with broken lines road marking),Crossing,Earth roads,Wet or damp,Darkness - lights lit,Cloudy
11489,15:30:00,Tuesday,Male,Office areas,Public (13?45 seats),Two-way (divided with broken lines road marking),Crossing,Asphalt roads,Wet or damp,Darkness - lights lit,Cloudy
11490,20:17:00,Thursday,Male,Office areas,Public (13?45 seats),Double carriageway (median),Y Shape,Asphalt roads,Wet or damp,Darkness - lights lit,Raining
11491,20:17:00,Thursday,Male,  Recreational areas,Lorry (11?40Q),Two-way (divided with broken lines road marking),Y Shape,Asphalt roads,Wet or damp,Darkness - lights lit,Raining
11492,13:07:00,Sunday,Male,Other,Lorry (11?40Q),Two-way (divided with broken lines road marking),No junction,Asphalt roads,Snow,Daylight,Snow
11493,13:07:00,Sunday,Male,Other,Pick up upto 10Q,other,No junction,Earth roads,Snow,Daylight,Snow
11494,13:07:00,Sunday,Male,Other,Automobile,Two-way (divided with broken lines road marking),No junction,Asphalt roads,Snow,Daylight,Snow
11495,16:30:00,Tuesday,Male,Other,Automobile,Double carriageway (median),No junction,Asphalt roads,Snow,Daylight,Snow
11496,16:30:00,Tuesday,Male,Other,Automobile,Undivided Two way,Crossing,Asphalt roads,Snow,Daylight,Snow
11497,15:18:00,Monday,Male,Office areas,Long lorry,Two-way (divided with broken lines road marking),Crossing,Asphalt roads,Snow,Daylight,Snow
11498,17:40:00,Wednesday,Male,Office areas,Long lorry,Two-way (divided with broken lines road marking),Y Shape,Asphalt roads,Snow,Daylight,Snow
11499,18:32:00,Tuesday,Male,Office areas,Automobile,One way,Y Shape,Asphalt roads,Snow,Daylight,Snow
11500,18:32:00,Tuesday,Male,Residential areas,Stationwagen,Double carriageway (median),Y Shape,Asphalt roads,Wet or damp,Daylight,Snow
11502,18:32:00,Tuesday,Male, Church areas,Other,Double carriageway (median),No junction,Other,Dry,Darkness - no lighting,Snow
11503,18:35:00,Saturday,Male,Office areas,Special vehicle,Undivided Two way,Y Shape,Asphalt roads,Dry,Darkness - no lighting,Snow
11504,18:35:00,Saturday,Male,Other,Lorry (41?100Q),Two-way (divided with broken lines road marking),Y Shape,Asphalt roads,Wet or damp,Darkness - lights lit,Normal
11505,12:10:00,Friday,Male,Residential areas,Pick up upto 10Q,other,Y Shape,Asphalt roads,Wet or damp,Darkness - lights lit,Normal
11506,12:10:00,Friday,Male,School areas,Lorry (11?40Q),other,Y Shape,Asphalt roads,Wet or damp,Darkness - lights lit,Normal
11507,15:08:00,Monday,Male,Office areas,Lorry (41?100Q),Two-way (divided with broken lines road marking),Crossing,Asphalt roads,Wet or damp,Darkness - lights lit,Normal
11508,15:08:00,Monday,Male,Other,Motorcycle,other,Crossing,Asphalt roads,Wet or damp,Darkness - lights lit,Normal
11509,15:08:00,Monday,Male,Other,Automobile,Two-way (divided with broken lines road marking),Crossing,Asphalt roads,Wet or damp,Darkness - lights lit,Normal
11510,15:08:00,Monday,Male,Office areas,Automobile,Two-way (divided with broken lines road marking),No junction,Earth roads,Snow,Daylight,Normal
11511,8:54:00,Thursday,Male,Office areas,Automobile,Two-way (divided with broken lines road marking),No junction,Asphalt roads,Snow,Daylight,Normal
11512,16:51:00,Wednesday,Male,Other,Stationwagen,Undivided Two way,No junction,Asphalt roads,Snow,Daylight,Normal
11514,19:02:00,Saturday,Male, Industrial areas,Public (> 45 seats),Two-way (divided with broken lines road marking),Y Shape,Asphalt roads,Wet or damp,Daylight,Snow
11515,8:10:00,Monday,Male,Office areas,Public (> 45 seats),Undivided Two way,Y Shape,Asphalt roads,Wet or damp,Daylight,Snow
11516,8:10:00,Monday,Male,Other,Stationwagen,Undivided Two way,Y Shape,Asphalt roads,Dry,Darkness - lights lit,Normal
11517,17:50:00,Saturday,Male,Other,Automobile,Two-way (divided with broken lines road marking),Crossing,Asphalt roads,Dry,Darkness - lights lit,Normal
11518,17:50:00,Saturday,Male,Office areas,Bicycle,Two-way (divided with broken lines road marking),Crossing,Asphalt roads,Dry,Daylight,Normal
11520,14:00:00,Saturday,Male,Office areas,Lorry (41?100Q),other,No junction,Asphalt roads,Wet or damp,Darkness - lights lit,Cloudy
11521,14:00:00,Saturday,Female,Residential areas,Automobile,other,Crossing,Asphalt roads,Wet or damp,Darkness - lights lit,Cloudy
11522,14:43:00,Friday,Male,  Recreational areas,Public (13?45 seats),Two-way (divided with broken lines road marking),Crossing,Asphalt roads,Snow,Darkness - lights lit,Other
11523,16:26:00,Tuesday,Male,Other,Special vehicle,other,Crossing,Asphalt roads,Snow,Darkness - lights lit,Other
11524,16:26:00,Tuesday,Male, Church areas,Automobile,Undivided Two way,Crossing,Asphalt roads,Snow,Darkness - lights lit,Other
11525,13:54:00,Saturday,Male,Other,Public (13?45 seats),One way,No junction,Asphalt roads,Dry,Daylight,Normal
11527,13:54:00,Saturday,Male, Church areas,Lorry (41?100Q),Undivided Two way,Y Shape,Asphalt roads,Dry,Daylight,Normal
11529,15:31:00,Monday,Male,Office areas,Public (12 seats),Double carriageway (median),Y Shape,Asphalt roads,Wet or damp,Darkness - lights lit,Raining
11530,12:30:00,Thursday,Male, Church areas,Lorry (41?100Q),Two-way (divided with broken lines road marking),Other,Asphalt roads,Wet or damp,Daylight,Windy
11531,18:45:00,Wednesday,Male,Other,Lorry (41?100Q),Undivided Two way,Crossing,Asphalt roads,Wet or damp,Daylight,Windy
11532,18:45:00,Wednesday,Male,Other,Public (12 seats),Undivided Two way,Crossing,Asphalt roads,Dry,Daylight,Normal
11533,19:12:00,Tuesday,Male, Church areas,Public (> 45 seats),Undivided Two way,No junction,Asphalt roads,Dry,Darkness - lights lit,Normal
11534,17:25:00,Friday,Male, Industrial areas,Automobile,Two-way (divided with broken lines road marking),No junction,Asphalt roads,Dry,Daylight,Normal
11535,17:25:00,Friday,Male,Office areas,Pick up upto 10Q,Undivided Two way,No junction,Asphalt roads,Dry,Daylight,Normal
11536,12:48:00,Friday,Male,School areas,Stationwagen,Undivided Two way,No junction,Asphalt roads,Dry,Daylight,Normal
11537,7:10:00,Friday,Male,Other,Other,Undivided Two way,Crossing,Asphalt roads,Dry,Daylight,Normal
11539,17:10:00,Friday,Male,Office areas,Automobile,Undivided Two way,Y Shape,Asphalt roads,Dry,Darkness - lights lit,Normal
11540,17:10:00,Friday,Male,Other,Stationwagen,other,No junction,Asphalt roads,Dry,Daylight,Normal
11541,17:10:00,Friday,Male,Other,Pick up upto 10Q,other,Crossing,Asphalt roads,Dry,Darkness - no lighting,Normal
11542,9:05:00,Friday,Female,Other,Lorry (41?100Q),Two-way (divided with broken lines road marking),No junction,Asphalt roads,Wet or damp,Darkness - lights lit,Normal
11543,9:05:00,Friday,Female,Other,Automobile,One way,Crossing,Asphalt roads,Wet or damp,Darkness - lights lit,Normal
11545,18:00:00,Sunday,Female,Residential areas,Lorry (41?100Q),Two-way (divided with broken lines road marking),No junction,Asphalt roads,Dry,Daylight,Normal
11546,13:55:00,Sunday,Male,Office areas,Lorry (41?100Q),Two-way (divided with broken lines road marking),No junction,Asphalt roads,Dry,Daylight,Normal
11547,13:55:00,Sunday,Male,Other,Lorry (41?100Q),Two-way (divided with broken lines road marking),Y Shape,Asphalt roads,Dry,Daylight,Normal
11548,13:55:00,Sunday,Male,Office areas,Pick up upto 10Q,Two-way (divided with broken lines road marking),Y Shape,Asphalt roads,Dry,Daylight,Normal
11549,13:55:00,Sunday,Male,Other,Pick up upto 10Q,Two-way (divided with broken lines road marking),Y Shape,Asphalt roads,Dry,Daylight,Normal
11550,19:20:00,Sunday,Male, Church areas,Automobile,Undivided Two way,Y Shape,Asphalt roads,Dry,Darkness - no lighting,Normal
11551,19:20:00,Sunday,Male,Office areas,Other,Two-way (divided with broken lines road marking),Y Shape,Asphalt roads,Dry,Darkness - no lighting,Normal
11553,11:58:00,Saturday,Male,Other,Automobile,Two-way (divided with broken lines road marking),Y Shape,Asphalt roads,Dry,Daylight,Normal
11554,12:53:00,Sunday,Male,School areas,Motorcycle,Two-way (divided with broken lines road marking),Y Shape,Asphalt roads,Wet or damp,Darkness - lights lit,Normal
11555,12:53:00,Sunday,Male, Church areas,Automobile,Double carriageway (median),Y Shape,Asphalt roads,Wet or damp,Darkness - lights lit,Normal
11556,12:53:00,Sunday,Male,School areas,Automobile,Undivided Two way,No junction,Other,Wet or damp,Daylight,Raining
11557,20:40:00,Friday,Male,Residential areas,Public (12 seats),Double carriageway (median),No junction,Asphalt roads,Wet or damp,Daylight,Raining
11558,20:40:00,Friday,Male,Office areas,Automobile,Two-way (divided with broken lines road marking),Y Shape,Asphalt roads,Wet or damp,Daylight,Raining
11559,12:44:00,Tuesday,Male,Office areas,Public (> 45 seats),Undivided Two way,Y Shape,Asphalt roads,Dry,Daylight,Normal
11560,12:44:00,Tuesday,Male, Church areas,Lorry (41?100Q),Two-way (divided with broken lines road marking),Y Shape,Asphalt roads,Dry,Daylight,Normal
11561,8:50:00,Thursday,Male,Residential areas,Public (> 45 seats),Undivided Two way,Y Shape,Asphalt roads,Dry,Daylight,Normal
11564,15:33:00,Tuesday,Male,Other,Automobile,Two-way (divided with broken lines road marking),Y Shape,Other,Dry,Darkness - lights lit,Normal
11565,15:33:00,Tuesday,Male,Other,Automobile,Two-way (divided with broken lines road marking),Crossing,Asphalt roads,Dry,Darkness - lights lit,Normal
11566,18:20:00,Sunday,Male,Residential areas,Lorry (41?100Q),Two-way (divided with broken lines road marking),Crossing,Asphalt roads,Dry,Darkness - lights lit,Normal
11567,18:20:00,Sunday,Male, Industrial areas,Automobile,Undivided Two way,Crossing,Asphalt roads,Dry,Darkness - lights lit,Normal
11568,9:55:00,Monday,Male,Other,Public (13?45 seats),Undivided Two way,Crossing,Asphalt roads,Dry,Darkness - lights lit,Normal
11569,9:55:00,Monday,Male,Office areas,Automobile,Undivided Two way,Crossing,Asphalt roads,Dry,Daylight,Normal
11570,20:16:00,Wednesday,Male,Other,Public (> 45 seats),Two-way (divided with broken lines road marking),No junction,Asphalt roads,Dry,Daylight,Normal
11571,9:05:00,Monday,Male,Other,Lorry (41?100Q),Undivided Two way,No junction,Asphalt roads,Dry,Daylight,Unknown
11572,9:05:00,Monday,Male,Other,Automobile,Two-way (divided with broken lines road marking),Y Shape,Asphalt roads,Dry,Daylight,Unknown
11574,20:00:00,Wednesday,Male,Office areas,Public (13?45 seats),Undivided Two way,Y Shape,Other,Dry,Daylight,Unknown
11575,11:30:00,Tuesday,Male,Other,Public (13?45 seats),Two-way (divided with broken lines road marking),Y Shape,Asphalt roads,Dry,Daylight,Normal
11577,11:30:00,Tuesday,Male,Other,Long lorry,Two-way (divided with broken lines road marking),Crossing,Asphalt roads,Wet or damp,Darkness - lights lit,Normal
11578,11:30:00,Tuesday,Male,Other,Lorry (41?100Q),other,Crossing,Asphalt roads,Wet or damp,Darkness - lights lit,Normal
11579,11:30:00,Tuesday,Male,Office areas,Lorry (11?40Q),Undivided Two way,Crossing,Asphalt roads with some distress,Wet or damp,Daylight,Fog or mist
11581,11:30:00,Tuesday,Male, Church areas,Public (12 seats),other,Y Shape,Asphalt roads,Dry,Daylight,Normal
11583,14:00:00,Saturday,Male,Office areas,Taxi,other,No junction,Asphalt roads,Wet or damp,Darkness - lights lit,Windy
11585,20:55:00,Friday,Male,Office areas,Automobile,One way,No junction,Earth roads,Dry,Daylight,Normal
11587,20:55:00,Friday,Male,Residential areas,Lorry (41?100Q),other,Y Shape,Asphalt roads,Dry,Daylight,Normal
11588,20:55:00,Friday,Male,Residential areas,Automobile,Undivided Two way,Y Shape,Asphalt roads,Dry,Daylight,Normal
11589,20:55:00,Friday,Male,Office areas,Automobile,Double carriageway (median),Crossing,Asphalt roads,Dry,Daylight,Normal
11590,19:07:00,Friday,Female,Residential areas,Lorry (41?100Q),Two-way (divided with broken lines road marking),Crossing,Asphalt roads,Dry,Daylight,Normal
11591,19:07:00,Friday,Male,Other,Automobile,Two-way (divided with broken lines road marking),No junction,Asphalt roads,Dry,Daylight,Normal
11592,23:22:00,Saturday,Male,Other,Automobile,Two-way (divided with broken lines road marking),No junction,Asphalt roads,Dry,Daylight,Cloudy
11593,18:35:00,Thursday,Male,Other,Automobile,Two-way (divided with broken lines road marking),No junction,Asphalt roads,Dry,Daylight,Cloudy
11594,13:43:00,Monday,Male,School areas,Taxi,Double carriageway (median),No junction,Asphalt roads,Wet or damp,Daylight,Normal
11597,8:40:00,Sunday,Male,Residential areas,Automobile,One way,Crossing,Gravel roads,Dry,Darkness - lights lit,Normal
11598,8:28:00,Monday,Male,Other,Pick up upto 10Q,Undivided Two way,Crossing,Asphalt roads,Dry,Daylight,Normal
11600,13:00:00,Saturday,Male,Other,Automobile,Two-way (divided with broken lines road marking),Y Shape,Asphalt roads,Wet or damp,Daylight,Normal
11601,13:00:00,Saturday,Male,School areas,Public (12 seats),Undivided Two way,Y Shape,Asphalt roads,Dry,Daylight,Normal
11602,16:35:00,Saturday,Male,Other,Public (13?45 seats),Double carriageway (median),Y Shape,Asphalt roads,Dry,Daylight,Normal
11603,16:35:00,Saturday,Male, Industrial areas,Lorry (11?40Q),Two-way (divided with broken lines road marking),Y Shape,Asphalt roads,Wet or damp,Daylight,Normal
11604,10:39:00,Wednesday,Male,Other,Stationwagen,Two-way (divided with broken lines road marking),Y Shape,Asphalt roads,Wet or damp,Daylight,Normal
11605,12:55:00,Monday,Female,Office areas,Ridden horse,Two-way (divided with broken lines road marking),Y Shape,Asphalt roads,Wet or damp,Daylight,Normal
11606,12:55:00,Monday,Male,Other,Stationwagen,Two-way (divided with broken lines road marking),Y Shape,Asphalt roads,Wet or damp,Daylight,Raining
11607,12:55:00,Monday,Male,Other,Automobile,Two-way (divided with broken lines road marking),Y Shape,Asphalt roads,Wet or damp,Daylight,Raining
11608,15:20:00,Sunday,Male, Outside rural areas,Automobile,Undivided Two way,Y Shape,Asphalt roads,Dry,Daylight,Normal
11609,15:20:00,Sunday,Male,Other,Other,other,Y Shape,Asphalt roads,Dry,Darkness - lights lit,Normal
11610,15:20:00,Sunday,Female,Residential areas,Taxi,Two-way (divided with broken lines road marking),Y Shape,Asphalt roads,Dry,Daylight,Normal
11611,14:45:00,Sunday,Male,Office areas,Automobile,Two-way (divided with broken lines road marking),Crossing,Asphalt roads,Dry,Daylight,Normal
11612,17:22:00,Tuesday,Male,Office areas,Stationwagen,Double carriageway (median),Crossing,Asphalt roads,Dry,Daylight,Normal
11613,17:22:00,Tuesday,Male, Hospital areas,Automobile,One way,Crossing,Asphalt roads,Dry,Daylight,Normal
11614,10:58:00,Tuesday,Female, Industrial areas,Public (12 seats),Two-way (divided with broken lines road marking),Crossing,Asphalt roads,Dry,Darkness - lights lit,Normal
11616,14:57:00,Monday,Male,Office areas,Automobile,Undivided Two way,Crossing,Asphalt roads,Dry,Darkness - lights lit,Normal
11617,14:57:00,Monday,Male,Office areas,Lorry (41?100Q),other,Y Shape,Asphalt roads,Dry,Daylight,Normal
11621,13:10:00,Saturday,Female,Other,Public (12 seats),Two-way (divided with broken lines road marking),Y Shape,Asphalt roads,Dry,Darkness - lights lit,Normal
11622,8:10:00,Wednesday,Male,  Market areas,Public (12 seats),Undivided Two way,Y Shape,Asphalt roads,Dry,Darkness - lights lit,Normal
11623,8:10:00,Wednesday,Male,Office areas,Automobile,other,Y Shape,Asphalt roads,Wet or damp,Daylight,Other
11625,12:30:00,Sunday,Male, Church areas,Automobile,Two-way (divided with broken lines road marking),Y Shape,Asphalt roads,Dry,Daylight,Normal
11626,12:30:00,Sunday,Male,Residential areas,Lorry (41?100Q),Double carriageway (median),Crossing,Asphalt roads,Dry,Daylight,Normal
11627,12:30:00,Sunday,Male,Residential areas,Public (12 seats),Two-way (divided with broken lines road marking),Crossing,Asphalt roads,Dry,Daylight,Normal
11628,20:01:00,Sunday,Male,Residential areas,Lorry (11?40Q),Double carriageway (median),Crossing,Asphalt roads,Dry,Daylight,Normal
11629,20:01:00,Sunday,Male,Residential areas,Automobile,Two-way (divided with broken lines road marking),No junction,Asphalt roads,Dry,Daylight,Normal
11630,18:49:00,Thursday,Male,Other,Automobile,Double carriageway (median),No junction,Asphalt roads,Dry,Daylight,Normal
11631,20:41:00,Thursday,Male,Other,Automobile,Two-way (divided with broken lines road marking),No junction,Asphalt roads,Dry,Daylight,Normal
11632,20:41:00,Thursday,Male,Residential areas,Bajaj,Two-way (divided with broken lines road marking),No junction,Asphalt roads,Wet or damp,Daylight,Normal
11633,20:41:00,Thursday,Male,Other,Public (12 seats),other,Y Shape,Other,Wet or damp,Daylight,Normal
11634,20:41:00,Thursday,Male, Church areas,Lorry (11?40Q),Undivided Two way,Y Shape,Asphalt roads,Dry,Darkness - lights lit,Normal
11637,10:04:00,Wednesday,Male,Office areas,Automobile,Two-way (divided with broken lines road marking),Y Shape,Asphalt roads,Dry,Daylight,Normal
11638,20:30:00,Wednesday,Male,Residential areas,Lorry (11?40Q),Undivided Two way,No junction,Asphalt roads,Wet or damp,Darkness - lights lit,Raining
11639,20:30:00,Wednesday,Male,Other,Lorry (41?100Q),Two-way (divided with broken lines road marking),No junction,Asphalt roads,Wet or damp,Daylight,Normal
11640,20:30:00,Wednesday,Male, Industrial areas,Pick up upto 10Q,Undivided Two way,Y Shape,Asphalt roads,Wet or damp,Daylight,Normal
11641,11:15:00,Friday,Male,Office areas,Lorry (11?40Q),Two-way (divided with broken lines road marking),No junction,Asphalt roads,Wet or damp,Daylight,Normal
11642,11:15:00,Friday,Male,  Recreational areas,Stationwagen,Two-way (divided with broken lines road marking),No junction,Asphalt roads,Wet or damp,Daylight,Normal