,time,Day_of_week,Sex_of_driver,Area_accident,Type_of_vehicle,Lanes_or_Medians,Types_of_Junction,Road_surface_type,Road_surface_conditions,Light_conditions,Weather_conditions
11643,11:15:00,Friday,Male,Residential areas,Other,Two-way (divided with broken lines road marking),No junction,Other,Wet or damp,Daylight,Normal
11644,16:36:00,Thursday,Male,Residential areas,Other,Undivided Two way,Crossing,Asphalt roads,Wet or damp,Daylight,Normal
11645,16:36:00,Thursday,Male, Church areas,Lorry (11?40Q),Undivided Two way,Crossing,Asphalt roads,Wet or damp,Daylight,Normal
11648,19:28:00,Friday,Male,Other,Lorry (41?100Q),Undivided Two way,Crossing,Asphalt roads,Dry,Darkness - lights lit,Normal
11649,19:28:00,Friday,Female,Other,Other,Two-way (divided with solid lines road marking),Y Shape,Asphalt roads,Dry,Darkness - lights lit,Normal
11650,23:35:00,Saturday,Male, Church areas,Lorry (41?100Q),Two-way (divided with solid lines road marking),Y Shape,Earth roads,Dry,Darkness - lights lit,Normal
11651,23:35:00,Saturday,Male,Other,Automobile,Two-way (divided with solid lines road marking),Crossing,Asphalt roads,Dry,Darkness - lights lit,Normal
11652,23:35:00,Saturday,Male, Church areas,Pick up upto 10Q,Two-way (divided with solid lines road marking),Crossing,Asphalt roads,Dry,Darkness - lights lit,Normal
11653,9:01:00,Wednesday,Male, Church areas,Lorry (41?100Q),Two-way (divided with broken lines road marking),Y Shape,Asphalt roads,Dry,Darkness - lights lit,Normal
11654,15:46:00,Thursday,Male,Other,Public (13?45 seats),Undivided Two way,Y Shape,Asphalt roads,Dry,Darkness - lights lit,Normal
11655,15:46:00,Thursday,Male,Other,Long lorry,Undivided Two way,Y Shape,Asphalt roads,Dry,Darkness - lights lit,Normal
11656,20:10:00,Saturday,Male,School areas,Automobile,other,Y Shape,Asphalt roads,Dry,Darkness - lights lit,Normal
11657,21:46:00,Wednesday,Male,Residential areas,Automobile,Undivided Two way,No junction,Asphalt roads,Dry,Darkness - lights lit,Normal
11658,21:46:00,Wednesday,Male,Other,Other,Two-way (divided with broken lines road marking),Y Shape,Asphalt roads,Dry,Daylight,Normal
11660,21:20:00,Saturday,Male,Residential areas,Long lorry,Undivided Two way,Crossing,Asphalt roads,Wet or damp,Daylight,Normal
11661,5:49:00,Tuesday,Male,Other,Public (12 seats),One way,Crossing,Asphalt roads,Wet or damp,Daylight,Normal
11662,5:49:00,Tuesday,Male,Residential areas,Public (12 seats),Two-way (divided with broken lines road marking),Crossing,Asphalt roads,Dry,Daylight,Normal
11663,5:49:00,Tuesday,Male,Residential areas,Other,Undivided Two way,Crossing,Asphalt roads,Dry,Daylight,Normal
11664,9:35:00,Monday,Male,Residential areas,Other,Two-way (divided with broken lines road marking),Crossing,Asphalt roads,Dry,Daylight,Normal
11665,9:35:00,Monday,Male,Other,Other,other,Y Shape,Asphalt roads,Dry,Daylight,Normal
11666,18:39:00,Wednesday,Male,Other,Public (12 seats),Undivided Two way,No junction,Asphalt roads,Dry,Daylight,Normal
11667,18:39:00,Wednesday,Male,Other,Lorry (41?100Q),One way,Y Shape,Asphalt roads,Dry,Daylight,Normal
11668,16:00:00,Wednesday,Male, Hospital areas,Other,Undivided Two way,Y Shape,Earth roads,Wet or damp,Daylight,Raining
11669,16:00:00,Wednesday,Male,Residential areas,Public (12 seats),Undivided Two way,Y Shape,Asphalt roads,Dry,Daylight,Normal
11670,13:09:00,Tuesday,Male,Residential areas,Other,One way,Crossing,Asphalt roads,Dry,Daylight,Normal
11671,13:09:00,Tuesday,Male,Residential areas,Lorry (11?40Q),Undivided Two way,Crossing,Asphalt roads,Dry,Daylight,Normal
11672,20:30:00,Friday,Male,Other,Other,Two-way (divided with broken lines road marking),Y Shape,Asphalt roads,Dry,Daylight,Normal
11673,20:30:00,Friday,Male,Office areas,Other,Two-way (divided with broken lines road marking),Y Shape,Asphalt roads,Dry,Daylight,Normal
11674,19:00:00,Friday,Male,Other,Other,other,Y Shape,Asphalt roads,Dry,Daylight,Normal
11675,12:40:00,Saturday,Male,Office areas,Pick up upto 10Q,Double carriageway (median),Crossing,Asphalt roads,Dry,Daylight,Normal
11676,18:12:00,Wednesday,Male,Residential areas,Automobile,Two-way (divided with broken lines road marking),Crossing,Asphalt roads,Dry,Daylight,Normal
11677,18:12:00,Wednesday,Male,Office areas,Other,Double carriageway (median),Y Shape,Asphalt roads,Dry,Daylight,Normal
11678,18:12:00,Wednesday,Male,Office areas,Lorry (41?100Q),Double carriageway (median),No junction,Asphalt roads,Dry,Daylight,Normal
11679,18:12:00,Wednesday,Male,Other,Public (13?45 seats),Double carriageway (median),Unknown,Earth roads,Dry,Daylight,Normal
11680,7:50:00,Wednesday,Male,Office areas,Automobile,Two-way (divided with broken lines road marking),No junction,Asphalt roads,Dry,Daylight,Normal
11682,10:16:00,Thursday,Male,Office areas,Lorry (41?100Q),One way,No junction,Asphalt roads,Dry,Daylight,Normal
11683,10:16:00,Thursday,Female,Other,Public (12 seats),Undivided Two way,No junction,Asphalt roads,Wet or damp,Daylight,Normal
11685,0:47:00,Sunday,Male,Residential areas,Lorry (41?100Q),Two-way (divided with broken lines road marking),Y Shape,Asphalt roads,Wet or damp,Daylight,Normal
11686,0:47:00,Sunday,Male, Church areas,Pick up upto 10Q,Two-way (divided with broken lines road marking),Y Shape,Asphalt roads,Dry,Daylight,Normal
11687,10:30:00,Monday,Male,Other,Other,Two-way (divided with broken lines road marking),Y Shape,Asphalt roads,Dry,Daylight,Normal
11688,10:30:00,Monday,Male,Residential areas,Lorry (41?100Q),Two-way (divided with broken lines road marking),Y Shape,Gravel roads,Dry,Daylight,Normal
11689,13:01:00,Saturday,Male,Other,Ridden horse,Undivided Two way,Y Shape,Asphalt roads,Dry,Daylight,Normal
11690,13:01:00,Saturday,Male,Residential areas,Automobile,Undivided Two way,Y Shape,Asphalt roads,Dry,Daylight,Normal
11691,13:01:00,Saturday,Male,Residential areas,Automobile,Two-way (divided with broken lines road marking),Other,Asphalt roads,Dry,Daylight,Normal
11692,17:41:00,Monday,Female,Other,Stationwagen,Two-way (divided with broken lines road marking),Other,Asphalt roads,Dry,Daylight,Normal
11693,17:41:00,Monday,Female,Other,Other,Two-way (divided with broken lines road marking),Y Shape,Asphalt roads,Dry,Daylight,Normal
11694,17:41:00,Monday,Male,Other,Lorry (41?100Q),Undivided Two way,Y Shape,Asphalt roads,Dry,Daylight,Normal
11695,17:41:00,Monday,Male,Other,Lorry (41?100Q),Double carriageway (median),Y Shape,Asphalt roads,Dry,Daylight,Normal
11696,17:25:00,Friday,Male,Residential areas,Long lorry,Two-way (divided with broken lines road marking),Y Shape,Asphalt roads,Dry,Daylight,Normal
11697,17:25:00,Friday,Male,  Recreational areas,Stationwagen,Undivided Two way,Crossing,Asphalt roads,Dry,Daylight,Normal
11698,17:25:00,Friday,Male,Other,Public (12 seats),other,Crossing,Asphalt roads,Dry,Daylight,Normal
11699,17:25:00,Friday,Male,Office areas,Automobile,Undivided Two way,Crossing,Asphalt roads,Wet or damp,Daylight,Raining
11700,17:25:00,Friday,Male,Other,Public (12 seats),Undivided Two way,Crossing,Asphalt roads,Wet or damp,Daylight,Raining
11701,11:10:00,Sunday,Male,Office areas,Lorry (41?100Q),Undivided Two way,No junction,Asphalt roads,Wet or damp,Daylight,Raining
11702,11:10:00,Sunday,Male,Office areas,Automobile,One way,No junction,Asphalt roads,Dry,Daylight,Normal
11703,11:10:00,Sunday,Male,Office areas,Lorry (41?100Q),Undivided Two way,No junction,Asphalt roads,Dry,Daylight,Normal
11704,3:15:00,Saturday,Male,Other,Lorry (41?100Q),Undivided Two way,No junction,Asphalt roads,Dry,Daylight,Normal
11705,3:15:00,Saturday,Male,Other,Pick up upto 10Q,Double carriageway (median),No junction,Asphalt roads,Dry,Daylight,Normal
11706,17:00:00,Tuesday,Male,Office areas,Other,Two-way (divided with solid lines road marking),No junction,Asphalt roads,Dry,Daylight,Normal
11707,17:00:00,Tuesday,Male,Residential areas,Automobile,other,No junction,Asphalt roads,Dry,Daylight,Normal
11708,17:10:00,Friday,Male,  Recreational areas,Automobile,Undivided Two way,No junction,Asphalt roads,Dry,Daylight,Normal
11709,17:10:00,Friday,Male,Other,Lorry (11?40Q),other,No junction,Earth roads,Dry,Daylight,Normal
11710,17:23:00,Tuesday,Male,Residential areas,Bajaj,other,No junction,Asphalt roads,Dry,Daylight,Normal
11711,17:23:00,Tuesday,Male,Other,Automobile,other,Crossing,Asphalt roads,Dry,Daylight,Normal
11712,18:00:00,Sunday,Male,Other,Lorry (41?100Q),other,Crossing,Asphalt roads,Dry,Daylight,Normal
11713,23:35:00,Wednesday,Male,Other,Lorry (11?40Q),One way,Crossing,Asphalt roads,Dry,Daylight,Normal
11714,23:35:00,Wednesday,Male,Other,Lorry (11?40Q),Two-way (divided with broken lines road marking),Crossing,Asphalt roads,Dry,Darkness - lights lit,Normal
11715,14:59:00,Wednesday,Male,Other,Automobile,other,No junction,Asphalt roads,Dry,Darkness - lights lit,Normal
11717,14:59:00,Wednesday,Male,Office areas,Automobile,Two-way (divided with broken lines road marking),Y Shape,Gravel roads,Wet or damp,Daylight,Raining
11718,14:40:00,Saturday,Male,Office areas,Public (13?45 seats),Two-way (divided with broken lines road marking),Y Shape,Asphalt roads,Dry,Daylight,Normal
11719,14:40:00,Saturday,Male,Office areas,Public (12 seats),Two-way (divided with broken lines road marking),No junction,Asphalt roads,Dry,Daylight,Normal
11721,12:48:00,Sunday,Male,School areas,Automobile,Undivided Two way,Y Shape,Other,Dry,Darkness - lights lit,Normal
11722,12:48:00,Sunday,Male,Office areas,Automobile,Two-way (divided with broken lines road marking),Y Shape,Asphalt roads,Dry,Darkness - lights lit,Normal
11723,12:48:00,Sunday,Male,Office areas,Public (13?45 seats),Two-way (divided with broken lines road marking),Y Shape,Asphalt roads,Dry,Daylight,Normal
11724,12:48:00,Sunday,Male,School areas,Public (13?45 seats),Two-way (divided with broken lines road marking),Y Shape,Asphalt roads,Dry,Daylight,Normal
11726,18:40:00,Friday,Male,Other,Other,Two-way (divided with broken lines road marking),Y Shape,Asphalt roads,Wet or damp,Daylight,Raining
11727,18:40:00,Friday,Male,Other,Pick up upto 10Q,Undivided Two way,Y Shape,Asphalt roads,Wet or damp,Daylight,Raining
11728,11:11:00,Wednesday,Male,Other,Lorry (41?100Q),Two-way (divided with broken lines road marking),Y Shape,Asphalt roads,Dry,Daylight,Normal
11729,11:11:00,Wednesday,Male,Residential areas,Automobile,Undivided Two way,Y Shape,Asphalt roads,Dry,Daylight,Normal
11730,7:50:00,Tuesday,Male,Other,Automobile,Undivided Two way,Y Shape,Asphalt roads,Dry,Daylight,Normal
11731,7:50:00,Tuesday,Male,Other,Lorry (41?100Q),Undivided Two way,Y Shape,Asphalt roads,Dry,Daylight,Normal
11733,16:30:00,Tuesday,Male,  Recreational areas,Other,Undivided Two way,Y Shape,Asphalt roads,Dry,Daylight,Normal
11734,16:30:00,Tuesday,Female, Church areas,Automobile,Two-way (divided with broken lines road marking),Y Shape,Asphalt roads,Dry,Daylight,Normal
11735,18:56:00,Monday,Male,Office areas,Automobile,Two-way (divided with broken lines road marking),Y Shape,Asphalt roads,Dry,Daylight,Normal
11736,18:56:00,Monday,Male,Other,Automobile,Two-way (divided with broken lines road marking),Y Shape,Gravel roads,Dry,Daylight,Normal
11737,18:13:00,Tuesday,Male,Office areas,Automobile,Undivided Two way,Y Shape,Asphalt roads,Dry,Daylight,Normal
11738,18:13:00,Tuesday,Male,Office areas,Lorry (41?100Q),Two-way (divided with broken lines road marking),Y Shape,Asphalt roads,Dry,Daylight,Normal
11739,18:13:00,Tuesday,Male,Other,Other,Two-way (divided with broken lines road marking),Crossing,Asphalt roads,Dry,Daylight,Normal
11740,15:15:00,Sunday,Male,Residential areas,Pick up upto 10Q,Undivided Two way,Crossing,Other,Dry,Daylight,Normal
11741,15:15:00,Sunday,Male,Office areas,Stationwagen,other,Y Shape,Asphalt roads,Dry,Daylight,Normal
11742,15:15:00,Sunday,Male,Residential areas,Other,other,Crossing,Other,Dry,Daylight,Normal
11743,10:12:00,Tuesday,Male,School areas,Pick up upto 10Q,Two-way (divided with broken lines road marking),Y Shape,Asphalt roads,Dry,Daylight,Normal
11744,19:25:00,Monday,Male,Office areas,Stationwagen,Two-way (divided with broken lines road marking),Y Shape,Asphalt roads,Dry,Daylight,Normal
11745,14:57:00,Friday,Male,Other,Lorry (41?100Q),other,Y Shape,Asphalt roads,Dry,Daylight,Normal
11746,14:57:00,Friday,Male,Other,Automobile,Undivided Two way,No junction,Asphalt roads,Dry,Daylight,Normal
11748,8:30:00,Sunday,Male,Office areas,Automobile,Two-way (divided with broken lines road marking),No junction,Asphalt roads,Dry,Darkness - no lighting,Normal
11749,22:05:00,Monday,Male,Other,Automobile,Two-way (divided with broken lines road marking),No junction,Asphalt roads,Dry,Darkness - lights lit,Normal
11750,22:05:00,Monday,Male,Office areas,Turbo,Two-way (divided with broken lines road marking),No junction,Asphalt roads,Dry,Darkness - lights lit,Normal
11752,15:30:00,Friday,Male,Office areas,Stationwagen,Two-way (divided with broken lines road marking),No junction,Asphalt roads,Dry,Daylight,Normal
11753,15:30:00,Friday,Male, Church areas,Automobile,Undivided Two way,No junction,Asphalt roads,Wet or damp,Daylight,Raining
11754,21:15:00,Sunday,Male,Office areas,Automobile,Undivided Two way,Y Shape,Asphalt roads,Wet or damp,Daylight,Raining
11755,21:15:00,Sunday,Male,Other,Automobile,Double carriageway (median),No junction,Asphalt roads,Wet or damp,Daylight,Raining
11756,21:15:00,Sunday,Male,Other,Pick up upto 10Q,Two-way (divided with broken lines road marking),No junction,Asphalt roads,Dry,Daylight,Normal
11757,21:15:00,Sunday,Male, Church areas,Lorry (41?100Q),Unknown,Crossing,Asphalt roads,Dry,Daylight,Normal
11758,16:32:00,Monday,Male,School areas,Lorry (41?100Q),Undivided Two way,Crossing,Asphalt roads,Dry,Daylight,Normal
11759,16:32:00,Monday,Male, Church areas,Automobile,Two-way (divided with broken lines road marking),Crossing,Asphalt roads,Dry,Daylight,Normal
11760,16:32:00,Monday,Male,Office areas,Lorry (41?100Q),Undivided Two way,Crossing,Asphalt roads,Dry,Daylight,Normal
11761,15:30:00,Friday,Male,Other,Lorry (41?100Q),other,Crossing,Asphalt roads,Dry,Daylight,Normal
11762,15:30:00,Friday,Male, Church areas,Lorry (41?100Q),Two-way (divided with broken lines road marking),No junction,Asphalt roads,Dry,Daylight,Normal
11763,14:45:00,Saturday,Male,Other,Lorry (41?100Q),Double carriageway (median),No junction,Asphalt roads,Dry,Daylight,Normal
11764,19:30:00,Wednesday,Male,Other,Automobile,Double carriageway (median),No junction,Earth roads,Dry,Daylight,Normal
11765,19:30:00,Wednesday,Male,Office areas,Automobile,Two-way (divided with broken lines road marking),No junction,Asphalt roads,Wet or damp,Daylight,Raining
11766,16:56:00,Friday,Male,Other,Automobile,Two-way (divided with broken lines road marking),No junction,Asphalt roads,Wet or damp,Daylight,Raining
11767,17:50:00,Monday,Male,Other,Public (13?45 seats),Two-way (divided with broken lines road marking),No junction,Asphalt roads,Wet or damp,Daylight,Raining
11768,17:50:00,Monday,Male,Residential areas,Automobile,Two-way (divided with broken lines road marking),No junction,Asphalt roads,Dry,Darkness - lights lit,Normal
11769,9:04:00,Tuesday,Male,Office areas,Public (13?45 seats),Two-way (divided with broken lines road marking),No junction,Asphalt roads,Dry,Darkness - lights lit,Normal
11770,9:04:00,Tuesday,Male, Church areas,Public (13?45 seats),One way,Y Shape,Asphalt roads,Dry,Daylight,Normal
11772,10:40:00,Thursday,Male,  Market areas,Lorry (11?40Q),other,Y Shape,Asphalt roads,Dry,Daylight,Normal
11773,21:15:00,Thursday,Male,Other,Automobile,Two-way (divided with broken lines road marking),Y Shape,Asphalt roads,Dry,Daylight,Normal
11774,21:15:00,Thursday,Male,Other,Lorry (41?100Q),Undivided Two way,Y Shape,Asphalt roads,Dry,Daylight,Normal
11775,16:00:00,Friday,Male, Church areas,Other,Undivided Two way,Y Shape,Gravel roads,Dry,Daylight,Normal
11776,16:00:00,Friday,Male,Residential areas,Pick up upto 10Q,Undivided Two way,Crossing,Asphalt roads,Dry,Daylight,Normal
11777,16:00:00,Friday,Male,Other,Lorry (11?40Q),Undivided Two way,No junction,Earth roads,Dry,Darkness - lights lit,Normal
11778,19:30:00,Saturday,Male,Other,Motorcycle,Two-way (divided with broken lines road marking),Crossing,Asphalt roads,Dry,Darkness - lights lit,Normal
11779,19:30:00,Saturday,Male,Other,Pick up upto 10Q,Double carriageway (median),Crossing,Asphalt roads,Dry,Daylight,Normal
11780,19:30:00,Saturday,Male,  Recreational areas,Lorry (11?40Q),Two-way (divided with broken lines road marking),Y Shape,Asphalt roads,Dry,Daylight,Normal
11781,9:32:00,Sunday,Male,  Recreational areas,Lorry (11?40Q),One way,Y Shape,Earth roads,Dry,Daylight,Normal
11782,9:32:00,Sunday,Male,Other,Automobile,Two-way (divided with broken lines road marking),Y Shape,Asphalt roads,Dry,Daylight,Normal
11783,11:19:00,Wednesday,Male,Office areas,Automobile,Two-way (divided with broken lines road marking),Y Shape,Asphalt roads,Dry,Daylight,Normal
11784,11:19:00,Wednesday,Female,Residential areas,Other,Two-way (divided with broken lines road marking),Y Shape,Asphalt roads,Dry,Daylight,Normal
11785,8:05:00,Friday,Male,Other,Other,Two-way (divided with broken lines road marking),Y Shape,Asphalt roads,Wet or damp,Daylight,Raining
11786,6:26:00,Friday,Male,Residential areas,Automobile,Undivided Two way,Y Shape,Asphalt roads,Wet or damp,Daylight,Raining
11787,6:26:00,Friday,Male, Church areas,Taxi,Double carriageway (median),Other,Asphalt roads,Wet or damp,Daylight,Raining
11788,9:20:00,Thursday,Male,Other,Other,One way,Y Shape,Asphalt roads,Wet or damp,Daylight,Raining
11789,9:20:00,Thursday,Male,Office areas,Taxi,Two-way (divided with broken lines road marking),Y Shape,Asphalt roads,Wet or damp,Daylight,Raining
11790,9:25:00,Friday,Male,Other,Lorry (11?40Q),Undivided Two way,Y Shape,Asphalt roads,Dry,Daylight,Normal
11791,9:25:00,Friday,Male,  Recreational areas,Automobile,Two-way (divided with broken lines road marking),Y Shape,Asphalt roads,Dry,Daylight,Normal
11792,17:50:00,Monday,Male,Other,Other,Undivided Two way,Y Shape,Asphalt roads,Dry,Daylight,Normal
11793,17:50:00,Monday,Male,Office areas,Automobile,Two-way (divided with broken lines road marking),Y Shape,Asphalt roads,Dry,Daylight,Normal
11794,16:02:00,Sunday,Male,Residential areas,Automobile,Undivided Two way,Y Shape,Asphalt roads,Dry,Daylight,Normal
11795,16:02:00,Sunday,Male,Office areas,Automobile,One way,No junction,Asphalt roads,Dry,Daylight,Normal
11796,15:36:00,Tuesday,Male,Office areas,Automobile,Two-way (divided with broken lines road marking),No junction,Asphalt roads,Dry,Daylight,Normal
11797,15:36:00,Tuesday,Male, Church areas,Lorry (41?100Q),Double carriageway (median),No junction,Asphalt roads,Wet or damp,Daylight,Raining
11798,20:46:00,Saturday,Male, Church areas,Other,Undivided Two way,No junction,Asphalt roads,Wet or damp,Daylight,Raining
11799,20:46:00,Saturday,Male,Residential areas,Pick up upto 10Q,Undivided Two way,No junction,Asphalt roads,Wet or damp,Daylight,Raining
11800,7:25:00,Wednesday,Male,Other,Pick up upto 10Q,Undivided Two way,No junction,Asphalt roads,Wet or damp,Daylight,Raining
11801,7:25:00,Wednesday,Male,Other,Automobile,other,Y Shape,Asphalt roads,Dry,Daylight,Normal
11803,6:50:00,Wednesday,Male,Residential areas,Automobile,Undivided Two way,Y Shape,Asphalt roads,Dry,Daylight,Normal
11804,6:50:00,Wednesday,Male,Office areas,Public (13?45 seats),Undivided Two way,No junction,Asphalt roads,Dry,Daylight,Normal
11805,12:08:00,Friday,Female,Residential areas,Lorry (41?100Q),Undivided Two way,No junction,Other,Dry,Daylight,Normal
11806,12:08:00,Friday,Male,Other,Public (13?45 seats),Two-way (divided with broken lines road marking),No junction,Asphalt roads,Dry,Daylight,Normal
11807,12:08:00,Friday,Male,Other,Other,Two-way (divided with broken lines road marking),Y Shape,Asphalt roads,Dry,Daylight,Normal
11808,18:40:00,Tuesday,Male,  Recreational areas,Lorry (41?100Q),Two-way (divided with broken lines road marking),Y Shape,Asphalt roads,Dry,Daylight,Normal
11809,18:40:00,Tuesday,Female, Church areas,Lorry (41?100Q),One way,No junction,Asphalt roads,Wet or damp,Daylight,Normal
11810,11:43:00,Sunday,Male,School areas,Long lorry,Two-way (divided with broken lines road marking),Crossing,Asphalt roads,Wet or damp,Daylight,Normal
11811,11:43:00,Sunday,Male,Office areas,Pick up upto 10Q,Undivided Two way,Y Shape,Asphalt roads,Wet or damp,Daylight,Normal
11813,12:00:00,Saturday,Male,Residential areas,Lorry (41?100Q),Undivided Two way,Y Shape,Asphalt roads,Dry,Darkness - no lighting,Cloudy
11814,8:58:00,Friday,Male,Other,Lorry (41?100Q),Undivided Two way,Y Shape,Asphalt roads,Dry,Darkness - no lighting,Cloudy
11815,8:20:00,Thursday,Male,Other,Automobile,other,No junction,Asphalt roads,Wet or damp,Daylight,Raining
11816,23:10:00,Friday,Male,Office areas,Other,One way,No junction,Asphalt roads,Wet or damp,Daylight,Raining
11818,22:30:00,Sunday,Male,Other,Other,Two-way (divided with broken lines road marking),No junction,Asphalt roads,Dry,Darkness - lights lit,Normal
11819,22:30:00,Sunday,Male,Residential areas,Automobile,Undivided Two way,Crossing,Asphalt roads,Dry,Darkness - lights lit,Normal
11820,22:30:00,Sunday,Male, Church areas,Pick up upto 10Q,Two-way (divided with broken lines road marking),Crossing,Asphalt roads,Dry,Darkness - lights lit,Normal
11821,22:30:00,Sunday,Male,Residential areas,Automobile,Two-way (divided with broken lines road marking),Crossing,Asphalt roads,Dry,Darkness - lights lit,Normal
11822,22:30:00,Sunday,Male,Office areas,Public (12 seats),One way,Y Shape,Asphalt roads,Dry,Daylight,Normal
11823,17:45:00,Tuesday,Male,Residential areas,Automobile,Two-way (divided with broken lines road marking),Y Shape,Asphalt roads,Dry,Daylight,Normal
11824,17:45:00,Tuesday,Male,Other,Other,One way,Crossing,Asphalt roads,Dry,Daylight,Normal
11825,17:45:00,Tuesday,Male, Industrial areas,Public (12 seats),Two-way (divided with broken lines road marking),Crossing,Asphalt roads,Wet or damp,Daylight,Normal
11826,14:30:00,Sunday,Male, Church areas,Stationwagen,Two-way (divided with broken lines road marking),Y Shape,Gravel roads,Wet or damp,Daylight,Normal
11827,14:30:00,Sunday,Male,Residential areas,Lorry (41?100Q),Undivided Two way,Y Shape,Asphalt roads,Dry,Daylight,Normal
11830,22:10:00,Wednesday,Male,Office areas,Automobile,Undivided Two way,Y Shape,Asphalt roads,Wet or damp,Daylight,Normal
11831,22:10:00,Wednesday,Male, Outside rural areas,Lorry (41?100Q),Two-way (divided with broken lines road marking),Crossing,Asphalt roads,Dry,Daylight,Normal
11833,19:00:00,Tuesday,Male,Office areas,Public (12 seats),other,No junction,Asphalt roads,Dry,Daylight,Normal
11834,18:25:00,Wednesday,Male, Church areas,Automobile,Two-way (divided with broken lines road marking),No junction,Asphalt roads,Dry,Daylight,Normal
11835,17:11:00,Sunday,Male,Office areas,Stationwagen,other,Crossing,Asphalt roads,Dry,Daylight,Normal
11836,17:11:00,Sunday,Male,Office areas,Automobile,Undivided Two way,Y Shape,Asphalt roads,Dry,Daylight,Normal
11837,17:10:00,Thursday,Male,School areas,Lorry (41?100Q),Two-way (divided with broken lines road marking),Y Shape,Asphalt roads,Dry,Darkness - lights lit,Normal
11838,17:10:00,Thursday,Male,Residential areas,Other,Two-way (divided with broken lines road marking),Y Shape,Asphalt roads,Dry,Darkness - lights lit,Normal
11839,17:10:00,Thursday,Male,Office areas,Pick up upto 10Q,other,No junction,Asphalt roads,Dry,Daylight,Normal
11841,17:50:00,Friday,Male,Other,Lorry (41?100Q),Two-way (divided with broken lines road marking),Crossing,Asphalt roads,Dry,Daylight,Normal
11842,8:25:00,Monday,Male,Residential areas,Automobile,Undivided Two way,Crossing,Asphalt roads,Dry,Daylight,Normal
11843,13:00:00,Tuesday,Male,Office areas,Public (13?45 seats),Undivided Two way,Crossing,Asphalt roads,Dry,Daylight,Normal
11844,13:00:00,Tuesday,Male,Office areas,Automobile,Undivided Two way,Crossing,Gravel roads,Dry,Daylight,Normal
11845,23:45:00,Friday,Male,Residential areas,Lorry (41?100Q),Undivided Two way,Crossing,Asphalt roads,Dry,Daylight,Normal
11846,23:45:00,Friday,Male,Office areas,Public (12 seats),Undivided Two way,Crossing,Gravel roads,Dry,Daylight,Normal
11847,23:45:00,Friday,Male,Office areas,Motorcycle,Undivided Two way,Y Shape,Asphalt roads,Dry,Daylight,Normal
11849,20:50:00,Tuesday,Male,Office areas,Lorry (41?100Q),Two-way (divided with broken lines road marking),Crossing,Asphalt roads,Dry,Daylight,Normal
11850,10:54:00,Friday,Male,Other,Automobile,Undivided Two way,Crossing,Asphalt roads,Wet or damp,Daylight,Normal
11851,16:50:00,Monday,Male,Other,Lorry (41?100Q),Two-way (divided with broken lines road marking),Crossing,Asphalt roads,Wet or damp,Daylight,Normal
11852,16:50:00,Monday,Female,Other,Stationwagen,Two-way (divided with broken lines road marking),Crossing,Asphalt roads,Dry,Daylight,Normal
11853,16:50:00,Monday,Male,Residential areas,Pick up upto 10Q,One way,Crossing,Asphalt roads,Dry,Daylight,Normal
11854,18:30:00,Sunday,Female,School areas,Automobile,Undivided Two way,Crossing,Asphalt roads,Dry,Daylight,Normal
11855,18:30:00,Sunday,Male,Residential areas,Automobile,Undivided Two way,Y Shape,Asphalt roads,Dry,Daylight,Normal
11857,18:30:00,Sunday,Male, Church areas,Other,One way,Crossing,Asphalt roads,Dry,Daylight,Normal
11858,18:30:00,Sunday,Male,Other,Automobile,Undivided Two way,No junction,Asphalt roads,Dry,Daylight,Normal
11859,15:50:00,Thursday,Male,Other,Public (13?45 seats),One way,Y Shape,Asphalt roads,Dry,Daylight,Normal
11860,15:50:00,Thursday,Female,Other,Public (13?45 seats),Two-way (divided with broken lines road marking),Y Shape,Asphalt roads,Dry,Daylight,Normal
11861,15:40:00,Friday,Male,Other,Automobile,Two-way (divided with broken lines road marking),No junction,Asphalt roads,Dry,Daylight,Normal
11862,15:40:00,Friday,Male,Office areas,Public (12 seats),Undivided Two way,No junction,Asphalt roads,Dry,Darkness - lights lit,Normal
11863,7:50:00,Thursday,Male,Office areas,Public (12 seats),Two-way (divided with solid lines road marking),Y Shape,Asphalt roads,Dry,Darkness - lights lit,Normal
11864,7:50:00,Thursday,Male,Residential areas,Lorry (41?100Q),Undivided Two way,Y Shape,Asphalt roads,Dry,Daylight,Normal
11865,17:05:00,Monday,Male,Office areas,Automobile,One way,Y Shape,Asphalt roads,Dry,Daylight,Normal
11866,15:25:00,Monday,Male,Residential areas,Pick up upto 10Q,Two-way (divided with broken lines road marking),Y Shape,Asphalt roads,Dry,Darkness - lights lit,Normal
11867,9:45:00,Monday,Male,Office areas,Pick up upto 10Q,Undivided Two way,No junction,Asphalt roads,Wet or damp,Darkness - no lighting,Raining
11868,9:45:00,Monday,Male,Other,Lorry (41?100Q),Two-way (divided with broken lines road marking),No junction,Asphalt roads,Wet or damp,Darkness - no lighting,Raining