,time,Day_of_week,Sex_of_driver,Area_accident,Type_of_vehicle,Lanes_or_Medians,Types_of_Junction,Road_surface_type,Road_surface_conditions,Light_conditions,Weather_conditions
12088,13:16:00,Wednesday,Male,Office areas,Automobile,Undivided Two way,No junction,Asphalt roads,Dry,Darkness - lights lit,Normal
12089,11:30:00,Thursday,Male,  Recreational areas,Public (12 seats),other,No junction,Asphalt roads,Dry,Darkness - lights lit,Normal
12090,11:30:00,Thursday,Male,Office areas,Stationwagen,other,No junction,Asphalt roads,Wet or damp,Daylight,Normal
12091,19:31:00,Wednesday,Male, Industrial areas,Stationwagen,other,Y Shape,Asphalt roads with some distress,Wet or damp,Daylight,Normal
12093,9:25:00,Friday,Male,Residential areas,Lorry (41?100Q),Undivided Two way,No junction,Asphalt roads,Wet or damp,Daylight,Normal
12094,9:25:00,Friday,Male,Residential areas,Automobile,other,No junction,Asphalt roads,Dry,Daylight,Normal
12095,14:10:00,Wednesday,Male, Industrial areas,Public (12 seats),other,Crossing,Asphalt roads,Dry,Daylight,Normal
12096,14:10:00,Wednesday,Female,Residential areas,Automobile,Undivided Two way,Crossing,Asphalt roads,Dry,Darkness - lights lit,Normal
12097,14:00:00,Friday,Male,Residential areas,Automobile,other,No junction,Asphalt roads,Dry,Darkness - lights lit,Normal
12098,14:00:00,Friday,Male,Office areas,Lorry (41?100Q),Undivided Two way,No junction,Asphalt roads,Dry,Daylight,Normal
12099,22:05:00,Tuesday,Male,Office areas,Automobile,Double carriageway (median),No junction,Asphalt roads,Dry,Daylight,Normal
12100,22:05:00,Tuesday,Male,Office areas,Motorcycle,other,Y Shape,Asphalt roads,Wet or damp,Darkness - lights lit,Other
12102,7:00:00,Thursday,Male,Office areas,Automobile,One way,Y Shape,Asphalt roads,Dry,Daylight,Normal
12103,7:35:00,Thursday,Male,Office areas,Automobile,Undivided Two way,Y Shape,Asphalt roads,Dry,Daylight,Normal
12104,7:35:00,Thursday,Male,Office areas,Automobile,other,Y Shape,Asphalt roads,Dry,Daylight,Normal
12105,8:43:00,Wednesday,Male,Residential areas,Public (> 45 seats),other,Crossing,Asphalt roads,Dry,Daylight,Normal
12107,16:05:00,Tuesday,Male,Other,Automobile,One way,Y Shape,Asphalt roads,Dry,Daylight,Normal
12108,22:05:00,Friday,Male, Church areas,Automobile,Undivided Two way,Y Shape,Asphalt roads,Dry,Daylight,Normal
12109,22:05:00,Friday,Male,  Recreational areas,Other,other,Y Shape,Asphalt roads,Dry,Daylight,Normal
12111,22:05:00,Friday,Female,Residential areas,Lorry (41?100Q),other,Crossing,Asphalt roads,Dry,Daylight,Normal
12112,3:40:00,Saturday,Female,Residential areas,Taxi,other,Crossing,Asphalt roads,Dry,Darkness - lights lit,Normal
12113,9:25:00,Tuesday,Female,Office areas,Other,Double carriageway (median),Crossing,Asphalt roads,Dry,Darkness - lights lit,Normal
12114,9:25:00,Tuesday,Female,  Market areas,Public (12 seats),Undivided Two way,Crossing,Asphalt roads,Dry,Daylight,Normal
12115,9:25:00,Tuesday,Female,Unknown,Automobile,other,Y Shape,Asphalt roads,Wet or damp,Daylight,Raining
12116,9:25:00,Tuesday,Male, Industrial areas,Automobile,other,No junction,Asphalt roads,Wet or damp,Daylight,Raining
12117,9:25:00,Tuesday,Male,Residential areas,Public (13?45 seats),Two-way (divided with solid lines road marking),No junction,Asphalt roads,Dry,Darkness - lights lit,Normal
12118,9:25:00,Tuesday,Male,Residential areas,Lorry (41?100Q),Undivided Two way,No junction,Asphalt roads,Dry,Darkness - lights lit,Normal
12119,7:58:00,Thursday,Male,Other,Lorry (41?100Q),Undivided Two way,No junction,Asphalt roads,Dry,Daylight,Normal
12120,7:58:00,Thursday,Male,Residential areas,Lorry (11?40Q),other,No junction,Asphalt roads,Dry,Daylight,Normal
12121,20:15:00,Tuesday,Male,Rural village areas,Motorcycle,Undivided Two way,No junction,Asphalt roads,Dry,Daylight,Normal
12122,20:15:00,Tuesday,Male,Rural village areas,Lorry (41?100Q),Undivided Two way,No junction,Asphalt roads,Dry,Daylight,Normal
12123,17:10:00,Tuesday,Female,Office areas,Stationwagen,Double carriageway (median),No junction,Asphalt roads,Dry,Daylight,Normal
12124,17:10:00,Tuesday,Male,Residential areas,Automobile,Undivided Two way,No junction,Asphalt roads,Dry,Daylight,Normal
12125,17:10:00,Tuesday,Male,Residential areas,Other,other,No junction,Asphalt roads,Dry,Daylight,Normal
12126,15:30:00,Saturday,Male, Outside rural areas,Other,other,Crossing,Asphalt roads,Dry,Daylight,Normal
12127,15:30:00,Saturday,Male,Residential areas,Taxi,other,Crossing,Asphalt roads,Dry,Daylight,Normal
12128,9:47:00,Saturday,Female, Church areas,Automobile,other,O Shape,Asphalt roads,Dry,Daylight,Normal
12129,9:47:00,Saturday,Female,Office areas,Long lorry,Undivided Two way,O Shape,Asphalt roads,Dry,Daylight,Normal
12130,9:47:00,Saturday,Female,Office areas,Long lorry,Two-way (divided with broken lines road marking),Y Shape,Asphalt roads,Dry,Daylight,Normal
12131,11:19:00,Monday,Male,Office areas,Lorry (41?100Q),Two-way (divided with broken lines road marking),No junction,Asphalt roads,Dry,Darkness - lights lit,Normal
12132,11:19:00,Monday,Male,Other,Lorry (41?100Q),Undivided Two way,Unknown,Asphalt roads,Dry,Darkness - lights lit,Normal
12133,13:13:00,Friday,Male,Other,Lorry (11?40Q),Undivided Two way,Unknown,Asphalt roads,Dry,Darkness - lights lit,Normal
12134,13:13:00,Friday,Male,Residential areas,Automobile,Two-way (divided with broken lines road marking),Unknown,Asphalt roads,Dry,Darkness - lights lit,Normal
12135,15:55:00,Thursday,Male,Other,Taxi,Two-way (divided with broken lines road marking),No junction,Asphalt roads,Dry,Darkness - lights lit,Normal
12136,15:55:00,Thursday,Male,Other,Other,Undivided Two way,Y Shape,Asphalt roads,Dry,Daylight,Normal
12137,15:55:00,Thursday,Male,Other,Automobile,Two-way (divided with broken lines road marking),No junction,Asphalt roads,Dry,Daylight,Normal
12138,10:47:00,Thursday,Male,Other,Automobile,Undivided Two way,No junction,Asphalt roads,Dry,Daylight,Normal
12139,10:47:00,Thursday,Male,Other,Automobile,Double carriageway (median),Y Shape,Asphalt roads,Dry,Daylight,Normal
12140,15:00:00,Thursday,Male,Other,Automobile,Two-way (divided with broken lines road marking),Y Shape,Asphalt roads,Dry,Daylight,Normal
12141,15:00:00,Thursday,Male, Church areas,Public (> 45 seats),Two-way (divided with broken lines road marking),Y Shape,Asphalt roads,Dry,Daylight,Normal
12142,18:40:00,Thursday,Male,Other,Lorry (11?40Q),Undivided Two way,Crossing,Asphalt roads,Dry,Daylight,Cloudy
12143,3:55:00,Monday,Unknown, Industrial areas,Lorry (41?100Q),Two-way (divided with broken lines road marking),Crossing,Asphalt roads,Dry,Daylight,Cloudy
12144,3:55:00,Monday,Male,Residential areas,Lorry (41?100Q),Double carriageway (median),Y Shape,Asphalt roads,Dry,Daylight,Normal
12145,3:55:00,Monday,Male,Other,Stationwagen,Two-way (divided with broken lines road marking),Y Shape,Asphalt roads,Dry,Daylight,Normal
12146,17:45:00,Sunday,Male,Office areas,Other,Two-way (divided with broken lines road marking),No junction,Asphalt roads,Dry,Daylight,Normal
12147,17:45:00,Sunday,Male, Industrial areas,Automobile,Unknown,No junction,Asphalt roads,Dry,Daylight,Normal
12148,17:45:00,Sunday,Male, Industrial areas,Pick up upto 10Q,Double carriageway (median),No junction,Asphalt roads,Dry,Darkness - lights lit,Normal
12149,17:45:00,Sunday,Male,Other,Motorcycle,Two-way (divided with broken lines road marking),Y Shape,Asphalt roads,Dry,Darkness - lights lit,Normal
12150,19:10:00,Friday,Male, Hospital areas,Automobile,Two-way (divided with broken lines road marking),Y Shape,Asphalt roads,Dry,Daylight,Normal
12151,10:13:00,Thursday,Male,Office areas,Pick up upto 10Q,One way,Crossing,Asphalt roads,Dry,Daylight,Normal
12152,10:13:00,Thursday,Male, Church areas,Motorcycle,Undivided Two way,No junction,Asphalt roads,Dry,Daylight,Normal
12153,9:48:00,Friday,Male, Hospital areas,Stationwagen,Undivided Two way,Unknown,Asphalt roads,Dry,Daylight,Normal
12154,9:48:00,Friday,Male,Office areas,Lorry (41?100Q),other,O Shape,Asphalt roads,Dry,Daylight,Normal
12155,16:20:00,Monday,Male,Other,Taxi,Two-way (divided with broken lines road marking),O Shape,Asphalt roads,Dry,Daylight,Normal
12156,16:20:00,Monday,Male,Office areas,Automobile,Undivided Two way,No junction,Asphalt roads,Dry,Daylight,Normal
12157,19:40:00,Thursday,Male,Office areas,Long lorry,Two-way (divided with broken lines road marking),No junction,Asphalt roads,Dry,Daylight,Normal
12158,16:53:00,Wednesday,Male,Other,Automobile,Double carriageway (median),No junction,Asphalt roads,Wet or damp,Daylight,Raining
12159,12:55:00,Wednesday,Male,Office areas,Public (12 seats),Undivided Two way,Y Shape,Asphalt roads,Dry,Daylight,Normal
12160,19:32:00,Friday,Male,Residential areas,Lorry (11?40Q),Undivided Two way,Y Shape,Asphalt roads,Dry,Daylight,Normal
12161,19:32:00,Friday,Male,Other,Pick up upto 10Q,Two-way (divided with broken lines road marking),Y Shape,Asphalt roads,Dry,Daylight,Normal
12162,17:35:00,Saturday,Male,Office areas,Lorry (41?100Q),Double carriageway (median),Y Shape,Asphalt roads,Dry,Daylight,Normal
12163,17:35:00,Saturday,Male,Office areas,Other,Undivided Two way,Crossing,Asphalt roads,Wet or damp,Daylight,Raining
12164,17:35:00,Saturday,Male,Office areas,Automobile,other,No junction,Asphalt roads,Dry,Daylight,Normal
12165,18:40:00,Tuesday,Male,Other,Long lorry,Two-way (divided with broken lines road marking),No junction,Asphalt roads,Dry,Daylight,Normal
12166,18:40:00,Tuesday,Male, Church areas,Lorry (11?40Q),Undivided Two way,No junction,Asphalt roads,Dry,Daylight,Normal
12167,15:47:00,Thursday,Male, Industrial areas,Long lorry,Undivided Two way,Y Shape,Asphalt roads,Dry,Daylight,Normal
12168,14:57:00,Sunday,Male,Office areas,Automobile,Double carriageway (median),Y Shape,Asphalt roads,Dry,Daylight,Normal
12169,17:25:00,Friday,Male, Church areas,Taxi,Undivided Two way,Y Shape,Asphalt roads,Wet or damp,Daylight,Raining
12170,17:25:00,Friday,Male,Office areas,Taxi,Undivided Two way,Crossing,Asphalt roads,Wet or damp,Daylight,Raining
12171,17:25:00,Friday,Male,Office areas,Long lorry,other,Crossing,Asphalt roads,Dry,Daylight,Normal
12172,17:22:00,Sunday,Male,Residential areas,Lorry (11?40Q),Two-way (divided with broken lines road marking),Crossing,Asphalt roads,Dry,Daylight,Normal
12173,17:22:00,Sunday,Male,Office areas,Lorry (11?40Q),Two-way (divided with broken lines road marking),Y Shape,Asphalt roads,Wet or damp,Daylight,Normal
12174,16:05:00,Monday,Male,Residential areas,Long lorry,Undivided Two way,Y Shape,Asphalt roads,Wet or damp,Daylight,Normal
12175,16:05:00,Monday,Male,Office areas,Turbo,Double carriageway (median),Y Shape,Asphalt roads,Dry,Daylight,Normal
12176,16:05:00,Monday,Male,Office areas,Long lorry,Double carriageway (median),Y Shape,Asphalt roads,Dry,Daylight,Normal
12177,9:00:00,Thursday,Male,Other,Long lorry,Two-way (divided with broken lines road marking),Y Shape,Asphalt roads,Dry,Daylight,Normal
12178,9:00:00,Thursday,Male,Other,Public (13?45 seats),Two-way (divided with broken lines road marking),Y Shape,Asphalt roads,Dry,Daylight,Normal
12179,8:55:00,Saturday,Male,Residential areas,Automobile,Two-way (divided with broken lines road marking),Crossing,Asphalt roads,Dry,Daylight,Normal
12180,10:44:00,Friday,Male, Church areas,Automobile,Two-way (divided with broken lines road marking),Crossing,Asphalt roads,Dry,Daylight,Normal
12181,16:18:00,Wednesday,Male, Church areas,Pick up upto 10Q,Double carriageway (median),Y Shape,Asphalt roads,Wet or damp,Daylight,Normal
12183,17:21:00,Thursday,Male,Office areas,Stationwagen,Two-way (divided with broken lines road marking),Y Shape,Asphalt roads,Dry,Daylight,Normal
12185,17:21:00,Thursday,Male,Residential areas,Automobile,Two-way (divided with broken lines road marking),Y Shape,Asphalt roads,Dry,Daylight,Normal
12186,15:40:00,Monday,Female, Church areas,Automobile,other,Crossing,Asphalt roads,Dry,Daylight,Normal
12187,15:40:00,Monday,Male,Other,Long lorry,Two-way (divided with broken lines road marking),Y Shape,Asphalt roads,Wet or damp,Daylight,Normal
12188,15:40:00,Monday,Male,Office areas,Public (13?45 seats),Two-way (divided with broken lines road marking),Y Shape,Asphalt roads,Wet or damp,Daylight,Normal
12189,15:40:00,Monday,Male,Other,Public (13?45 seats),Two-way (divided with broken lines road marking),Y Shape,Asphalt roads,Wet or damp,Daylight,Normal
12190,16:46:00,Thursday,Male,Other,Lorry (11?40Q),Two-way (divided with broken lines road marking),No junction,Asphalt roads,Wet or damp,Daylight,Normal
12192,16:46:00,Thursday,Female,Residential areas,Pick up upto 10Q,Two-way (divided with broken lines road marking),Y Shape,Asphalt roads,Wet or damp,Daylight,Normal
12193,17:45:00,Sunday,Male, Church areas,Automobile,Undivided Two way,Y Shape,Asphalt roads,Dry,Daylight,Other
12194,17:45:00,Sunday,Male,Other,Automobile,Undivided Two way,Y Shape,Asphalt roads,Dry,Daylight,Other
12195,11:45:00,Saturday,Male,Other,Automobile,One way,Y Shape,Asphalt roads,Wet or damp,Daylight,Other
12196,11:45:00,Saturday,Male,Residential areas,Long lorry,Two-way (divided with broken lines road marking),Y Shape,Asphalt roads,Wet or damp,Daylight,Other
12197,11:45:00,Saturday,Male,Office areas,Long lorry,One way,Other,Asphalt roads,Wet or damp,Daylight,Other
12198,11:45:00,Saturday,Male, Industrial areas,Automobile,Two-way (divided with broken lines road marking),Crossing,Asphalt roads,Wet or damp,Daylight,Other
12199,12:00:00,Saturday,Male,Residential areas,Stationwagen,Double carriageway (median),Crossing,Asphalt roads,Dry,Daylight,Normal
12200,12:00:00,Saturday,Male,Office areas,Lorry (41?100Q),Unknown,No junction,Asphalt roads,Dry,Daylight,Normal
12202,12:00:00,Saturday,Male, Church areas,Special vehicle,other,Crossing,Asphalt roads,Dry,Daylight,Normal
12204,7:50:00,Friday,Male,  Recreational areas,Pick up upto 10Q,One way,Crossing,Asphalt roads,Dry,Daylight,Normal
12205,19:55:00,Sunday,Male,  Market areas,Lorry (11?40Q),Undivided Two way,Crossing,Asphalt roads,Wet or damp,Daylight,Raining
12206,19:55:00,Sunday,Male,Other,Lorry (41?100Q),Two-way (divided with broken lines road marking),Y Shape,Asphalt roads,Wet or damp,Daylight,Raining
12207,20:30:00,Sunday,Male,Other,Motorcycle,Two-way (divided with broken lines road marking),Y Shape,Asphalt roads,Dry,Daylight,Normal
12208,20:30:00,Sunday,Male, Industrial areas,Automobile,Two-way (divided with broken lines road marking),Y Shape,Asphalt roads,Dry,Daylight,Normal
12209,20:30:00,Sunday,Male,Other,Automobile,Two-way (divided with broken lines road marking),Y Shape,Asphalt roads,Dry,Daylight,Normal
12210,20:30:00,Sunday,Male,Office areas,Automobile,other,Y Shape,Asphalt roads,Dry,Daylight,Normal
12213,13:57:00,Wednesday,Female,Office areas,Public (> 45 seats),Undivided Two way,Crossing,Asphalt roads,Dry,Darkness - lights lit,Normal
12214,13:57:00,Wednesday,Male,Other,Public (> 45 seats),other,Crossing,Asphalt roads,Dry,Darkness - lights lit,Normal
12215,13:57:00,Wednesday,Male,Other,Stationwagen,other,Crossing,Asphalt roads,Dry,Darkness - lights lit,Normal
12216,13:57:00,Wednesday,Male,Other,Automobile,Undivided Two way,Crossing,Asphalt roads,Dry,Darkness - lights lit,Normal
12217,13:45:00,Sunday,Male,Other,Bicycle,other,Crossing,Asphalt roads,Dry,Daylight,Normal
12218,13:45:00,Sunday,Male,Residential areas,Automobile,Undivided Two way,No junction,Asphalt roads,Dry,Daylight,Normal
12219,7:44:00,Friday,Male, Church areas,Lorry (41?100Q),Undivided Two way,Crossing,Asphalt roads,Dry,Daylight,Normal
12220,7:44:00,Friday,Male,Office areas,Automobile,Double carriageway (median),Crossing,Asphalt roads,Dry,Daylight,Normal
12221,15:35:00,Thursday,Male, Church areas,Public (13?45 seats),other,Other,Asphalt roads,Dry,Daylight,Normal
12222,20:00:00,Friday,Male,Other,Special vehicle,Two-way (divided with broken lines road marking),Other,Asphalt roads,Dry,Daylight,Normal
12224,20:00:00,Friday,Male,School areas,Public (13?45 seats),other,Y Shape,Asphalt roads,Dry,Daylight,Normal
12226,17:46:00,Thursday,Male,Other,Lorry (41?100Q),other,Y Shape,Asphalt roads,Dry,Daylight,Normal
12227,17:46:00,Thursday,Male,Office areas,Lorry (41?100Q),Undivided Two way,Y Shape,Asphalt roads,Dry,Daylight,Normal
12228,14:20:00,Friday,Male,Other,Public (12 seats),Undivided Two way,No junction,Asphalt roads,Dry,Daylight,Normal
12229,12:15:00,Sunday,Male,Other,Lorry (41?100Q),Two-way (divided with broken lines road marking),Crossing,Asphalt roads,Dry,Daylight,Normal
12230,12:15:00,Sunday,Male,Office areas,Lorry (41?100Q),Undivided Two way,Y Shape,Asphalt roads,Dry,Daylight,Normal
12231,7:40:00,Tuesday,Male,Other,Public (12 seats),Double carriageway (median),Y Shape,Asphalt roads,Dry,Daylight,Normal
12232,16:10:00,Wednesday,Male, Church areas,Public (> 45 seats),other,Y Shape,Asphalt roads,Dry,Daylight,Normal
12233,8:35:00,Wednesday,Male,Office areas,Automobile,Two-way (divided with broken lines road marking),Y Shape,Asphalt roads,Dry,Daylight,Normal
12234,8:35:00,Wednesday,Male,Office areas,Pick up upto 10Q,Two-way (divided with broken lines road marking),Y Shape,Asphalt roads,Dry,Daylight,Normal
12235,8:40:00,Wednesday,Male,Other,Stationwagen,Undivided Two way,Y Shape,Asphalt roads,Dry,Daylight,Normal
12236,18:49:00,Tuesday,Male,Residential areas,Other,Undivided Two way,Y Shape,Asphalt roads,Dry,Daylight,Normal
12237,12:46:00,Friday,Male,Residential areas,Automobile,Undivided Two way,Y Shape,Asphalt roads,Dry,Daylight,Normal
12239,7:40:00,Wednesday,Male,Other,Stationwagen,other,Other,Asphalt roads,Dry,Daylight,Normal
12241,6:00:00,Sunday,Male,School areas,Lorry (41?100Q),Double carriageway (median),No junction,Asphalt roads,Dry,Daylight,Normal
12242,6:00:00,Sunday,Male,Other,Automobile,Two-way (divided with broken lines road marking),Unknown,Asphalt roads,Dry,Daylight,Normal
12244,18:02:00,Wednesday,Male, Church areas,Lorry (41?100Q),Two-way (divided with broken lines road marking),Y Shape,Asphalt roads,Dry,Daylight,Normal
12246,21:25:00,Thursday,Male,Other,Lorry (41?100Q),Two-way (divided with broken lines road marking),Y Shape,Asphalt roads,Dry,Daylight,Normal
12247,21:25:00,Thursday,Male,Residential areas,Pick up upto 10Q,Double carriageway (median),No junction,Asphalt roads,Dry,Daylight,Normal
12248,16:55:00,Friday,Female,Office areas,Pick up upto 10Q,Two-way (divided with broken lines road marking),Crossing,Asphalt roads,Dry,Daylight,Normal
12249,16:55:00,Friday,Female,Office areas,Automobile,Undivided Two way,Crossing,Asphalt roads,Dry,Daylight,Normal
12250,16:55:00,Friday,Male,Office areas,Other,Two-way (divided with broken lines road marking),Y Shape,Asphalt roads,Dry,Daylight,Normal
12252,16:55:00,Friday,Male,Office areas,Automobile,Two-way (divided with broken lines road marking),Unknown,Asphalt roads,Dry,Darkness - lights lit,Normal
12253,20:15:00,Monday,Male,Office areas,Motorcycle,Two-way (divided with broken lines road marking),Y Shape,Asphalt roads,Dry,Daylight,Normal
12254,20:15:00,Monday,Male,Office areas,Automobile,Two-way (divided with broken lines road marking),Y Shape,Asphalt roads,Dry,Daylight,Normal
12255,20:15:00,Monday,Male,Office areas,Automobile,Two-way (divided with broken lines road marking),No junction,Asphalt roads,Dry,Daylight,Normal
12256,15:30:00,Tuesday,Male,Other,Public (12 seats),Two-way (divided with broken lines road marking),Y Shape,Asphalt roads,Dry,Darkness - lights lit,Normal
12257,20:17:00,Thursday,Male,Residential areas,Long lorry,Double carriageway (median),Y Shape,Asphalt roads,Dry,Darkness - lights lit,Normal
12258,20:17:00,Thursday,Male, Church areas,Automobile,Undivided Two way,Y Shape,Asphalt roads,Dry,Daylight,Normal
12259,13:07:00,Sunday,Male,Other,Automobile,Two-way (divided with broken lines road marking),Y Shape,Asphalt roads,Dry,Daylight,Normal
12260,13:07:00,Sunday,Male,  Recreational areas,Public (> 45 seats),Two-way (divided with broken lines road marking),Y Shape,Asphalt roads,Dry,Daylight,Normal
12262,16:30:00,Tuesday,Male, Industrial areas,Lorry (41?100Q),Undivided Two way,Y Shape,Asphalt roads,Dry,Darkness - lights lit,Normal
12263,16:30:00,Tuesday,Male,Other,Automobile,Two-way (divided with broken lines road marking),Y Shape,Asphalt roads,Dry,Daylight,Normal
12264,15:18:00,Monday,Male,Other,Public (13?45 seats),other,Y Shape,Asphalt roads,Dry,Daylight,Normal
12265,17:40:00,Wednesday,Male, Church areas,Automobile,other,Y Shape,Asphalt roads,Dry,Daylight,Normal
12266,18:32:00,Tuesday,Male, Church areas,Public (> 45 seats),Undivided Two way,O Shape,Asphalt roads,Dry,Daylight,Normal
12267,18:32:00,Tuesday,Male,Other,Public (12 seats),Two-way (divided with broken lines road marking),O Shape,Asphalt roads,Dry,Daylight,Normal
12268,18:32:00,Tuesday,Male,Other,Automobile,One way,O Shape,Asphalt roads,Wet or damp,Daylight,Raining
12270,18:35:00,Saturday,Male,Other,Automobile,Undivided Two way,Y Shape,Asphalt roads,Wet or damp,Daylight,Raining
12271,18:35:00,Saturday,Male,Office areas,Pick up upto 10Q,Undivided Two way,Y Shape,Asphalt roads,Wet or damp,Daylight,Raining
12272,12:10:00,Friday,Male, Church areas,Public (12 seats),Two-way (divided with broken lines road marking),Y Shape,Asphalt roads,Dry,Daylight,Normal
12273,12:10:00,Friday,Male,Office areas,Automobile,Two-way (divided with broken lines road marking),Y Shape,Asphalt roads,Dry,Daylight,Normal
12274,15:08:00,Monday,Male,Office areas,Automobile,Undivided Two way,No junction,Asphalt roads,Dry,Daylight,Normal
12275,15:08:00,Monday,Male,Other,Automobile,Undivided Two way,No junction,Asphalt roads,Wet or damp,Daylight,Raining
12276,15:08:00,Monday,Male,Residential areas,Stationwagen,Two-way (divided with broken lines road marking),No junction,Asphalt roads,Wet or damp,Darkness - lights lit,Other
12277,15:08:00,Monday,Male,Office areas,Other,Two-way (divided with broken lines road marking),Y Shape,Asphalt roads,Wet or damp,Darkness - lights lit,Other
12278,8:54:00,Thursday,Male,Residential areas,Other,other,Y Shape,Asphalt roads,Dry,Daylight,Normal
12279,16:51:00,Wednesday,Male,Residential areas,Other,Two-way (divided with broken lines road marking),Y Shape,Asphalt roads,Dry,Daylight,Normal
12280,19:02:00,Saturday,Male,Other,Public (13?45 seats),Double carriageway (median),Y Shape,Asphalt roads,Wet or damp,Daylight,Raining
12281,19:02:00,Saturday,Male, Hospital areas,Lorry (41?100Q),One way,Y Shape,Asphalt roads,Wet or damp,Daylight,Raining
12282,8:10:00,Monday,Male,Other,Public (12 seats),Undivided Two way,Y Shape,Asphalt roads,Dry,Daylight,Normal
12283,8:10:00,Monday,Male,Other,Automobile,Undivided Two way,No junction,Asphalt roads,Dry,Daylight,Normal
12284,17:50:00,Saturday,Male,  Recreational areas,Automobile,One way,No junction,Asphalt roads,Dry,Daylight,Normal
12285,17:50:00,Saturday,Male,Other,Stationwagen,Undivided Two way,Y Shape,Asphalt roads,Dry,Daylight,Normal
12286,20:51:00,Tuesday,Male,Other,Lorry (41?100Q),Undivided Two way,Y Shape,Asphalt roads,Dry,Daylight,Normal
12287,14:00:00,Saturday,Male,Other,Lorry (41?100Q),Undivided Two way,O Shape,Asphalt roads,Dry,Daylight,Normal
12288,14:00:00,Saturday,Male,Office areas,Lorry (41?100Q),Two-way (divided with broken lines road marking),O Shape,Asphalt roads,Dry,Daylight,Normal
12289,14:43:00,Friday,Male,Other,Public (> 45 seats),Two-way (divided with broken lines road marking),Y Shape,Asphalt roads,Dry,Daylight,Normal
12290,16:26:00,Tuesday,Male,Residential areas,Public (12 seats),Two-way (divided with broken lines road marking),Y Shape,Asphalt roads,Dry,Daylight,Normal
12291,16:26:00,Tuesday,Male,Other,Other,Undivided Two way,No junction,Asphalt roads,Dry,Daylight,Normal
12292,13:54:00,Saturday,Male,Other,Public (12 seats),Undivided Two way,No junction,Asphalt roads,Dry,Daylight,Normal
12293,13:54:00,Saturday,Male, Church areas,Other,Undivided Two way,No junction,Asphalt roads,Dry,Daylight,Normal
12294,13:54:00,Saturday,Male,Office areas,Public (12 seats),Undivided Two way,No junction,Asphalt roads,Dry,Daylight,Normal
12295,15:31:00,Monday,Male,School areas,Stationwagen,other,Y Shape,Asphalt roads,Dry,Daylight,Normal
12296,15:31:00,Monday,Male,Other,Automobile,Undivided Two way,Y Shape,Asphalt roads,Wet or damp,Daylight,Raining
12297,12:30:00,Thursday,Male,Office areas,Lorry (41?100Q),Undivided Two way,Y Shape,Asphalt roads,Wet or damp,Daylight,Raining
12298,18:45:00,Wednesday,Male,Residential areas,Special vehicle,other,Y Shape,Gravel roads,Wet or damp,Daylight,Raining
12299,18:45:00,Wednesday,Male, Industrial areas,Lorry (41?100Q),One way,Y Shape,Asphalt roads,Wet or damp,Daylight,Raining
12300,19:12:00,Tuesday,Male,Other,Lorry (41?100Q),Undivided Two way,Y Shape,Asphalt roads,Dry,Daylight,Normal
12301,17:25:00,Friday,Male,Residential areas,Public (> 45 seats),Undivided Two way,Y Shape,Asphalt roads,Dry,Daylight,Unknown
12302,17:25:00,Friday,Male,  Recreational areas,Automobile,Two-way (divided with broken lines road marking),Y Shape,Asphalt roads,Wet or damp,Darkness - no lighting,Raining
12303,12:48:00,Friday,Male,Office areas,Automobile,other,Crossing,Asphalt roads,Dry,Daylight,Normal
12304,7:10:00,Friday,Male, Outside rural areas,Automobile,Two-way (divided with broken lines road marking),Other,Asphalt roads,Dry,Daylight,Normal
12305,7:10:00,Friday,Male, Outside rural areas,Public (> 45 seats),Two-way (divided with broken lines road marking),Other,Asphalt roads,Dry,Daylight,Normal
12306,17:10:00,Friday,Male, Outside rural areas,Lorry (11?40Q),Undivided Two way,Other,Asphalt roads,Dry,Daylight,Normal
12307,17:10:00,Friday,Male, Outside rural areas,Pick up upto 10Q,Undivided Two way,Other,Asphalt roads,Dry,Daylight,Normal
12308,17:10:00,Friday,Male, Outside rural areas,Lorry (11?40Q),other,No junction,Asphalt roads with some distress,Wet or damp,Darkness - lights lit,Normal
12309,9:05:00,Friday,Female,School areas,Pick up upto 10Q,other,No junction,Asphalt roads,Wet or damp,Darkness - lights lit,Normal
12310,9:05:00,Friday,Male, Outside rural areas,Special vehicle,Two-way (divided with broken lines road marking),No junction,Asphalt roads,Dry,Daylight,Normal
12311,16:15:00,Wednesday,Male, Outside rural areas,Lorry (11?40Q),Undivided Two way,No junction,Asphalt roads,Dry,Daylight,Normal
12312,18:00:00,Sunday,Male, Outside rural areas,Automobile,Two-way (divided with broken lines road marking),No junction,Asphalt roads,Dry,Daylight,Normal
12313,13:55:00,Sunday,Male, Outside rural areas,Bajaj,Two-way (divided with broken lines road marking),No junction,Asphalt roads,Dry,Daylight,Normal
12314,13:55:00,Sunday,Female,Office areas,Lorry (41?100Q),Undivided Two way,No junction,Asphalt roads,Dry,Darkness - lights lit,Normal
12315,13:55:00,Sunday,Male, Outside rural areas,Other,Undivided Two way,O Shape,Asphalt roads,Dry,Darkness - lights lit,Normal